,store_ID,store_name,store_brand,store_depth1,store_address,store_phone,store_photo,store_hours,store_closed,store_seats,store_parking,store_remark,erp_code,ttms
0,13661,무안한양에드가점,빽다방,전라남도,전라남도 무안군 삼향읍 남악4로 86 (한양에드가 오피스텔 1차) 1층 110호,061-980-5113,https://theborndb.theborn.co.kr/wp-content/uploads/20260428_044203.jpg,07:30 ~ 22:30,연중무휴,테이블 16개 / 좌석 32석,불가,,115069,
1,13659,진주하대점,빽다방,경상남도,경상남도 진주시 도동로 248 (하대동),055-920-8562,https://theborndb.theborn.co.kr/wp-content/uploads/20260428_044022.jpg,08:00 ~ 21:00,연중무휴,테이블 13개 / 좌석 26석,불가,,,
2,13657,전주여의점,빽다방,전라북도,"전북 전주시 덕진구 온고을로 502, 1층",070-8680-3499,https://theborndb.theborn.co.kr/wp-content/uploads/20260428_043840.jpg,06:30 - 20:00,연중무휴,테이블 22 / 좌석 44석,가능,,115063,
3,13655,대전가양네거리점,빽다방,대전광역시,대전 동구 가양동 412-8 1층,,https://theborndb.theborn.co.kr/wp-content/uploads/20260428_043613.jpg,"평일 07:30 ~ 21:00
주말 08:00 ~ 21:00",연중무휴,테이블 13개 / 좌석 26석,가능,,115064,
4,13653,시흥정왕시장점,빽다방,경기도,경기 시흥시 정왕동 1191-8 1층,031-503-3928,https://theborndb.theborn.co.kr/wp-content/uploads/20260428_043401.jpg,08:00 ~ 22:00,연중무휴,테이블 5개 / 좌석 10석,불가,,115052,
5,13651,대전선화하늘채점,빽다방,대전광역시,"대전광역시 중구 대종로594번길 52 (선화동, 하늘채스카이앤2차) 119호",070-5100-1119,https://theborndb.theborn.co.kr/wp-content/uploads/20260428_043143.jpg,08:00 ~ 21:30,연중무휴,테이블 5개 / 좌석 10석,가능,,115044,
6,13649,워싱데이오산양산점,빽다방,경기도,경기 오산시 양산로 365 (양산동) 1층,031-377-3657,https://theborndb.theborn.co.kr/wp-content/uploads/20260428_042921.jpg,07:30 - 20:00,연중무휴,테이블 6개 / 좌석 11석,가,,114984,
7,13647,광릉수목원점,빽다방,경기도,경기 포천시 소흘읍 광릉수목원로 698 (직동리) 1층,031-544-8481,https://theborndb.theborn.co.kr/wp-content/uploads/20260428_035432.jpg,"평일 09:00 ~ 20:00
주말 09:00 ~ 21:00",연중무휴,테이블 30개 / 좌석 70석,가능,,115128,
8,13644,세종봉안교차로점,빽다방,세종특별자치시,세종특별자치시 장군면 월현윗길 3 (봉안리) 1층,044-903-8709,https://theborndb.theborn.co.kr/wp-content/uploads/20260421_073107.jpg,"평일 07:30 ~ 22:00
주말 09:00 ~ 22:00",연중무휴,테이블 21개 / 좌석 42석,매장 뒤 주차가능,,115092,
9,13634,세종나성BRT점,빽다방,세종특별자치시,"세종특별자치시 나성동 746 1층, 에스제이타워 113호",070-5100-1101,https://theborndb.theborn.co.kr/wp-content/uploads/20260402_012029.jpg,"평일 07:00 ~ 20:30
주말 08:00 ~ 20:30",연중무휴,테이블 11개 / 좌석 22석,가능,,115009,
10,13624,제주애월구엄포구점(미니버전),빽다방,제주도,"제주특별자치도 제주시 애월읍 구엄리 606 , 1층 빽다방",070-4300-0443,https://theborndb.theborn.co.kr/wp-content/uploads/20260323_014639.jpg,08:00 ~ 20:00,연중무휴,T/O 전용,불가,,115049,
11,13605,오산공군기지점,빽다방,경기도,경기 평택시 신장동 229-17 2층,031-669-1515,https://theborndb.theborn.co.kr/wp-content/uploads/20260309_052252.jpg,"평일 08:30 ~ 20:30
주말 10:00 ~ 18:00",연중무휴,테이블 14개 / 좌석 28석,가능,,115021,
12,13603,광명초교점,빽다방,경기도,경기도 광명시 광명로928번길 16,02-6958-7991,https://theborndb.theborn.co.kr/wp-content/uploads/20260309_051925.jpg,07:30 ~ 22:00,연중무휴,테이블 19개 / 좌석 38석,불가,,114993,
13,13599,완주혁신점,빽다방,전라북도,"전북특별자치도 완주군 이서면 기지로 47, 103호",063-904-3330,https://theborndb.theborn.co.kr/wp-content/uploads/20260309_050627.png,"평일 08:00 ~ 21:00
주말 및 공휴일 09:00 ~ 21:00",연중무휴,테이블 7개 / 좌석 14석,불가,,115015,
14,13597,자양역점,빽다방,서울특별시,"서울 광진구 뚝섬로34길 67 (자양동, 광진트라팰리스) 1층",02-6954-0059,https://theborndb.theborn.co.kr/wp-content/uploads/20260309_043901.jpg,08:00 ~ 22:00,연중무휴,테이블 8개 / 좌석 16석,불가,,115011,
15,13576,종로꽃시장점,빽다방,서울특별시,서울 종로구 종로 255 (종로5가) 1층,070-4333-1040,https://theborndb.theborn.co.kr/wp-content/uploads/20260213_105824.jpg,"월-토요일 08:00 ~ 21:00
일요일 09:00 ~ 21:00",연중무휴,테이블 2개 / 좌석 4석,불가,,11501,
16,13573,목포활어회플라자점,빽다방,전라남도,"전남 목포시 고하대로 641-21 (산정동, 목포 활어회 플라자) 판매동 138호",061-274-2233,https://theborndb.theborn.co.kr/wp-content/uploads/20260213_105604.jpg,09:00 ~ 21:00,연중무휴,테이블 2개 / 좌석 4석,상가 내 주차장 이용,,115019,
17,13562,공주동학사점,빽다방,충청남도,충청남도 공주시 반포면 동학사1로 272,070-8838-0464,https://theborndb.theborn.co.kr/wp-content/uploads/20260202_021958.jpg,10:00 ~ 17:00,연중무휴,테이크아웃 매장,불가,,114996,
18,13560,부산일광신도시점,빽다방,부산광역시,부산광역시 기장군 일광읍 해빛6로 43-25,051-723-0714,https://theborndb.theborn.co.kr/wp-content/uploads/20260202_021649.jpg,08:00 ~ 22:00,연중무휴,테이블 9개 / 좌석 18석,가능,,114979,
19,13558,부천소사본점,빽다방,경기도,"경기 부천시 소사구 소사본동 82-4, 1층",070-4820-2589,https://theborndb.theborn.co.kr/wp-content/uploads/20260202_020250.jpg,"월-토요일 08:00 ~ 21:30
일요일 09:00 ~ 21:30",연중무휴,테이블 15개 / 좌석 30석,가능,,114974,
20,13544,빽다방 빵연구소 대구서재점,빽다방,대구광역시,"대구 달성군 다사읍 서재리 781 1층,2층",053-587-1608,https://theborndb.theborn.co.kr/wp-content/uploads/20260120_012617.jpg,08:00 ~ 21:00,연중무휴,테이블  80~100 / 좌석 200석,60~70대 주차 가능,,114926,
21,13541,길음뉴타운점,빽다방,서울특별시,"서울 성북구 길음로 33 (길음동, 길음뉴타운) 길음뉴타운제비동 제지하2층 9호",,https://theborndb.theborn.co.kr/wp-content/uploads/20260120_011306.jpg,08:00 ~ 21:30,연중무휴,테이블 15개 / 좌석 30석,가능,,114959,
22,13539,원주무극부대점,빽다방,강원도,강원특별자치도 원주시 가현동 5 (군부대內),,https://theborndb.theborn.co.kr/wp-content/uploads/20260120_010957.jpg,09:00 ~ 20:00,연중무휴,테이블 3개 / 좌석 15~20석,불가,,115002,
23,13529,청주복대대농점,빽다방,충청북도,충청북도 청주시 흥덕구 대농로 68(복대동),043-234-5509,https://theborndb.theborn.co.kr/wp-content/uploads/20260112_065706.jpg,08:00 ~ 20:00,연중무휴,테이블 14개 / 좌석 28석,불가,,114968,
24,13527,청계산입구역점,빽다방,서울특별시,"서울시 서초구 청계산로 217, 1층",,https://theborndb.theborn.co.kr/wp-content/uploads/20260112_064950.jpg,"평일 07:30 ~ 20:00
주말 08:00 ~ 21:00",연중무휴,테이블  15개 / 좌석 30석,불가,,114936,
25,13525,안산원곡군자점,빽다방,경기도,"경기 안산시 단원구 화랑로 32 (원곡동, 군자상사) 1층",070-4060-0701,https://theborndb.theborn.co.kr/wp-content/uploads/20260112_064543.jpg,09:30 ~ 21:30,연중무휴,테이블  12개 / 좌석 24석,불가,,114965,
26,13523,천안두정대우점,빽다방,충청남도,충남 천안시 서북구 두정로 244,041-565-7338,https://theborndb.theborn.co.kr/wp-content/uploads/20260109_012628.jpg,08:00 ~ 22:00,연중무휴,테이블 5개 / 좌석 10석,불가,,114980,
27,13462,김제신풍점,빽다방,전라북도,전북특별자치도 김제시 금성로 96 (신풍동),063-545-8259,https://theborndb.theborn.co.kr/wp-content/uploads/20260102_055736.jpg,08:00 ~ 20:00,연중무휴,테이블 11개 / 좌석 22,불가,,114967,
28,13460,전주아중견훤로점,빽다방,전라북도,전주시 덕진구 견훤로 233 (인후동1가) 1층,063-247-2050,https://theborndb.theborn.co.kr/wp-content/uploads/20260102_055512.jpg,08:00 ~ 21:00,연중무휴,테이블 8개 / 좌석 16석,불가,,114947,
29,13458,부산자갈치시장점,빽다방,부산광역시,"부산 중구 자갈치로 33 (남포동6가, 신천지) 1층",,https://theborndb.theborn.co.kr/wp-content/uploads/20260102_050929.jpg,"평일 08:00 ~ 19:00
주말 09:00 ~ 19:00",연중무휴,테이크아웃 전용,불가,,114955,
30,13456,인천가좌가림고점,빽다방,인천광역시,"인천 서구 원적로 63, 111호",0507-1346-3702,https://theborndb.theborn.co.kr/wp-content/uploads/20260102_025928.png,"평일 08:00 ~ 21:30
주말 09:00 ~ 21:30",연중무휴,테이블 7개 / 좌석 14석,가능,,114466,
31,13451,용인고림내안애점,빽다방,경기도,"경기 용인시 처인구 경안천로 120, 1층",031-336-1854,https://theborndb.theborn.co.kr/wp-content/uploads/20251224_024859.jpg,"평일 08:00 ~ 21:00
주말 09:00 ~ 21:00",연중무휴,테이블 8개 / 좌석 16석,가능,,114962,
32,13449,안양비산래미안점,빽다방,경기도,"경기 안양시 동안구 관악대로 133, 1층",031-442-1343,https://theborndb.theborn.co.kr/wp-content/uploads/20251224_024629.jpg,08:30 ~ 21:00,연중무휴,테이블 5개 / 좌석 10석,가능,,114963,
33,13447,구리인창삼거리점,빽다방,경기도,경기 구리시 동구릉로53번길 4 (인창동) 1층,031-566-2645,https://theborndb.theborn.co.kr/wp-content/uploads/20251224_024139.jpg,"평일 08:00 ~ 21:00
주말 09:00 ~ 21:00",연중무휴,테이블 11개 / 좌석 22석,불,,114935,
34,13443,영천망정점,빽다방,경상북도,경상북도 영천시 창신1길 42,054-333-8566,https://theborndb.theborn.co.kr/wp-content/uploads/20251222_043958.jpg,08:00 ~ 22:00,연중무휴,테이블  11개 / 좌석 22석,가능,,114939,
35,13441,대구동촌역점,빽다방,대구광역시,대구 동구 동촌로16길 16 (검사동) 1층,053-982-1124,https://theborndb.theborn.co.kr/wp-content/uploads/20251222_043757.jpg,"평일 08:00 - 22:00
주말 09:00 - 22:00",연중무휴,테이블 10개 / 좌석 20석,불가,,114958,
36,13439,염창역달빛거리점,빽다방,서울특별시,서울특별시 양천구 공항대로 618,02-2646-1163,https://theborndb.theborn.co.kr/wp-content/uploads/20251222_043426.jpg,"평일 08:00 ~ 20:00
주말 09:00 ~ 19:00",연중무휴,테이블 2개 / 좌석 4석,불가,,114922,
37,13432,속초터미널점,빽다방,강원도,"강원도 속초시 조양동 1419-5, 1층",070-5100-5180,https://theborndb.theborn.co.kr/wp-content/uploads/20251208_020300.jpg,08:00 ~ 22:00,연중무휴,테이블 19 / 좌석 38석,불가,,114912,
38,13429,천안용곡세광점,빽다방,충청남도,충청남도 천안시 동남구 풍세로 769-28,041-577-0410,https://theborndb.theborn.co.kr/wp-content/uploads/20251208_020009.jpg,08:00 ~ 22:00,연중무휴,테이블 11개 / 좌석 22석,불가,,114953,
39,13420,완주삼례터미널점,빽다방,전라북도,"전북 완주군 삼례읍 동학로 28, 1층 빽다방",063-291-8119,https://theborndb.theborn.co.kr/wp-content/uploads/20251124_022655.jpg,07:00 ~ 20:30,연중무휴,테이블  29개 / 좌석 58석,가능,,114909,
40,13416,전북순창점,빽다방,전라북도,전북특별자치도 순창군 순창읍 순창로 225,063-653-6003,https://theborndb.theborn.co.kr/wp-content/uploads/20251124_022112.jpg,08:00 ~ 21:00,연중무휴,테이블 18개 / 좌석 36석,불가,,114916,
41,13404,인제원통점,빽다방,강원도,"강원도 인제군 북면 원통리 656-41, 1층",,https://theborndb.theborn.co.kr/wp-content/uploads/20251110_015026.jpg,08:00 ~ 21:00,연중무휴,테이블 12개 / 좌석 24석,불가,,114906,
42,13398,인천국세청점,빽다방,인천광역시,인천광역시 남동구 남동대로765번길 25,070-7802-2085,https://theborndb.theborn.co.kr/wp-content/uploads/20251031_072534.jpg,08:00 ~ 22:00,연중무휴,테이블 11개 / 좌석 22석,불가,,114895,
43,13393,대전목양마을점,빽다방,대전광역시,대전광역시 중구 목동 88-6,042-252-8204,https://theborndb.theborn.co.kr/wp-content/uploads/20251028_034851.jpg,08:00 ~ 22:00,연중무휴,테이블 11개 / 좌석 22석,불가,,114831,
44,13391,이수역13번출구점,빽다방,서울특별시,"서울 동작구 사당동 132-10, 1층",070-4060-0042,https://theborndb.theborn.co.kr/wp-content/uploads/20251021_074623.jpg,07:00 ~ 22:00,연중무휴,없음,불가,,114861,
45,13389,인천계양위너스카이점,빽다방,인천광역시,인천 계양구 효성동 325-2 D동 107호,070-5055-5054,https://theborndb.theborn.co.kr/wp-content/uploads/20251021_074340.jpg,"평일 07:30 ~ 21:00
주말 09:00 ~ 21:00",무료,테이블 5개 / 좌석10석,가능,,114828,
46,13380,신논현역점,빽다방,서울특별시,서울 서초구 반포동 738-47,070-5057-3910,https://theborndb.theborn.co.kr/wp-content/uploads/20251014_013003.png,"평일 07:30 ~ 21:00
토요일 07:30 ~ 20:00
일요일 07:30 ~ 16:00",연중무휴,테이블 20개 / 좌석 40석,불가,,114894,
47,13374,대구시지점,빽다방,대구광역시,대구광역시 수성구 달구벌대로 3205 (신매동),053-794-2223,https://theborndb.theborn.co.kr/wp-content/uploads/20251013_010307.png,08:00 ~ 22:00,연중무휴,테이블 14개 / 좌석 28석,불가,,114878,
48,13366,부천중동점,빽다방,경기도,"경기도 부천시 부흥로 315번길 62, 1층",032-710-7998,https://theborndb.theborn.co.kr/wp-content/uploads/20250930_012337.jpg,"평일 08:00 ~ 22:00
주말 09:00 ~ 22:00",연중무휴,테이블 16개 / 좌석 32석,가능,,114839,
49,13364,철산자이더헤리티지점,빽다방,경기도,경기 광명시 철산동 235 1층,070-5055-0808,https://theborndb.theborn.co.kr/wp-content/uploads/20250930_012049.jpg,08:00 ~ 21:30,연중무휴,테이블 7개 / 좌석 14석,불가,,114871,
50,13362,정읍호남고점,빽다방,전라북도,전북특별자치도 정읍시 초산로 5 (시기동),063-700-8588,https://theborndb.theborn.co.kr/wp-content/uploads/20250930_011148.jpg,08:00 ~ 21:30,연중무휴,테이블 7개 / 좌석 14석,불가,,114834,
51,13359,인천용현시장북문점,빽다방,인천광역시,인천 미추홀구 독정이로 24-1,,https://theborndb.theborn.co.kr/wp-content/uploads/20250930_010952.jpg,08:00 ~ 21:00,연중무휴,없음,불가,,114874,
52,13355,대전하기동점,빽다방,대전광역시,대전광역시 유성구 송림로 44,042-825-0819,https://theborndb.theborn.co.kr/wp-content/uploads/20250930_005117.jpg,08:00 ~ 21:00,연중무휴,테이블 3개 / 좌석 6석,불가,,114857,
53,13348,광교센트럴점,빽다방,경기도,"경기 수원시 영통구 이의동 1322-8, 1층",,https://theborndb.theborn.co.kr/wp-content/uploads/20250918_085443.jpg,07:30 ~ 21:30,연중무휴,"테이블 17, 바테이블1 / 죄석 34석, 바의자 4석",불가,,114876,
54,13333,산본흥진점,빽다방,경기도,"경기 군포시 오금로 15-30, 1층",031-395-1343,https://theborndb.theborn.co.kr/wp-content/uploads/20250908_021543.jpg,"평일 07:50 ~ 21:00
주말 08:30 ~ 21:00",연중무휴,테이블 2개 / 좌석 4석,가능,,114825,
55,13331,김제시청점,빽다방,전라북도,전북특별자치도 김제시 중앙로 57 (서암동),070-8648-3033,https://theborndb.theborn.co.kr/wp-content/uploads/20250908_020340.jpg,"평일 07:00 ~ 21:00
주말 08:00 ~ 21:00",연중무휴,테이블 5개 / 좌석 10석,불가,,114745,
56,13329,이태원점,빽다방,서울특별시,서울 용산구 이태원로20길 2-12 (이태원동) 1층,02-797-4208,https://theborndb.theborn.co.kr/wp-content/uploads/20250908_012631.jpg,"일-목요일 08:00 ~ 22:00
금-토요일 08:00 ~ 22:30",연중무휴,테이블 5개 / 좌석 10석,불가,,114827,
57,13323,장위자이레디언트점,빽다방,서울특별시,"서울특별시 성북구 돌곶이로30길 24, 상가동 107호 좌측",02-942-1007,https://theborndb.theborn.co.kr/wp-content/uploads/20250822_092703.jpg,08:00 ~ 22:00(라스트 오더 21:30),연중무휴,테이블 4개/ 좌석 8석,가능,,114809,
58,13314,천안두정오성점,빽다방,충청남도,충남 천안시 서북구 오성로 1,041-562-7338,https://theborndb.theborn.co.kr/wp-content/uploads/20250818_044805.jpg,08:00 ~ 22:00,연중무휴,테이블 4개 / 좌석 9석,가능,,114824,
59,13298,포항연일점,빽다방,경상북도,경북 포항시 남구 연일읍 동문로76번길 10-6 105호,054-610-1070,https://theborndb.theborn.co.kr/wp-content/uploads/20250811_011650.jpg,"평일 07:30 ~ 19:30
주말 08:00 ~ 20:00",연중무휴,테이블 5개  / 좌석 11,가능,,114797,
60,13249,목포연산점,빽다방,전라남도,전라남도 목포시 연산로 163,070-7378-1451,https://theborndb.theborn.co.kr/wp-content/uploads/20250804_011113.jpg,"평일 07:30 ~ 21:00
주말 09:00 ~ 21:00",연중무휴,테이블 5개 / 좌석 10석,불가,,114787,
61,13245,기흥테라타워점,빽다방,경기도,"경기도 용인시 기흥구 서천로201번길 11 (지하1층 C-L143,144호)",031-203-3599,https://theborndb.theborn.co.kr/wp-content/uploads/20250725_015752.jpg,"월-목요일 07:00 ~ 18:00
금요일 07:00 ~ 17:00",주말,테이블 24개 / 좌석 48석,가능(무료),,114808,
62,13229,충북음성점,빽다방,충청북도,충북 음성군 음성읍 수정로 55 (읍내리) 1층,070-7604-2456,https://theborndb.theborn.co.kr/wp-content/uploads/20250707_095442.jpg,08:00 ~ 21:30,연중무휴,테이블 17개 / 좌석 34석,매장 옆 공영주차장 무료 이용 가능,,114785,
63,13223,김천신음점,빽다방,경상북도,경북 김천시 시청로 57,054-810-7776,https://theborndb.theborn.co.kr/wp-content/uploads/20250703_084007.jpg,08:00 ~ 22:00,연중무휴,테이블 2개 / 좌석 4석,가능,,114727,
64,13220,평택고덕유보라점,빽다방,경기도,"경기도 평택시 고덕국제2로 45, 131호",070-4324-1095,https://theborndb.theborn.co.kr/wp-content/uploads/20250703_083400.jpg,07:00 ~ 22:00 (라스트오더 21:30),연중무휴,테이블 5개 / 좌석 10석,가능,,114943,
65,13205,대전둔산더샵엘리프점,빽다방,대전광역시,대전 서구 탄방로 112 102호,070-4175-0030,https://theborndb.theborn.co.kr/wp-content/uploads/20250918_090709.jpg,"평일 07:30 ~ 22:00
주말 08:00 ~ 22:00",연중무휴,테이블 10개 / 좌석 20석,불가,,114853,
66,13203,남양주마석중흥점,빽다방,경기도,경기도 남양주시 화도읍 맷돌로 117,031-592-0328,https://theborndb.theborn.co.kr/wp-content/uploads/20250627_034622.jpg,"평일 07:30 ~ 22:00
주말 08:30 ~ 22:00",연중무휴,테이블 4개 / 좌석 8석,불가,,114731,
67,13201,대구이천푸르지오점,빽다방,대구광역시,대구 남구 이천동 474-1 상가동,,https://theborndb.theborn.co.kr/wp-content/uploads/20250627_034311.jpg,"평일 08:00 ~ 22:00
토요일 10:00 ~ 22:00
일요일 10:00 ~ 21:00",연중무휴,테이블 16개 / 좌석 32석,불가,,114397,
68,13185,대전관저마치광장점,빽다방,대전광역시,대전 서구 구봉로 133 에스프라자,070-4351-1513,https://theborndb.theborn.co.kr/wp-content/uploads/20250616_062506.jpg,08:30 ~ 22:00,연중무휴,테이블 30개 / 좌석 64석,가능,,114717,
69,13179,안양덕천점,빽다방,경기도,경기 안양시 만안구 안양동 192-20,031-466-1989,https://theborndb.theborn.co.kr/wp-content/uploads/20250612_050011.jpg,"평일 07:00 ~ 19:00
토요일 09:00 ~ 17:00",매주 일요일,없음,불가,,114703,
70,13177,대전선화해모로점,빽다방,서울특별시,대전 중구 선화동 193-26,070-7510-1004,https://theborndb.theborn.co.kr/wp-content/uploads/20250612_045725.jpg,"평일 08:00 ~ 21:00
주말 09:00 ~ 21:00",연중무휴,테이블 13개 / 좌석 26석,건물 내 주차장 이용,,114702,
71,13156,빽다방 빵연구소 오산가장점,빽다방,경기도,"경기도 오산시 가장산업동로66, 지하 1층 및 1층(가장동)",070-5055-2299,https://theborndb.theborn.co.kr/wp-content/uploads/20250605_073319.jpg,08:00 ~ 19:00,연중무휴,테이블 46개 / 좌석 100석,가능,,114679,
72,13146,장위전통시장점,빽다방,서울특별시,서울 성북구 장위동 66-320,,https://theborndb.theborn.co.kr/wp-content/uploads/20250602_054345.jpg,08:00 ~ 22:00,연중무휴,"테이블 20개, 바테이블 1 / 죄석 40석, 바의자 4석",불가,,114860,
73,13141,군산경장철길숲점,빽다방,전라북도,전북특별자치도 군산시 미장길 29,070-5227-2275,https://theborndb.theborn.co.kr/wp-content/uploads/20250530_050345.jpg,"평일 08:00 ~ 21:00
주말 10:00 ~ 21:00",연중무휴,테이블 13개 / 좌석 26석,불가,,114684,
74,13137,안양관양시장점,빽다방,경기도,경기 안양시 동안구 관양동 1420-41 1층,031-425-7999,https://theborndb.theborn.co.kr/wp-content/uploads/20250528_060109.jpg,08:00 ~ 22:00,연중무휴,테이블 12개 / 좌석 24석,불가,,114647,
75,13135,아산세교초교점,빽다방,충청남도,충남 아산시 배방읍 세교중앙로 32,,https://theborndb.theborn.co.kr/wp-content/uploads/20250528_055759.jpg,"평일 08:00 ~ 20:00
주말 09:00 ~ 21:30
공휴일 09:00 ~ 20:00",연중무휴,"테이블 4개, 바테이블 1개 / 좌석 9개, 바의자 2개",건물 주차장 이용 가능,,114723,
76,13130,의정부KT사거리점,빽다방,경기도,경기 의정부시 신흥로 193,031-928-7137,https://theborndb.theborn.co.kr/wp-content/uploads/20250526_065743.jpg,"평일 08:00 ~ 22:00
주말 10:00 ~ 22:00",연중무휴,테이블 20개 / 좌석 42석,불가,,114713,
77,13126,대전월평선사점,빽다방,인천광역시,대전광역시 서구 청사로120,042-335-4423,https://theborndb.theborn.co.kr/wp-content/uploads/20250522_091318.png,08:00 ~ 22:00,연중무휴,테이블 8개 / 좌석 16석,가능,,114693,
78,13124,부산사상역점,빽다방,부산광역시,"부산광역시 사상구 광장로56번길 5, 1층",051-909-2280,https://theborndb.theborn.co.kr/wp-content/uploads/20250522_091033.jpg,"평일 07:30 ~ 21:30
주말 08:30 ~ 21:30",연중무휴,테이블 12개 / 좌석 28석,가능,,114735,
79,13122,신내우남점,빽다방,서울특별시,"서울시 중랑구 봉화산로 56길 51, 우남푸르미아 상가 1층",02-3422-0404,https://theborndb.theborn.co.kr/wp-content/uploads/20250522_090730.jpg,08:00 ~ 22:00,연중무휴,테이블 11개  / 좌석 24석,불가,,114630,
80,13120,전주효문중점,빽다방,전라북도,전북특별자치도 전주시 완산구 용리로 86 (삼천동1가),070-5030-1030,https://theborndb.theborn.co.kr/wp-content/uploads/20250522_090507.jpg,"평일 08:00 ~ 22:00
주말 09:00 ~ 22:00",연중무휴,테이블 11개 / 좌석 22석,불가,,114690,
81,13056,시흥메가폴리스점,빽다방,경기도,경기도 시흥시 협력로 281,010-7979-2623,https://theborndb.theborn.co.kr/wp-content/uploads/20250522_053927.png,07:00 ~ 20:00,연중무휴,테이블 17개 / 좌석 34석,불가,,114660,
82,13052,안산성포예술인점,빽다방,경기도,경기 안산시 상록구 성포동 583-5,070-5001-1505,https://theborndb.theborn.co.kr/wp-content/uploads/20250522_054917.png,08:00 ~ 21:30,연중무휴,테이블 6개 / 좌석 12석,불가,,114686,
83,13048,청주비하월드점,빽다방,충청북도,충청북도 청주시 흥덕구 가로수로 1099 (비하동),,https://theborndb.theborn.co.kr/wp-content/uploads/20250513_091122.png,09:00 ~ 18:00,연중무휴,없음,가능,,114583,
84,13046,익산하나로사거리점,빽다방,전라북도,전북특별자치도 익산시 하나로 434 (어양동),070-8666-4770,https://theborndb.theborn.co.kr/wp-content/uploads/20250522_051104.png,"평일 07:00 ~ 22:00
주말 08:00 ~ 22:00",연중무휴,테이블 8개 / 좌석 16석,가능,,114670,
85,13044,동탄역디에트르더마당점,빽다방,경기도,경기도 화성시 동탄오산로 29 (오산동),031-374-9575,https://theborndb.theborn.co.kr/wp-content/uploads/20250522_062133.png,"화-금요일 08:00 ~ 18:00
주말 09:00 ~ 18:00",매주 월요일,테이블 4개 / 좌석 8석,가능,,114587,
86,13042,김해외동점,빽다방,경상남도,경상남도 김해시 내외중앙로 47 (외동),,https://theborndb.theborn.co.kr/wp-content/uploads/20250522_042542.png,"평일 08:00 ~ 22:00
주말 09:00 ~ 22:00",연중무휴,테이블 8개 / 좌석 16석,불가,,114662,
87,13040,가평읍내사거리점,빽다방,경기도,경기도 가평군 가평읍 가화로 132,070-5222-0222,https://theborndb.theborn.co.kr/wp-content/uploads/20250522_080523.png,08:00 ~ 21:00,연중무휴,테이블 14개 / 좌석 28석,불가,,114659,
88,13031,인천올리브백화점점,빽다방,인천광역시,인천광역시 남동구 남동대로 880 (간석동) 110호,070-8211-1775,https://theborndb.theborn.co.kr/wp-content/uploads/20250522_073915.png,"평일 08:30 ~ 21:00
주말 09:00 ~ 21:00",연중무휴,테이블 3개 / 좌석 6석,가능,,114680,
89,13029,안성중앙대점,빽다방,경기도,경기도 안성시 대덕면 대학10길 21,010-7433-8624,https://theborndb.theborn.co.kr/wp-content/uploads/20250522_072950.png,11:30 ~ 18:00,연중무휴,테이블 15개 / 좌석 30석,불가,,114635,
90,13027,신장사거리점,빽다방,경기도,경기도 하남시 신장로 111 (신장동),070-7525-0999,https://theborndb.theborn.co.kr/wp-content/uploads/20250507_083942.png,"평일 07:30 ~ 21:40
토요일 07:30 ~ 22:00
일요일 07:30 ~ 22:30",연중무휴,테이블 4개 / 좌석 8석,가능,,114669,
91,13024,여수학동점,빽다방,전라남도,전라남도 여수시 시청동5길 14 (학동),061- 682-8979,https://theborndb.theborn.co.kr/wp-content/uploads/20250522_080250.png,"평일 09:00 ~ 01:00
토요일 09:00 ~ 02:00
일요일 09:00 ~ 01:00",연중무휴,테이블 24개 / 좌석 48석,불가,,114712,
92,13021,영광터미널농협점,빽다방,전라남도,전라남도 영광군 영광읍 신남로 177,070-7575-0080,https://theborndb.theborn.co.kr/wp-content/uploads/20250522_075656.png,08:30 ~ 21:30,연중무휴,테이블 19개 / 좌석 38석,가능,,114661,
93,13015,포항법원점,빽다방,경상북도,경상북도 포항시 북구 법원로 175 (양덕동),054-244-0587,https://theborndb.theborn.co.kr/wp-content/uploads/20250522_084653.png,08:00 ~ 24:00,연중무휴,테이블 17개 / 좌석 34석,불가,,114682,
94,13013,공주중동점,빽다방,충청남도,충청남도 공주시 무령로 219-1 (산성동),041-881-6788,https://theborndb.theborn.co.kr/wp-content/uploads/20250522_070820.png,"평일 07:30 ~ 21:00
주말 08:00 ~ 21:00",연중무휴,테이블 14개 / 좌석 28석,불가,,114618,
95,13009,대전지족역사점,빽다방,대전광역시,대전광역시 유성구 노은로 273 (지족동),042-825-6898,https://theborndb.theborn.co.kr/wp-content/uploads/20250430_083710.png,"평일 07:30 ~ 19:00
주말 09:00 ~ 17:00",연중무휴,없음,불가,,114584,
96,13007,순천시청점,빽다방,전라남도,전라남도 순천시 장명로 15 (장천동),070-4012-3012,https://theborndb.theborn.co.kr/wp-content/uploads/20250522_080012.png,"평일 07:30 ~ 20:00
주말 09:00 ~ 20:00",연중무휴,테이블 14개 / 좌석 36석,불가,,114620,
97,13005,강일2지구점,빽다방,서울특별시,서울특별시 강동구 아리수로93나길 38 (강일동),02-481-0077,https://theborndb.theborn.co.kr/wp-content/uploads/20250522_041827.png,07:00 ~ 21:00,연중무휴,테이블 20개 / 좌석 40석,가능(1시간 무료),,114718,
98,12999,전주송천중앙점,빽다방,전라북도,전북특별자치도 전주시 덕진구 송천중앙로 154 (송천동1가),,https://theborndb.theborn.co.kr/wp-content/uploads/20250522_064710.png,08:00 ~ 21:00,연중무휴,테이블 8개 / 좌석 16석,가능,,114671,
99,12994,정릉역점,빽다방,서울특별시,서울 성북구 정릉로26길 61 1층,070-8680-9533,https://theborndb.theborn.co.kr/wp-content/uploads/20250522_070653.png,08:00 ~ 21:00,연중무휴,테이블 4개 / 좌석 8석,불가,,114663,
100,12992,광명전통시장남부점,빽다방,경기도,경기도 광명시 오리로 963-1 (광명동),02-2066-3442,https://theborndb.theborn.co.kr/wp-content/uploads/20250425_071757.png,08:00 ~ 20:00,연중무휴,테이블 9개 / 좌석 18석,불가,,114639,
101,12990,익산역서부점,빽다방,전라북도,전북특별자치도 익산시 군익로 520-16 (송학동),031-443-2119,https://theborndb.theborn.co.kr/wp-content/uploads/20250522_050829.png,"평일 07:00 ~ 21:00
주말 08:00 ~ 21:00",연중무휴,테이블 8개 / 좌석 20석,불가,,114677,
102,12986,인천신검단풍경채1차점,빽다방,인천광역시,"인천광역시 서구 금정로 12 (불로동, 신검단중앙역풍경채어바니티)",070-4333-0077,https://theborndb.theborn.co.kr/wp-content/uploads/20250529_085628.png,07:00 ~ 21:00,연중무휴,테이블 4개 / 좌석 8석,가능,,114638,
103,12980,대구서문시장점,빽다방,대구광역시,대구광역시 중구 큰장로 126 (대신동),053-421-3337,https://theborndb.theborn.co.kr/wp-content/uploads/20250522_073612.png,09:00 ~ 18:30,연중무휴,없음,불가,,114603,
104,12978,안산선부한양점,빽다방,경기도,경기도 안산시 단원구 달미로 67 (선부동),010-8350-2615,https://theborndb.theborn.co.kr/wp-content/uploads/20250418_085459.png,"평일 07:00 ~ 22:00
주말 08:00  ~ 22:00",연중무휴,테이블 5개 / 좌석 10석,불가,,114645,
105,12976,대전천동리더스시티점,빽다방,대구광역시,"대전광역시 동구 안샘로 11 (천동, 리더스시티4BL)",042-710-8316,https://theborndb.theborn.co.kr/wp-content/uploads/20250418_085204.png,08:30 ~ 21:30,연중무휴,테이블 3개 / 좌석 6석,가능,,114885,
106,12973,종로새문안점,빽다방,서울특별시,서울특별시 종로구 새문안로83,02-738-1777,https://theborndb.theborn.co.kr/wp-content/uploads/20250418_084727.png,"평일 07:00 ~ 19:00
주말 08:00 ~ 19:00",연중무휴,없음,불가,,114673,
107,12971,까치산역점,빽다방,서울특별시,서울특별시 강서구 강서로 35 (화곡동),02-6080-2766,https://theborndb.theborn.co.kr/wp-content/uploads/20250522_061257.png,"평일 08:00 ~ 21:30
주말 09:00 ~ 21:30",연중무휴,없음,불가,,114632,
108,12967,부천고리울점,빽다방,경기도,경기도 부천시 오정구 고리울로52번길 24,070-7622-6398,https://theborndb.theborn.co.kr/wp-content/uploads/20250522_062258.png,08:00 ~ 22:00,연중무휴,테이블 24개 / 좌석 48석,불가,,114658,
109,12962,천안입장점,빽다방,충청남도,충청남도 천안시 서북구 입장면 하장4길 2,070-4304-1151,https://theborndb.theborn.co.kr/wp-content/uploads/20250417_032156.png,"평일 08:00 ~ 22:00
주말 09:00 ~ 22:00",연중무휴,테이블 14개 / 좌석 28석,불가,,31055,
110,12958,부산서면에이원프라자점,빽다방,부산광역시,부산광역시 부산진구 중앙대로 668 (부전동),070-8211-0861,https://theborndb.theborn.co.kr/wp-content/uploads/20250522_043141.png,"평일 07:00 ~ 22:00
주말,공휴일 08:00 ~ 22:00",연중무휴,없음,불가,,114643,
111,12956,고창흥덕점,빽다방,전라북도,전북특별자치도 고창군 흥덕면 서이길 1-1,063-562-3097,https://theborndb.theborn.co.kr/wp-content/uploads/20250522_074814.png,07:30 ~ 21:00,연중무휴,없음,가능,,114608,
112,12954,강원평창점,빽다방,강원도,강원특별자치도 평창군 평창읍 노성로 101,033-332-7640,https://theborndb.theborn.co.kr/wp-content/uploads/20250522_062959.png,"평일 08:30 ~ 20:00
주말 09:00 ~ 19:00",연중무휴,테이블 15개 / 좌석 30석,가능,,114516,
113,12952,동탄산업단지점,빽다방,경기도,경기도 화성시 동탄기흥로 147-13 (방교동),031-8043-7742,https://theborndb.theborn.co.kr/wp-content/uploads/20250522_062010.png,"평일 08:00 ~ 18:00
토요일 08:00 ~ 14:00",매주 일요일,테이블 9개 / 좌석 18석,불가,,114607,
114,12950,김포고촌역점,빽다방,경기도,경기도 김포시 고촌읍 김포대로 348,031-8049-7545,https://theborndb.theborn.co.kr/wp-content/uploads/20250522_042004.png,"평일 08:00 ~ 21:30
주말 09:00 ~ 21:30",연중무휴,테이블 13개 / 좌석 26석,불가,,114672,
115,12947,미아역점,빽다방,서울특별시,서울특별시 강북구 도봉로 190 (미아동),02-980-8881,https://theborndb.theborn.co.kr/wp-content/uploads/20250411_073022.png,"월~토 08:00 ~ 22:00
일요일 09:00 ~ 22:00",연중무휴,테이블 12개 / 좌석 24석,가능,,114628,
116,12941,양천향교역점,빽다방,서울특별시,서울특별시 강서구 강서로 471 (마곡동),02-6083-3515,https://theborndb.theborn.co.kr/wp-content/uploads/20250407_065912.png,"평일 07:00 ~ 21:00
주말 08:00 ~ 21:00",연중무휴,없음,가능(유료),,114650,
117,12939,충북괴산점,빽다방,충청북도,충청북도 괴산군 괴산읍 읍내로 286,043-833-7966,https://theborndb.theborn.co.kr/wp-content/uploads/20250407_065343.png,08:00 ~ 22:00,연중무휴,테이블 14개 / 좌석 23석,불가,,114642,
118,12937,제주연동사장1길점,빽다방,제주도,제주특별자치도 제주시 연동8길 7 (연동),064-746-2213,https://theborndb.theborn.co.kr/wp-content/uploads/20250407_061151.png,"월-토요일 08:00 ~ 22:00
일요일 08:00 ~ 20:00",연중무휴,테이블 7개 / 좌석 14석,가능,,114537,
119,12935,인천구월테크노밸리점,빽다방,인천광역시,인천광역시 남동구 선수촌공원로17번길 1 (구월동),070-75757-0005,https://theborndb.theborn.co.kr/wp-content/uploads/20250522_052231.png,"평일 07:30 ~ 21:00
주말,공휴일 08:00 ~ 20:00",연중무휴,테이블 16개 / 좌석 32석,불가,,114492,
120,12932,의정부역브라운스톤점,빽다방,경기도,"경기도 의정부시 시민로179번길 10 (신곡동, 의정부역 브라운스톤 리버뷰)",070-4233-3108,https://theborndb.theborn.co.kr/wp-content/uploads/20250522_060224.png,08:00 ~ 22:00,연중무휴,테이블 3개 / 좌석 6석,가능,,114601,
121,12929,전주중산점,빽다방,전라북도,전북특별자치도 전주시 완산구 중화산로 43 (중화산동2가),,https://theborndb.theborn.co.kr/wp-content/uploads/20250522_054718.png,08:00 ~ 22:00,연중무휴,테이블 23개 / 좌석 46석,가능,,114597,
122,12927,포항한동대점,빽다방,경상북도,경상북도 포항시 북구 흥해읍 한동로 558,,https://theborndb.theborn.co.kr/wp-content/uploads/20250403_084146.png,09:00 ~ 21:00,연중무휴,테이블 20개 / 좌석 40석,가능,,114649,
123,12925,천안두정점,빽다방,충청남도,충청남도 천안시 서북구 두정로 271 (두정동),,https://theborndb.theborn.co.kr/wp-content/uploads/20250403_083206.png,"평일 08:00 ~ 21:00
주말 09:00 ~ 21:00",연중무휴,테이블 7개 / 좌석 12석,불가,,114575,
124,12923,광명광복점,빽다방,경기도,경기도 광명시 광복로 70 (철산동),070-7575-2010,https://theborndb.theborn.co.kr/wp-content/uploads/20250522_045031.png,"평일 08:30 ~ 22:00
주말 08:00 ~ 22:00",연중무휴,테이블 7개 / 좌석 14석,불가,,114579,
125,12921,인천계산삼거리점,빽다방,인천광역시,인천 계양구 경명대로 1059,070-5222-0909,https://theborndb.theborn.co.kr/wp-content/uploads/20260120_012259.jpg,07:30 ~ 21:30,연중무휴,테이블 9개 / 좌석 12석,불가,,114987,
126,12916,대구상동금륜점,빽다방,대구광역시,대구광역시 수성구 청수로 54 (상동),053-216-7161,https://theborndb.theborn.co.kr/wp-content/uploads/20250522_043005.png,08:00 ~ 21:00,연중무휴,테이블 12개 / 좌석 24석,가능,,114592,
127,12896,부산양정자이더샵점,빽다방,부산광역시,"부산광역시 부산진구 연수로38, 170동 1층 118호",051-911-2375,https://theborndb.theborn.co.kr/wp-content/uploads/20250522_061648.png,08:00 ~ 22:00,연중무휴,테이블 8개 / 좌석 16석,불가,,114602,
128,12893,제천강제점,빽다방,충청북도,충청북도 제천시 장평천로 1 (강제동),043-645-9800,https://theborndb.theborn.co.kr/wp-content/uploads/20250522_085032.png,08:30 ~ 20:00,연중무휴,테이블 22개 / 좌석 46석,불가,,114545,
129,12890,안양어반포레점,빽다방,경기도,경기도 안양시 만안구 안양동 618,031-360-1030,https://theborndb.theborn.co.kr/wp-content/uploads/20250328_090538.png,"평일 08:00 ~ 22:00
주말 08:00 ~ 20:00",연중무휴,테이블 9개 / 좌석 18석,가능,,114553,
130,12888,오산세교가수점,빽다방,경기도,경기도 오산시 초평중앙로 127-4,070-5100-2999,https://theborndb.theborn.co.kr/wp-content/uploads/20250522_055852.png,"월~토 08:00 ~ 20:00
일요일 09:00 ~ 20:00",연중무휴,테이블 11개 / 좌석 22석,가능,,114589,
131,12883,하이원그랜드호텔점,빽다방,강원도,강원특별자치도 정선군 사북읍 하이원길 265,010-5854-2512,https://theborndb.theborn.co.kr/wp-content/uploads/20250321_090329.png,07:00 ~ 17:30,연중무휴,없음,가능,,114617,
132,12881,관악중부시장점,빽다방,서울특별시,서울특별시 관악구 행운1길 132 (봉천동),,https://theborndb.theborn.co.kr/wp-content/uploads/20250522_065725.png,07:30 ~ 21:30,연중무휴,테이블 10개 / 좌석 20석,불가,,114559,
133,12879,충남대정문점,빽다방,대전광역시,대전 유성구 대학로 86 1층 107호,042-824-7887,https://theborndb.theborn.co.kr/wp-content/uploads/20250522_061439.png,08:00 ~ 21:00,연중무휴,테이블 13개 / 좌석 26석,가능,,115017,
134,12857,의성안계점,빽다방,경상북도,경상북도 의성군 안계면 안계길 149,,https://theborndb.theborn.co.kr/wp-content/uploads/20250314_085018.png,08:00 ~ 20:00,연중무휴,테이블 5개 / 좌석 10석,불가,,114552,
135,12855,익산금마점,빽다방,전라북도,전북특별자치도 익산시 금마면 금마길50,063-833-6389,https://theborndb.theborn.co.kr/wp-content/uploads/20250522_054204.png,08:00 ~ 20:00,연중무휴,테이블 2개 / 좌석 4석,가능,,114465,
136,12853,인천서구경서점,빽다방,인천광역시,인천광역시 서구 도요지로 24 (경서동),032-299-6088,https://theborndb.theborn.co.kr/wp-content/uploads/20250522_064403.png,08:00 ~ 22:00,연중무휴,테이블 16개 / 좌석 32석,가능,,114585,
137,12850,서귀포516로점,빽다방,제주도,제주특별자치도 서귀포시 516로 450 (상효동),,https://theborndb.theborn.co.kr/wp-content/uploads/20250314_071925.png,06:00 ~ 19:00,연중무휴,테이블 9개 / 좌석 22석,가능,,114396,
138,12844,대구엑스코점,빽다방,대구광역시,대구광역시 북구 유통단지로8길 70 (산격동),053-262-9268,https://theborndb.theborn.co.kr/wp-content/uploads/20250522_064831.png,"월~토 08:00 ~ 21:00
일요일 08:00 ~ 20:00",연중무휴,없음 (Take-Out Only),가능,,114569,
139,12842,진주상봉점,빽다방,경상남도,경상남도 진주시 의병로 56 (상봉동),055-747-3341,https://theborndb.theborn.co.kr/wp-content/uploads/20250310_014306.png,08:00 ~ 22:00,연중무휴,테이블 10개 / 좌석 20석,가능,,114554,
140,12840,소래포구역점,빽다방,인천광역시,인천광역시 남동구 소래역로36,,https://theborndb.theborn.co.kr/wp-content/uploads/20250522_065326.png,08:00 ~ 22:00,연중무휴,테이블 9개 / 좌석 20석,가능 (3시간 무료),,114588,
141,12836,화성새솔송린점,빽다방,경기도,경기도 화성시 노들길 4,0507-1487-2223,https://theborndb.theborn.co.kr/wp-content/uploads/20250522_061816.png,08:00 ~ 21:00,연중무휴,테이블 18개 / 좌석 36석,가능,,114550,
142,12834,인천부평금호이수점,빽다방,인천광역시,인천광역시 부평구 마장로272번길 57,070-4333-1110,https://theborndb.theborn.co.kr/wp-content/uploads/20250522_042803.png,08:00 ~ 22:00,연중무휴,테이블 10개 / 좌석 29석,가능,,114551,
143,12830,경기북부청사역점,빽다방,경기도,경기도 의정부시 장곡로 620 (신곡동),070-5228-2200,https://theborndb.theborn.co.kr/wp-content/uploads/20250522_083937.jpg,08:00 ~ 22:00,연중무휴,테이블 23개 / 좌석 46석,가능(2시간 무료),,114494,
144,12827,신촌연세로점,빽다방,서울특별시,서울특별시 서대문구 연세로 23 (창천동),070-5055-2002,https://theborndb.theborn.co.kr/wp-content/uploads/20250522_085353.png,"평일 07:00 ~ 23:00
토요일 08:00 ~ 23:00
일요일 08:00 ~ 22:00",연중무휴,테이블 6개 / 좌석 12석,불가,,114533,
145,12823,인천학익신동아점,빽다방,인천광역시,인천광역시 미추홀구 매소홀로 474 (학익동),032-243-5168,https://theborndb.theborn.co.kr/wp-content/uploads/20250227_085859.png,"평일 07:30 ~ 22:00
주말,공휴일 08:00 ~ 22:00",연중무휴,테이블 4개 / 좌석 8석,불가,,114588,
146,12821,미아사거리성북우체국점,빽다방,서울특별시,서울특별시 성북구 동소문로 304 (하월곡동),02-909-1104,https://theborndb.theborn.co.kr/wp-content/uploads/20250227_085630.png,07:30 ~ 21:00,연중무휴,테이블 9개 / 좌석 18석,불가,,114578,
147,12818,군산소룡점,빽다방,전라북도,전북특별자치도 군산시 공항로 86 (소룡동),063-471-8814,https://theborndb.theborn.co.kr/wp-content/uploads/20250522_064119.png,07:00 ~ 21:00,연중무휴,테이블 16개 / 좌석 32석,가능,,114509,
148,12816,담양메타점,빽다방,전라남도,전라남도 담양군 담양읍 깊은실길 16,070-8680-8880,https://theborndb.theborn.co.kr/wp-content/uploads/20250227_084239.png,"월~목 08:30 ~ 20:00
금~토 08:00 ~ 21:00
일요일 08:00 ~ 20:00",연중무휴,테이블 41개 / 좌석 81석,가능,,114475,
149,12814,전주효천교점,빽다방,전라북도,전북특별자치도 전주시 완산구 효천중앙로 49 (효자동2가),063-222-0621,https://theborndb.theborn.co.kr/wp-content/uploads/20250522_051510.png,08:00 ~ 21:00,연중무휴,테이블 12개 / 좌석 24석,가능,,114523,
150,12812,고양원당e편한시티점,빽다방,경기도,"경기도 고양시 덕양구 호국로790번길 101 (성사동, e편한세상 시티 원당)",031-966-7310,https://theborndb.theborn.co.kr/wp-content/uploads/20250226_091048.png,08:00 ~ 21:00,연중무휴,테이블 4개 / 좌석 8석,불가,,114541,
151,12810,의성군청점,빽다방,경상북도,경상북도 의성군 의성읍 중앙길 83,070-4800-4999,https://theborndb.theborn.co.kr/wp-content/uploads/20250522_084342.png,08:00 ~ 20:00,연중무휴,불가,테이블 9개 / 좌석 18석,,114416,
152,12808,의왕서해그랑블점,빽다방,경기도,"경기도 의왕시 경수대로 262 (오전동, 의왕서해그랑블(블루스퀘어))",070-7868-4219,https://theborndb.theborn.co.kr/wp-content/uploads/20250226_090613.png,08:00 ~ 22:00,연중무휴,테이블 5개 / 좌석 10석,불가,,114558,
153,12801,강릉경포해변점,빽다방,강원도,강원특별자치도 강릉시 창해로 473 (강문동),033-651-5610,https://theborndb.theborn.co.kr/wp-content/uploads/20250522_055516.png,09:00 ~ 20:00,연중무휴,테이블 10개 / 좌석 20석,불가(강가동 주차장 이용가능),,114540,
154,12799,부산연산월드컵대로점,빽다방,부산광역시,부산광역시 연제구 월드컵대로 159 (연산동),051-852-0451,https://theborndb.theborn.co.kr/wp-content/uploads/20250219_084054.png,"평일 06:30 ~ 22:30
토요일 08:00 ~ 22:00
일요일 09:00 ~ 19:00
일요일 휴게시간 13:30 ~ 14:30",연중무휴,테이블 2개 / 좌석 4석,불가,,114531,
155,12797,도봉천점,빽다방,서울특별시,서울특별시 도봉구 도봉로177길 26 (도봉동),070-5089-3333,https://theborndb.theborn.co.kr/wp-content/uploads/20250219_083909.png,"월-토요일 08:00 ~ 20:00
일요일 08:30 ~ 20:00",연중무휴,테이블 9개 / 좌석 18석,불가,,114504,
156,12795,제주종합경기장점,빽다방,제주도,제주특별자치도 제주시 오라로 150 (오라일동),070-8824-2268,https://theborndb.theborn.co.kr/wp-content/uploads/20250219_083618.png,07:00 ~ 21:00,연중무휴,테이블 6개 / 좌석 12석,가능,,114476,
157,12789,목포포미점,빽다방,전라남도,전라남도 목포시 포미로 10 (용해동),070-5055-2000,https://theborndb.theborn.co.kr/wp-content/uploads/20250522_074309.png,07:50 ~ 21:00,연중무휴,테이블 8개 / 좌석 16석,가능,,114564,
158,12787,부천엘림캐슬점,빽다방,경기도,경기도 부천시 소사구 경인로 255 (심곡본동),070-8880-3691,https://theborndb.theborn.co.kr/wp-content/uploads/20250213_022225.png,08:00 ~ 20:00,연중무휴,테이블 8개 / 좌석 14석,불가,,114524,
159,12785,강릉교동광장점,빽다방,강원도,강원특별자치도 강릉시 솔올로5번길 52 (교동),070-7510-2223,https://theborndb.theborn.co.kr/wp-content/uploads/20250522_062733.png,08:00 ~ 22:00,연중무휴,테이블 2개 / 좌석 4석,가능,,114521,
160,12783,서산대산점,빽다방,충청남도,충청남도 서산시 대산읍 구진로 28,070-8691-3277,https://theborndb.theborn.co.kr/wp-content/uploads/20250213_014604.png,"월~토 07:00 ~ 20:00
일요일 10:00 ~ 20:00",연중무휴,테이블 8개 / 좌석 16석,불가,,114483,
161,12781,구미송정푸르지오점,빽다방,경상북도,경상북도 구미시 백산로 64 (송정동),054-444-5144,https://theborndb.theborn.co.kr/wp-content/uploads/20250213_014331.png,08:00 ~ 21:00,연중무휴,테이블 12개 / 좌석 24석,불가,,114513,
162,12778,대전선화빌리프점,빽다방,대전광역시,대전광역시 중구 대종로517번길 61 (선화동),042-222-1401,https://theborndb.theborn.co.kr/wp-content/uploads/20250212_085944.png,"평일 07:00 ~ 19:30
주말 10:00 ~ 19:30",연중무휴,​테이블 6개 / 좌석 12석,불가,,114366,
163,12776,평택대점,빽다방,경기도,경기도 평택시 현신로 12 (용이동),031-647-0864,https://theborndb.theborn.co.kr/wp-content/uploads/20250212_085446.png,월-토요일 08:00 ~ 21:30 (라스트오더 21:00),매주 일요일,테이블 4개 / 좌석 8석,가능,,114473,
164,12770,대전갈마중로점,빽다방,대전광역시,대전광역시 서구 갈마중로 35 (갈마동),042-369-2135,https://theborndb.theborn.co.kr/wp-content/uploads/20250207_083827.png,"일-목요일 08:00 ~ 24:00
금-토요일 08:00 ~ 01:00",연중무휴,테이블 8개 / 좌석 16석,불가,,114437,
165,12768,금천시흥문일점,빽다방,서울특별시,서울특별시 금천구 시흥대로51길 33 (시흥동),070-4488-2403,https://theborndb.theborn.co.kr/wp-content/uploads/20250207_083553.png,"평일 08:00 ~ 21:00
토요일 08:00 ~ 19:00
일요일 08:00 ~ 17:00",연중무휴,테이블 8개 / 좌석 16석,불가,,114498,
166,12766,안암성북천점,빽다방,서울특별시,서울특별시 성북구 고려대로8길 71,,https://theborndb.theborn.co.kr/wp-content/uploads/20250207_083317.png,"평일 07:00 ~ 22:00
주말 08:00 ~ 22:00",연중무휴,테이블 9개 / 좌석 18석,불가,,114486,
167,12762,전남강진점,빽다방,전라남도,전라남도 강진군 강진읍 보은로2길 33,070-4066-2000,https://theborndb.theborn.co.kr/wp-content/uploads/20250207_081019.png,07:30 ~ 21:30,없음,​테이블 11개 / 좌석 22석,불가,,114434,
168,12760,외대앞역교차로점,빽다방,서울특별시,"서울특별시 동대문구 외대역동로 63-12 (휘경동, 이문휘경 지웰에스테이트)",070-7808-6549,https://theborndb.theborn.co.kr/wp-content/uploads/20250207_080045.png,08:00 ~ 21:00,연중무휴,없음,가능 (1시간 무료),,114505,
169,12756,천안동남경찰서점,빽다방,충청남도,충청남도 천안시 동남구 청수14로 102 (청당동) 108호,041-569-0410,https://theborndb.theborn.co.kr/wp-content/uploads/20250207_072831.png,08:00 ~ 22:00,연중무휴,테이블 5개 / 좌석 10석,가능,,114467,
170,12745,경남하동빛드림본부점,빽다방,경상남도,경상남도 하동군 금성면 경제산업로 509,070-7537-0998,https://theborndb.theborn.co.kr/wp-content/uploads/20250203_071256.png,평일 08:00 ~ 18:00,주말 및 공휴일,테이블 15개 / 좌석 30석,불가,,114532,
171,12743,완도청해진점,빽다방,전라남도,전라남도 완도군 완도읍 청해진남로 15,061-886-8866,https://theborndb.theborn.co.kr/wp-content/uploads/20250203_070935.png,08:00 ~ 21:00,연중무휴,테이블 10개 / 좌석 20석,인근 공영 주차장,,114420,
172,12741,전주효자기전점,빽다방,전라북도,전북특별자치도 전주시 완산구 우전로 339 (효자동3가),070-8780-9799,https://theborndb.theborn.co.kr/wp-content/uploads/20250203_070631.png,"평일 07:30 ~ 21:00
주말 08:00 ~ 21:00",연중무휴,테이블 6개 / 좌석 12석,가능,,114837,
173,12739,대구화원명천로점,빽다방,대구광역시,대구광역시 달성군 화원읍 명천로 135,053-263-0750,https://theborndb.theborn.co.kr/wp-content/uploads/20250203_070303.png,07:00 ~ 21:00,연중무휴,테이블 8개 / 좌석 16석,불가,,114497,
174,12737,천안청당벽산점,빽다방,충청남도,충청남도 천안시 동남구 청당2길 99 (청당동),070-5220-2200,https://theborndb.theborn.co.kr/wp-content/uploads/20250203_064506.png,"평일 08:00 ~ 22:00
주말 08:00 ~ 22:00",연중무휴,테이블 11개 / 좌석 22석,가능,,114493,
175,12729,전주에코백석점,빽다방,전라북도,전북특별자치도 전주시 덕진구 백석남로 131 (송천동2가),063-717-7706,https://theborndb.theborn.co.kr/wp-content/uploads/20250123_083537.png,09:00 ~ 22:00,연중무휴,테이블 16개 / 좌석 32석,불가,,114399,
176,12727,인천송도센트로드점,빽다방,인천광역시,인천광역시 연수구 인천타워대로 323 상가D동 1층 114호,032-831-3696,https://theborndb.theborn.co.kr/wp-content/uploads/20250123_083257.png,07:00 ~ 20:30,연중무휴,테이블 16개 / 좌석 32석,불가,,114474,
177,12725,춘천신북샘밭점,빽다방,강원도,강원특별자치도 춘천시 신북읍 신샘밭로 366,,https://theborndb.theborn.co.kr/wp-content/uploads/20250123_083037.png,"평일 09:00 ~ 19:00
주말 09:00 ~ 20:00",연중무휴,테이블 6개 / 좌석 12석,가능,,114422,
178,12723,상일동역점,빽다방,서울특별시,서울특별시 강동구 고덕로 391 (고덕동),02-3426-7789,https://theborndb.theborn.co.kr/wp-content/uploads/20250123_082616.png,08:00 ~ 21:00,연중무휴,테이블 2개 / 좌석 4석,가능,,114508,
179,12721,수원매탄위브점,빽다방,경기도,경기도 수원시 영통구 인계로220번길 10 (매탄동),031-211-7445,https://theborndb.theborn.co.kr/wp-content/uploads/20250123_073645.png,08:30 ~ 21:30,연중무휴,테이블 6개 / 좌석 12석,불가,,114506,
180,12719,동두천중앙사거리점,빽다방,경기도,경기도 동두천시 중앙로 261,031-928-5435,https://theborndb.theborn.co.kr/wp-content/uploads/20250122_085200.png,08:00 ~ 21:00,연중무휴,테이블 12개 / 좌석 25석,불가,,114392,
181,12708,아산탕정미래초교점,빽다방,충청남도,충청남도 아산시 탕정면 탕정면로 54-3,041-533-5689,https://theborndb.theborn.co.kr/wp-content/uploads/20250117_085326.png,"평일 08:00 ~ 22:00
주말 08:00 ~ 21:00",연중무휴,테이블 8개 / 좌석 16석,가능(유료),,114452,
182,12706,전주삼천세창점,빽다방,전라북도,전북특별자치도 전주시 완산구 용리로 177,063-223-8255,https://theborndb.theborn.co.kr/wp-content/uploads/20250117_084906.png,08:00 ~ 21:00,연중무휴,테이블 7개 / 좌석 14석,가능,,114448,
183,12703,혜화역점,빽다방,서울특별시,서울특별시 종로구 대학로 131,,https://theborndb.theborn.co.kr/wp-content/uploads/20250117_083458.png,"평일 09:00 ~ 21:30
주말 09:30 ~ 22:00",연중무휴,테이블 7개 / 좌석 14석,불가,,114453,
184,12701,부천송내사회체육관점,빽다방,경기도,경기도 부천시 소사구 경인로 110-1,032-662-2232,https://theborndb.theborn.co.kr/wp-content/uploads/20250117_083126.png,"월-토요일 08:00 ~ 19:00
일요일 및 공휴일 09:00 ~ 19:00",매월 첫째 주 일요일,없음,가능,,114468,
185,12698,면목2동점,빽다방,서울특별시,서울특별시 중랑구 동일로 645,070-4848-1313,https://theborndb.theborn.co.kr/wp-content/uploads/20250117_082638.png,"평일 08:00 ~ 19:00
주말 09:00 ~ 19:00",연중무휴,테이블 6개 / 좌석 12석,불가,,114464,
186,12696,전주평화사거리점,빽다방,전라북도,전북특별자치도 전주시 완산구 모악로 4765,070-4006-7004,https://theborndb.theborn.co.kr/wp-content/uploads/20250117_082341.png,08:00 ~ 22:00,연중무휴,테이블 12개 / 좌석 24석,가능,,114428,
187,12690,세종조치원욱일점,빽다방,세종특별자치시,세종특별자치시 조치원읍 행복12길 1,044-866-5006,https://theborndb.theborn.co.kr/wp-content/uploads/20250114_064153.png,07:30 ~ 23:00,연중무휴,테이블 25개 / 좌석 30석,불가,,114414,
188,12688,위례아이파크점,빽다방,서울특별시,서울특별시 송파구 위례광장로 136,,https://theborndb.theborn.co.kr/wp-content/uploads/20250114_063904.png,07:00 ~ 22:00,연중무휴,테이블 3개 / 좌석 6석,불가,,114441,
189,12686,부산서면롯데후문점,빽다방,부산광역시,부산광역시 부산진구 부전로66번길 26,,https://theborndb.theborn.co.kr/wp-content/uploads/20250114_063639.png,08:00 ~ 22:00,연중무휴,없음,불가,,114461,
190,12669,신자초사거리점,빽다방,서울특별시,서울특별시 광진구 뚝섬로 590,070-4060-4600,https://theborndb.theborn.co.kr/wp-content/uploads/20250108_091308.png,"평일 07:30 ~ 22:00
주말 08:00 ~ 22:00",연중무휴,테이블 10개 / 좌석 20석,불가,,114390,
191,12666,광주삼동점,빽다방,경기도,경기도 광주시 고불로 458,031-761-0255,https://theborndb.theborn.co.kr/wp-content/uploads/20250107_073934.png,08:00 ~ 21:00,연중무휴,테이블 10개 / 좌석 20석,불가,,113972,
192,12661,전주한옥어진길점,빽다방,전라북도,전북특별자치도 전주시 완산구 어진길 40,​070-8844-1405,https://theborndb.theborn.co.kr/wp-content/uploads/20250102_060743.png,"월~목 10:00 ~ 20:00
금요일 10:00 ~ 20:30
주말,공휴일 09:30 ~ 20:30",연중무휴,테이블 5개 / 좌석 10석,가능(인근 공영주차장),,114443,
193,12659,천안중앙시장점,빽다방,충청남도,충청남도 천안시 동남구 사직로 4,041-555-1934,https://theborndb.theborn.co.kr/wp-content/uploads/20250102_060400.png,08:00 ~ 19:00,연중무휴,테이블 4개 / 좌석 8석,가능(인근 공영주차장),,114401,
194,12656,전주만성북부점,빽다방,전라북도,전북특별자치도 전주시 덕진구 만성북로 19,070-5067-0505,https://theborndb.theborn.co.kr/wp-content/uploads/20250102_054000.png,"평일 07:00 ~ 20:00
토요일 08:00 ~ 20:00
일요일 09:00 ~ 20:00",연중무휴,테이블 11개 / 좌석 22석,불가,,114342,
195,12654,광양용강점,빽다방,전라남도,전라남도 광양시 광양읍 와룡길 5,070-7575-0715,https://theborndb.theborn.co.kr/wp-content/uploads/20250102_053828.png,08:00 ~ 22:00,연중무휴,테이블 10개 / 좌석 20석,불가,,114446,
196,12645,경산신대부적점,빽다방,경상북도,경상북도 경산시 압량읍 압독2로1길 15,070-7525-5001,https://theborndb.theborn.co.kr/wp-content/uploads/20241227_052919.png,"평일 07:00 ~ 22:00
주말 08:00 ~ 22:00",연중무휴,테이블 20개 / 좌석 40개,가능,,114398,
197,12643,김포구래휴트라움점,빽다방,경기도,경기도 김포시 김포한강10로 133번길 66,031-998-3496,https://theborndb.theborn.co.kr/wp-content/uploads/20241227_052707.png,"평일 08:00 ~ 21:00
주말 및 공휴일 08:30 ~ 21:00",연중무휴,테이블 20개 / 좌석 40석,가능(유료),,114351,
198,12638,당진수청호반점,빽다방,충청남도,충청남도 당진시 수청1길 47,070-5055-1000,https://theborndb.theborn.co.kr/wp-content/uploads/20241224_074326.png,"월~토 08:00 ~ 22:00
일요일 09:00 ~ 21:00",연중무휴,테이블 9개 / 좌석 18석,가능,,114424,
199,12636,노량진드림스퀘어점,빽다방,서울특별시,서울특별시 동작구 노들로2길 7,070-7510-1777,https://theborndb.theborn.co.kr/wp-content/uploads/20241224_074027.png,"월~수 08:00 ~ 23:00
목~금 08:00 ~ 24:00
토요일 07:30 ~ 24:00
일요일 07:30 ~ 23:00",연중무휴,테이블 7개 / 좌석 14석,가능,,114433,
200,12633,양산평산점,빽다방,경상남도,경상남도 양산시 평산로 21,055-388-6991,https://theborndb.theborn.co.kr/wp-content/uploads/20241224_073454.png,"월-토요일 08:30 ~ 22:00
일요일 08:30 ~ 21:00",연중무휴,테이블 16개 / 좌석 40석,가능,,114375,
201,12630,남부터미널점,빽다방,서울특별시,서울특별시 서초구 효령로55길 10,070-5030-2000,https://theborndb.theborn.co.kr/wp-content/uploads/20241224_073224.png,"평일 07:30 ~ 19:30
토요일 08:30 ~ 18:30
일요일 10:00 ~ 17:30",연중무휴,없음,가능,,114423,
202,12605,전주만성중앙점,빽다방,전라북도,전북특별자치도 전주시 덕진구 만성중앙로17-10,070-8744-3100,https://theborndb.theborn.co.kr/wp-content/uploads/20241218_084625.png,"평일 08:00 ~ 21:00
토요일 09:00 ~ 20:00
주말 09:00 ~ 21:00",연중무휴,테이블 13개 / 좌석 26개,불가,,114404,
203,12598,종로경희궁의아침점,빽다방,서울특별시,서울특별시 종로구 사직로8길 34,02-2138-3239,https://theborndb.theborn.co.kr/wp-content/uploads/20241217_082556.png,"평일 07:00 ~ 21:00
토요일,공휴일 08:00 ~ 21:00
일요일 09:00 ~ 19:00",연중무휴,없음,가능(유료),,114413,
204,12589,구로지밸리점,빽다방,서울특별시,서울특별시 구로구 디지털로 300,02-6344-3330,https://theborndb.theborn.co.kr/wp-content/uploads/20241211_084606.png,"평일 07:30 ~ 20:00
토요일 08:00 ~ 15:00",매주 일요일,테이블 11개 / 좌석 22석,가능,,114372,
205,12582,둔촌동역점,빽다방,서울특별시,서울시 강동구 양재대로 1367,02-478-1205,https://theborndb.theborn.co.kr/wp-content/uploads/20241210_044303.png,"평일 07:30 ~ 22:00
주말 08:00 ~ 22:00",연중무휴,테이블 9개 / 좌석 18석,가능,,114877,
206,12580,김제용지점,빽다방,전라북도,전북특별자치도 김제시 용지면 콩쥐팥쥐로 844,063-770-8989,https://theborndb.theborn.co.kr/wp-content/uploads/20241205_092421.png,"월~토 06:30 ~ 19:30
일요일 07:00 ~ 19:30",연중무휴,테이블 8개 / 좌석 16석,,,114361,
207,12578,시흥배곧한라점,빽다방,경기도,경기도 시흥시 서울대학로 172-20,070-4647-1013,https://theborndb.theborn.co.kr/wp-content/uploads/20241205_092234.png,07:30 ~ 21:00,연중무휴,테이블 5개 / 좌석 10석,가능,,114376,
208,12576,종로정동사거리점,빽다방,서울특별시,서울특별시 종로구 새문안로 46,,https://theborndb.theborn.co.kr/wp-content/uploads/20241205_092045.png,07:00 ~ 17:00,"주말, 공휴일",없음,불가,,114440,
209,12573,대전대흥자이점,빽다방,대전광역시,대전광역시 중구 충무로107번길 122,070-5056-4401,https://theborndb.theborn.co.kr/wp-content/uploads/20241205_091249.png,08:00 ~ 22:30,연중무휴,테이블 4개 / 좌석 8석,가능,,114356,
210,12571,제주신비로점,빽다방,제주도,제주특별자치도 제주시 주르레길 1,,https://theborndb.theborn.co.kr/wp-content/uploads/20241205_091016.png,07:00 ~ 19:30,연중무휴,테이블 10개 / 좌석 20석,가능,,114316,
211,12569,대전삼성아파트점,빽다방,대전광역시,대전광역시 중구 계룡로 856,042-525-1229,https://theborndb.theborn.co.kr/wp-content/uploads/20241205_090827.png,08:00 ~ 21:30,연중무휴,테이블 24개 / 좌석 48석,가능,,114320,
212,12567,양구버스터미널점,빽다방,강원도,강원특별자치도 양구군 양구읍 중심로 196,033-854-7008,https://theborndb.theborn.co.kr/wp-content/uploads/20241205_090610.png,09:00 ~ 21:00,연중무휴,테이블 9개 / 좌석 18석,불가,,114359,
213,12565,마포시민공원점,빽다방,제주도,제주특별자치도 제주시 구좌읍 월정3길 60,02-332-8631,https://theborndb.theborn.co.kr/wp-content/uploads/20241205_080322.png,"평일 07:30 ~ 22:30
주말 08:00 ~ 22:30",연중무휴,테이블 11개 / 좌석 22석,불가,,114262,
214,12563,대구으뜸병원점,빽다방,대구광역시,대구광역시 중구 국채보상로 532-1,070-7575-0705,https://theborndb.theborn.co.kr/wp-content/uploads/20241205_075747.png,07:30 ~ 20:30,연중무휴,테이블 11개 / 좌석 22석,가능,,114355,
215,12548,광양성황점,빽다방,전라남도,전라남도 광양시 성황6길 28,061-795-9582,https://theborndb.theborn.co.kr/wp-content/uploads/20241128_074026.png,09:00 ~ 21:00,연중무휴,테이블 8개 / 좌석 16석,가능,,114332,
216,12546,청주가경아이파크점,빽다방,충청북도,충청북도 청주시 흥덕구 서현로 60,070-7798-1153,https://theborndb.theborn.co.kr/wp-content/uploads/20241128_073511.png,08:00 ~ 22:00,연중무휴,테이블 9개 / 좌석 18석,가능(유료),,114317,
217,12542,인천가정고점,빽다방,인천광역시,인천광역시 서구 서달로163번길 4,070-5055-0666,https://theborndb.theborn.co.kr/wp-content/uploads/20241128_065532.png,"평일 08:00 ~ 21:00
주말 09:00 ~ 21:00",연중무휴,테이블 9개 / 좌석 18석,없음,,114371,
218,12538,세종조치원역점,빽다방,세종특별자치시,세종특별자치시 조치원읍 으뜸길 208,044-865-4123,https://theborndb.theborn.co.kr/wp-content/uploads/20241128_064826.png,"평일 07:30 ~ 21:00
주말 08:00 ~ 21:00",연중무휴,테이블 3개 / 좌석 6석,불가,,114341,
219,12527,연남센트럴점,빽다방,서울특별시,서울 마포구 연남동 228-44,070-8880-8080,https://theborndb.theborn.co.kr/wp-content/uploads/20251124_022354.jpg,09:00 ~ 21:00,연중무휴,없음 (Take-out 0nly),불가,,114911,
220,12517,석촌배명점,빽다방,서울특별시,서울특별시 송파구 삼학사로 42,02-422-4263,https://theborndb.theborn.co.kr/wp-content/uploads/20241121_070326.png,"평일 08:00 ~ 22:00
주말 09:00 ~ 22:00",연중무휴,테이블 17개 / 좌석 34석,가능,,114293,
221,12515,인천부개코오롱점,빽다방,인천광역시,인천광역시 부평구 부평문화로 216,070-5222-2155,https://theborndb.theborn.co.kr/wp-content/uploads/20241121_070007.png,08:00 ~ 21:50,연중무휴,테이블 2개 / 좌석 4석,불가,,114319,
222,12512,용인신갈롯데점,빽다방,경기도,경기도 용인시 기흥구 중부대로 375,031-282-2821,https://theborndb.theborn.co.kr/wp-content/uploads/20241121_065817.png,10:00 ~ 21:00(라스트오더 20:30),"매월 둘째, 넷째 주 일요일",테이블 14개 / 좌석 28석,가능(3시간 무료),,114345,
223,12502,장수장계점,빽다방,전라북도,전북특별자치도 장수군 장계면 한들로 90-1,,https://theborndb.theborn.co.kr/wp-content/uploads/20241115_083002.png,08:00 ~ 20:00,연중무휴,테이블 12개 / 좌석 24석,,,114339,
224,12495,창원가음한림풀에버점,빽다방,경상남도,경상남도 창원시 성산구 가음정로23번길 10-21,070-7777-9787,https://theborndb.theborn.co.kr/wp-content/uploads/20241113_080439.png,"평일 10:00 ~ 21:30
주말 및 공휴일 09:00 ~ 21:30",연중무휴,테이블 3개 / 좌석 6석,불가,,114266,
225,12493,홍익대제3기숙사점,빽다방,서울특별시,서울특별시 마포구 성미산로 55,070-4099-3800,https://theborndb.theborn.co.kr/wp-content/uploads/20241113_074942.png,08:00 ~ 21:00,연중무휴,테이블 24개  /  좌석 41석,불가,,114291,
226,12491,순천서면점,빽다방,전라남도,전라남도 순천시 서면 삼산로 291,061-811-0677,https://theborndb.theborn.co.kr/wp-content/uploads/20241113_073753.png,07:30 ~ 21:30,연중무휴,테이블 23개 / 좌석수 46석,가능,,114313,
227,12489,잠실여고후문점,빽다방,서울특별시,서울특별시 송파구 가락로 140,02-416-0321,https://theborndb.theborn.co.kr/wp-content/uploads/20241113_073233.png,"평일 08:00 ~ 20:00
주말,공휴일 09:00 ~ 21:00",연중무휴,테이블 3개 / 좌석 6석,불가,,114309,
228,12479,전북임실점,빽다방,전라북도,전북특별자치도 임실군 임실읍 운수로 51,063-778-8777,https://theborndb.theborn.co.kr/wp-content/uploads/20241106_043814.png,07:00 ~ 22:00,연중무휴,테이블 23석 / 좌석 51개,가능,,114219,
229,12470,광양칠성점,빽다방,전라남도,전라남도 광양시 광양읍 칠성리 126,070-7575-0700,https://theborndb.theborn.co.kr/wp-content/uploads/20241101_065718.png,08:00 ~ 20:30,연중무휴,테이블 12개 / 좌석 24석,불가,,114254,
230,12468,은현농협에너지점,빽다방,경기도,경기도 양주시 은현면 화합로 1148,070-7575-2448,https://theborndb.theborn.co.kr/wp-content/uploads/20241031_070300.png,08:00 ~ 20:00,연중무휴,테이블 15개 / 좌석 30석,가능,,114223,
231,12466,대전안골네거리점,빽다방,대전광역시,대전광역시 서구 동서대로 994,070-4099-0330,https://theborndb.theborn.co.kr/wp-content/uploads/20241031_070045.png,08:00 ~ 22:00,연중무휴,테이블 10개 / 좌석 20석,불가,,114290,
232,12464,의정부호원한주점,빽다방,경기도,경기도 의정부시 평화로 323,031-877-5190,https://theborndb.theborn.co.kr/wp-content/uploads/20241031_064117.png,"평일 07:30 ~ 20:30
주말 08:30 ~ 20:30",연중무휴,테이블 14개 / 좌석 28석,불가,,114267,
233,12462,대구만촌역태왕점,빽다방,대구광역시,대구광역시 수성구 달구벌대로 2599,053-753-7487,https://theborndb.theborn.co.kr/wp-content/uploads/20241031_063830.png,"평일 08:00 ~ 21:00
주말 08:00 ~ 20:00",연중무휴,테이블 7개 / 좌석 14석,가능,,114302,
234,12457,안양포도원점,빽다방,경기도,경기도 안양시 동안구 포도원로 4,031-429-1343,https://theborndb.theborn.co.kr/wp-content/uploads/20241031_055815.png,08:30 ~ 21:30,연중무휴,테이블 14개 / 좌석 28개,불가,,114268,
235,12455,빽다방 빵연구소 안성당왕점,빽다방,경기도,경기도 안성시 안성맞춤대로 1182 (당왕동),031-677-1182,https://theborndb.theborn.co.kr/wp-content/uploads/7001895b-e556-4f48-8e77-2994e53d.jpg,08:00 - 21:00 (오더 마감 20:30),연중 무휴,테이블 30개 / 좌석수 60석,가능,,114102,
236,12450,대전효촌마을점,빽다방,대전광역시,대전광역시 동구 동서대로1668번길 42,070-5100-6060,https://theborndb.theborn.co.kr/wp-content/uploads/20241031_012812.png,"월~토 07:00 ~ 21:30
일요일 08:00 ~ 21:00",연중무휴,테이블 7개 / 좌석 14개,불가,,114294,
237,12440,오산궐동점,빽다방,경기도,경기도 오산시 궐리사로 31,070-4247-0925,https://theborndb.theborn.co.kr/wp-content/uploads/20241025_085926.png,09:00 ~ 22:00,연중무휴,테이블 18개 / 좌석 37석,가능,,114260,
238,12437,속초해수욕장점,빽다방,강원도,강원특별자치도 속초시 해오름로171,033-633-1022,https://theborndb.theborn.co.kr/wp-content/uploads/20241025_085151.png,"평일 08:00 ~ 19:00
주말  07:00 ~ 21:00",연중무휴,없음,가능(유료),,115018,
239,12412,퇴계원중학교점,빽다방,경기도,경기도 남양주시 퇴계원읍 퇴계원로 53,031-527-7789,https://theborndb.theborn.co.kr/wp-content/uploads/20241023_031953.png,08:45 ~ 21:00(라스트오더 20:45),연중무휴,테이블 3개 / 좌석 6석,불가,,114288,
240,12410,광명기아타운점,빽다방,경기도,경기도 광명시 기아로 46,070-8211-3105,https://theborndb.theborn.co.kr/wp-content/uploads/20241023_030925.png,"월-토요일 08:00 ~ 21:00
일요일 09:00 ~ 20:00",연중무휴,테이블 17개 / 좌석 34석,불가,,114249,
241,12408,제주서광로동성길점,빽다방,제주도,제주특별자치도 제주시 동성길 4,070-4333-2111,https://theborndb.theborn.co.kr/wp-content/uploads/20241023_030716.png,"평일 08:00 ~ 20:00
주말 08:30 ~ 20:00",연중무휴,테이블 24개 / 좌석 48석,가능,,114964,
242,12406,경기광주퇴촌점,빽다방,경기도,경기도 광주시 퇴촌면 광동로 72,070-8822-1680,https://theborndb.theborn.co.kr/wp-content/uploads/20241023_030243.png,08:00 ~ 21:00,연중무휴,테이블 13개 / 좌석 26석,불가,,114282,
243,12404,광명두산위브점,빽다방,경기도,경기도 광명시 광덕산로 26,070-5055-1511,https://theborndb.theborn.co.kr/wp-content/uploads/20241023_025925.png,08:00 ~ 21:30,연중무휴,테이블 2개 / 좌석 4석,가능,,114287,
244,12400,평택소사벌삼성타워점,빽다방,경기도,경기도 평택시 평남로 858,070-7575-0707,https://theborndb.theborn.co.kr/wp-content/uploads/20241016_082129.png,09:00 ~ 22:00,연중무휴,테이블 12개 / 좌석 24석,가능,,114237,
245,12398,대림성모점,빽다방,서울특별시,서울특별시 동작구 시흥대로 658,02-6081-0202,https://theborndb.theborn.co.kr/wp-content/uploads/20241016_081905.png,"평일 07:30 ~ 22:00
주말 09:00 ~ 22:00",연중무휴,테이블 11개 / 좌석 22석,불가,,114247,
246,12396,인천검암2지구점,빽다방,인천광역시,인천광역시 서구 승학로 562,070-4647-4625,https://theborndb.theborn.co.kr/wp-content/uploads/20241016_081240.png,"평일 08:00 ~ 21:00
주말 및 공휴일 09:00 ~ 21:00",연중무휴,테이블 14개 / 좌석 28석,가능,,114271,
247,12392,구리수택더바임점,빽다방,경기도,경기도 구리시 검배로 76,070-7510-7676,https://theborndb.theborn.co.kr/wp-content/uploads/20241010_085159.png,08:00 ~ 22:00,연중무휴,테이블 11개 / 좌석 22석,가능,,114231,
248,12390,역촌역점,빽다방,서울특별시,서울특별시 은평구 서오릉로 71,02-351-3512,https://theborndb.theborn.co.kr/wp-content/uploads/20241010_084924.png,"평일 08:00 ~ 22:00
주말 08:30 ~ 22:00",연중무휴,테이블 12개 / 좌석 24석,불가,,114110,
249,12388,구로대륭포스트8차점,빽다방,서울특별시,서울특별시 구로구 디지털로26길 43,02-3149-6996,https://theborndb.theborn.co.kr/wp-content/uploads/20241010_084647.png,평일 07:00 ~ 18:00,주말,테이블 13개 / 좌석 26석,불가,,114250,
250,12384,세종산울마을7단지점,빽다방,세종특별자치시,세종특별자치시 산울7로 11,070-4888-0666,https://theborndb.theborn.co.kr/wp-content/uploads/20241008_091009.png,09:00 ~ 20:00,연중무휴,테이블 6개 / 좌석 12개,가능,,114186,
251,12382,전주시청점,빽다방,전라북도,전북특별자치도 전주시 완산구 기린대로 205,,https://theborndb.theborn.co.kr/wp-content/uploads/20241008_090434.png,"평일 07:30 ~ 19:00
주말 08:00 ~ 19:00",연중무휴,테이블 24개 / 좌석 48석,가능,,114143,
252,12368,청주내수점,빽다방,충청북도,충청북도 청주시 청원구 내수읍 청암로 56,043-213-2389,,08:00 ~ 21:00,연중무휴,테이블 4개 / 좌석 8석,가능,,114131,
253,12366,전주서신아이파크점,빽다방,전라북도,전북특별자치도 전주시 완산구 백제대로 398,​063-251-3959,https://theborndb.theborn.co.kr/wp-content/uploads/20240930_091706.png,08:00 ~ 22:00,연중무휴,테이블 4개 / 좌석 8석,가능,,114431,
254,12364,대구군위점,빽다방,대구광역시,대구광역시 군위군 군위읍 중앙길 90,070-7700-3114,https://theborndb.theborn.co.kr/wp-content/uploads/20240930_091400.png,"평일 08:00 ~ 19:00
주말,공휴일 09:00 ~ 19:00","매월 둘째, 넷째 주 일요일",테이블 22개 / 좌석 44석,불가(잠시 주정차 가능),,114181,
255,12362,익산마동풍경채점,빽다방,전라북도,전북특별자치도 익산시 서동로166,063-843-3464,https://theborndb.theborn.co.kr/wp-content/uploads/20240930_091043.png,"월~토 07:00 ~ 21:00
일요일 08:00 ~ 21:00",연중무휴,없음,불가 (잠시 주정차 가능),,114262,
256,12360,대구복현네거리점,빽다방,대구광역시,대구광역시 북구 동북로 297,070-4006-0270,https://theborndb.theborn.co.kr/wp-content/uploads/20240930_072826.png,"평일 08:30 ~ 21:30
주말 09:30 ~ 20:00",연중무휴,테이블 7개 / 좌석 14석,불가,,114238,
257,12358,부산부곡점,빽다방,부산광역시,부산 금정구 부곡동 294-5 1층,051-512-7997,https://theborndb.theborn.co.kr/wp-content/uploads/20240930_072626.png,"월-토요일 08:00 ~ 22:00
일요일 10:00 ~ 22:00",연중무휴,테이블 20개 / 좌석 40석,가능,,115008,
258,12356,남양주호평점,빽다방,경기도,경기도 남양주시 늘을3로 65-8,070-8780-0925,https://theborndb.theborn.co.kr/wp-content/uploads/20240930_072351.png,08:00 ~ 22:30,연중무휴,테이블 20개 / 좌석 42석,가능,,114248,
259,12347,중랑묵동신도점,빽다방,서울특별시,서울특별시 중랑구 중랑역로 273,02-6956-3594,https://theborndb.theborn.co.kr/wp-content/uploads/20240927_085429.png,"평일 07:30 ~ 21:30
주말 08:30 ~ 21:30",연중무휴,없음,가능,,114212,
260,12337,광주고산점,빽다방,경기도,경기도 광주시 고산길 34,,https://theborndb.theborn.co.kr/wp-content/uploads/20240924_032734.png,08:00 ~ 22:00,연중무휴,테이블 12개 / 좌석 24석,불가,,114198,
261,12335,대전홍도점,빽다방,대전광역시,대전광역시 동구 동산초교로23번길 3,064-803-0661,https://theborndb.theborn.co.kr/wp-content/uploads/20240924_031205.png,07:00 ~ 21:00,연중무휴,테이블 10개 / 좌석 20석,불가,,114243,
262,12333,제주한라대점,빽다방,제주도,제주특별자치도 제주시 한라대학로 73-1,064-803-0661,https://theborndb.theborn.co.kr/wp-content/uploads/20240924_031000.png,09:00 ~ 20:00,연중무휴,테이블 10개 / 좌석 20석,불가,,114244,
263,12331,천안성정현대점,빽다방,충청남도,충청남도 천안시 서북구 쌍용대로 297,070-5055-2779,https://theborndb.theborn.co.kr/wp-content/uploads/20240924_030635.png,"평일 08:00 ~ 21:00
주말 09:00 ~ 22:00",연중무휴,테이블 13개 / 좌석 26석,가능,,114482,
264,12323,서울한국외대점,빽다방,서울특별시,서울특별시 동대문구 이문로 119,070-7575-0101,https://theborndb.theborn.co.kr/wp-content/uploads/20240913_074625.png,08:00 ~ 21:00,연중무휴,테이블 8개 / 좌석 16석,불가,,114229,
265,12320,부산역점,빽다방,부산광역시,부산광역시 동구 중앙대로196번길 6-5,070-8666-3002,https://theborndb.theborn.co.kr/wp-content/uploads/20240913_073939.png,07:00 ~ 20:00,연중무휴,없음,불가,,114204,
266,12318,인천송도유원지점,빽다방,인천광역시,인천광역시 연수구 청량로104,032-286-7979,https://theborndb.theborn.co.kr/wp-content/uploads/20240913_073723.png,07:30 ~ 21:00,연중무휴,테이블  21개 / 좌석 42석,가능,,114199,
267,12316,군포신환점,빽다방,경기도,경기도 군포시 번영로 577,,https://theborndb.theborn.co.kr/wp-content/uploads/20240913_070945.png,08:00 ~ 22:00,연중무휴,테이블 11개 / 좌석 22석,불가,,114174,
268,12314,시흥은계호수점,빽다방,경기도,경기도 시흥시 은계로 260,070-7575-2987,https://theborndb.theborn.co.kr/wp-content/uploads/20240913_070612.png,"월~토 07:00 ~ 22:00
일요일 07:00 ~ 21:00",연중무휴,테이블 13개 / 좌석 26석,가능(2시간 무료),,114189,
269,12311,인천송림아이원점,빽다방,인천광역시,인천광역시 동구 송미로 7,032-765-0090,https://theborndb.theborn.co.kr/wp-content/uploads/20240913_065737.png,08:00 ~ 22:00,연중무휴,테이블 24개 / 좌석 48석,가능(1시간 무료),,114194,
270,12308,빽다방 빵연구소 구미옥계점,빽다방,경상북도,경상북도 구미시 산호대로25길 10 (옥계동),070-4800-6656,https://theborndb.theborn.co.kr/wp-content/uploads/20240909_062334.jpg,07:30 - 20:30,연중무휴,테이블 30개 / 좌석 60석,가능,,113648,
271,12298,부산구포시장점,빽다방,부산광역시,부산광역시 북구 구포시장5길 11,051-336-1147,https://theborndb.theborn.co.kr/wp-content/uploads/20240905_072931.png,08:00 ~ 20:00,연중무휴,없음,불가,,114111,
272,12296,김해아이스퀘어점,빽다방,경상남도,"경상남도 김해시 김해대로 2342, 아이스퀘어몰 1층 A-105호",070-5222-2022,https://theborndb.theborn.co.kr/wp-content/uploads/20240905_072643.png,"평일 08:30 ~ 18:00
주말 09:30 ~ 18:00",연중무휴,테이블 16개 / 좌석 64석,가능,,114180,
273,12294,인천검단연세프라자점,빽다방,인천광역시,인천광역시 서구 이음5로 20,070-5100-0998,https://theborndb.theborn.co.kr/wp-content/uploads/20240905_072417.png,07:30 ~ 21:30,연중무휴,테이블 6개 / 좌석 12석,가능(유료),,114203,
274,12291,담양죽녹원점,빽다방,전라남도,전라남도 담양군 담양읍 객사4길 38-18,061-382-3337,https://theborndb.theborn.co.kr/wp-content/uploads/20240905_072117.png,09:00 ~ 21:00,연중무휴,없음,가능(매장 앞 무료 공용주차장),,114209,
275,12289,석촌호수단길점,빽다방,서울특별시,서울특별시 송파구 백제고분로39길 5,070-3348-8668,https://theborndb.theborn.co.kr/wp-content/uploads/20240905_071221.png,"월-토요일 08:00 ~ 22:00
일요일 및 공휴일 09:00 ~ 22:00",연중무휴,테이블 2개 / 좌석 4석,가능,,114162,
276,12287,전남무안터미널점,빽다방,전라남도,전라남도 무안군 무안읍 무안중앙로 2,070-7776-4700,https://theborndb.theborn.co.kr/wp-content/uploads/20240905_070912.png,08:00 ~ 21:00,연중무휴,테이블 25개 / 좌석 50석,불가,,11425,
277,12284,고양삼송시티점,빽다방,경기도,경기도 고양시 덕양구 동송로 33,02-6448-0214,https://theborndb.theborn.co.kr/wp-content/uploads/20240905_065834.png,08:00 ~ 22:00,연중무휴,테이블 9개 / 좌석 18개,불가,,114216,
278,12281,의정부경의교차로점,빽다방,경기도,경기 의정부시 의정부동 166-4 1층,0507-1367-1572,https://theborndb.theborn.co.kr/wp-content/uploads/20240905_063342.png,평일 08:00 ~ 16:00,연중무휴,테이블 7개 / 좌석 14석,가능,,114999,
279,12279,중곡사거리점,빽다방,서울특별시,서울특별시 광진구 용마산로 51,,https://theborndb.theborn.co.kr/wp-content/uploads/20240905_062512.png,08:00 ~ 22:00,연중무휴,테이블 8개 / 좌석 16석,불가,,114208,
280,12277,노원상계3단지점,빽다방,서울특별시,서울특별시 노원구 동일로217가길 39,,https://theborndb.theborn.co.kr/wp-content/uploads/20240905_062041.png,"평일 07:00 ~ 21:00
주말 08:00 ~ 21:00",연중무휴,테이블 8개 / 좌석 16석,불가,,114136,
281,12272,제주동문시장점,빽다방,제주도,제주특별자치도 제주시 동문로 4,,https://theborndb.theborn.co.kr/wp-content/uploads/20240904_075735.png,08:00 ~ 22:00,연중무휴,없음,불가,,114071,
282,12247,부평보건소점,빽다방,인천광역시,인천광역시 부평구 부흥로293번길 8,070-5001-0016,https://theborndb.theborn.co.kr/wp-content/uploads/20240830_090001.png,"평일 08:00 ~ 21:00
주말,공휴일 09:00 ~ 21:00",연중무휴,테이블 14개 / 좌석 28석,불가,,114171,
283,12245,수원오목천점,빽다방,경기도,경기도 수원시 권선구 삼천병마로1592번길 3,070-5055-3353,https://theborndb.theborn.co.kr/wp-content/uploads/20240830_084358.png,"월~토 08:00 ~ 22:00
일요일 08:00 ~ 21:00",연중무휴,테이블 12개 / 좌석 24석,가능,,114158,
284,12242,전주효자상산점,빽다방,전라북도,전북특별자치도 전주시 완산구 효자천변2길 13,070-7777-8919,https://theborndb.theborn.co.kr/wp-content/uploads/20240830_084130.png,08:00 ~ 21:00,연중무휴,테이블 9개 / 좌석 18석,불가,,114132,
285,12240,한남순천향점,빽다방,서울특별시,서울특별시 용산구 대사관로 56,02-790-1847,https://theborndb.theborn.co.kr/wp-content/uploads/20240830_083901.png,07:00 ~ 20:00,연중무휴,테이블 6개 / 좌석 12석,불가,,114210,
286,12227,김천부곡점,빽다방,경상북도,경상북도 김천시 부곡길145,010-8817-6166,https://theborndb.theborn.co.kr/wp-content/uploads/20240828_024517.png,07:00 ~ 21:30,연중무휴,테이블 6개 / 좌석 14석,불가,,114166,
287,12223,서울경희대점,빽다방,서울특별시,서울특별시 동대문구 경희대로 20,070-5055-2055,https://theborndb.theborn.co.kr/wp-content/uploads/20240827_075149.png,07:30 ~ 22:00,연중무휴,없음,불가,,114201,
288,12221,세종시립도서관점,빽다방,세종특별자치시,세종특별자치시 세종로 1219,044-868-8200,https://theborndb.theborn.co.kr/wp-content/uploads/20240827_074603.png,08:00 ~ 21:00,연중무휴,테이블 10개 / 좌석 20석,가능(1시간 무료),,114134,
289,12219,대전노은파로스빌점,빽다방,대전광역시,대전광역시 유성구 은구비로 18,070-4333-0005,https://theborndb.theborn.co.kr/wp-content/uploads/20240827_074231.png,"평일 07:30 ~ 21:00
주말,공휴일 08:30 ~ 21:00",연중무휴,테이블 4개 / 좌석 8석,가능(유료주차장),,114130,
290,12217,천안직산산단점,빽다방,충청남도,충청남도 천안시 서북구 직산읍 4산단7로 92,,https://theborndb.theborn.co.kr/wp-content/uploads/20240827_073732.png,"평일 07:00 ~ 19:00
토요일 08:00 ~ 17:00
일요일 08:00 ~ 15:00",연중무휴,없음,가능,,114118,
291,12215,대전한신s메카점,빽다방,대전광역시,대전광역시 유성구 테크노3로 65,042-321-9900,https://theborndb.theborn.co.kr/wp-content/uploads/20240827_073308.png,"평일 07:30 ~ 21:00
주말 08:00 ~ 21:00",연중무휴,테이블 16개 / 좌석 32석,가능(1시간),,114207,
292,12208,구리검배로점,빽다방,경기도,경기도 구리시 검배로 27,031-522-6392,https://theborndb.theborn.co.kr/wp-content/uploads/20240820_055733.png,"평일 08:00 ~ 22:30
주말 09:00 ~ 22:30",연중무휴,테이블 5개 / 좌석 11석,불가,,114119,
293,12205,신동탄헤센타워점,빽다방,경기도,경기도 화성시 영통로60번길 7,070-7575-0337,https://theborndb.theborn.co.kr/wp-content/uploads/20240820_044739.png,"평일 07:30 ~ 22:00
토요일 08:00 ~ 22:00
일요일 08:30 ~ 22:00",연중무휴,테이블 8개 / 좌석 16석,가능(2시간 무료),,114207,
294,12202,대구동성로공평점,빽다방,대구광역시,대구광역시 중구 동성로6길 77,053-255-4456,https://theborndb.theborn.co.kr/wp-content/uploads/20240820_032933.png,"월~목 08:00 ~ 22:00
금~토 08:00 ~ 23:00
일요일 09:00 ~ 22:00",연중무휴,테이블 10개 / 좌석 20석,불가,,114133,
295,12200,대전갈마네거리점,빽다방,대전광역시,대전광역시 서구 신갈마로 186,070-4012-6582,https://theborndb.theborn.co.kr/wp-content/uploads/20240820_030815.png,07:30 ~ 22:00,연중무휴,테이블 22개 / 좌석 44석,가능,,114097,
296,12192,서울JD타워점,빽다방,서울특별시,서울특별시 중구 동호로 347,,https://theborndb.theborn.co.kr/wp-content/uploads/20240814_073647.png,"월~토 08:00 ~ 21:00
공휴일 08:00 ~ 17:00",매주 일요일,테이블 20개 / 좌석 40석,불가,,114100,
297,12190,완주군청점,빽다방,전라북도,전라북도 완주군 용진읍 운곡4로 20,063-714-3300,https://theborndb.theborn.co.kr/wp-content/uploads/20240813_093324.png,07:30 ~ 21:30,연중무휴,테이블 16개 / 좌석 32석,가능(매장 옆),,114149,
298,12187,서울숭미초교점,빽다방,서울특별시,서울특별시 도봉구 노해로 178,070-8211-3455,https://theborndb.theborn.co.kr/wp-content/uploads/20240813_091752.png,08:00 ~ 22:00,연중무휴,테이블 9개 / 좌석 18석,불가,,114148,
299,12185,이천마장점,빽다방,경기도,경기도 이천시 마장면 마장로52번길 16,070-5222-2027,https://theborndb.theborn.co.kr/wp-content/uploads/20240812_090138.png,"평일 08:00 ~ 22:00
주말 08:00 ~ 21:00",연중무휴,테이블 20개 / 좌석 40석,불가,,114089,
300,12183,판교우림w시티점,빽다방,경기도,경기도 성남시 분당구 판교로255번길 9-22,031-628-8954,https://theborndb.theborn.co.kr/wp-content/uploads/20240812_085756.png,07:00 ~ 17:00,"주말, 공휴일",테이블 13개 / 좌석 26석,가능(2시간 무료),,114135,
301,12181,동수원사거리점,빽다방,경기도,경기도 수원시 팔달구 경수대로 603,031-242-2738,https://theborndb.theborn.co.kr/wp-content/uploads/20240812_085505.png,"평일 08:30 ~ 21:30
주말 08:30 ~ 21:30",연중무휴,테이블 12개 / 좌석 24석,불가,,114067,
302,12174,제기동역점,빽다방,서울특별시,서울특별시 동대문구 왕산로 110,,https://theborndb.theborn.co.kr/wp-content/uploads/20240809_074843.png,07:30 ~ 21:00,연중무휴,테이블 9개 / 좌석 22석,불가,,114121,
303,12172,인천성민병원점,빽다방,인천광역시,인천광역시 서구 신석로 79,032-577-5122,https://theborndb.theborn.co.kr/wp-content/uploads/20240809_072436.png,08:00 ~ 22:30,연중무휴,없음,불가,,114101,
304,12170,인천연수대림점,빽다방,인천광역시,인천광역시 연수구 원인재로 286,070-4116-5000,https://theborndb.theborn.co.kr/wp-content/uploads/20240809_071856.png,"평일 07:30 ~ 23:00
주말,공휴일 09:00 ~ 23:00",연중무휴,테이블 11개 / 좌석 22석,불가,,114098,
305,12158,군산대야점,빽다방,전라북도,전라북도 군산시 대야면 번영로 908,063-731-1222,https://theborndb.theborn.co.kr/wp-content/uploads/20240806_092007.png,07:00 ~ 19:00,연중무휴,테이블 13개 / 좌석 26석,불가,,114141,
306,12155,제주하귀점,빽다방,제주도,제주도 제주시 애월읍 하광로 12,070-5001-1190,https://theborndb.theborn.co.kr/wp-content/uploads/20240806_091358.png,07:00 ~ 20:00,연중무휴,테이블 8개 / 좌석 16석,가능,,114128,
307,12153,광진화양삼거리점,빽다방,서울특별시,서울특별시 광진구 광나루로 370,070-5222-1446,https://theborndb.theborn.co.kr/wp-content/uploads/20240806_091132.png,08:30 ~ 21:30,연중무휴,테이블 7개 / 좌석 12석,불가,,114127,
308,12151,대구남평리네거리점,빽다방,대구광역시,대구광역시 서구 서대구로77,053-710-9228,https://theborndb.theborn.co.kr/wp-content/uploads/20250502_080946.png,08:00 ~ 21:00,연중무휴,테이블 3개 / 좌석 6석,불가,,114116,
309,12125,전북장수점,빽다방,전라북도,전라북도 장수군 장수읍 장천로 175,070-5222-1333,https://theborndb.theborn.co.kr/wp-content/uploads/20240729_095113.png,08:00 ~ 21:00,연중무휴,테이블 5개 / 좌석 10석,가능(터미널주차장),,114126,
310,12123,다산역점,빽다방,경기도,경기도 남양주시 다산중앙로145번길 15,031-552-9035,https://theborndb.theborn.co.kr/wp-content/uploads/20240729_094738.png,08:00 ~ 21:30,연중무휴,테이블 6개 / 좌석 12석,가능(신해센트럴타워2 주차장 2시간 무료),,114092,
311,12121,충북혁신도시음성점,빽다방,충청북도,충청북도 음성군 맹동면 대하로 291,070-4647-2641,https://theborndb.theborn.co.kr/wp-content/uploads/20240729_094248.png,"평일 08:00 ~ 21:00
주말 09:00 ~ 20:30",연중무휴,테이블 5개 / 좌석 10석,불가,,114076,
312,12119,종로3가대로점,빽다방,서울특별시,서울특별시 종로구 종로 118,02-2273-3777,https://theborndb.theborn.co.kr/wp-content/uploads/20240729_094041.png,07:00 ~ 23:00,연중무휴,테이블 5개 / 좌석 10석,불가,,114077,
313,12117,평택고덕국제신도시점,빽다방,경기도,경기도 평택시 함박산8길 29,,https://theborndb.theborn.co.kr/wp-content/uploads/20240729_093753.png,08:00 ~ 22:00,연중무휴,테이블 7개 / 좌석 16석,가능,,114105,
314,12107,신이문역점,빽다방,서울특별시,서울 동대문구 이문동 220-105 1층,070-4027-3638,https://theborndb.theborn.co.kr/wp-content/uploads/20250530_051538.jpg,"평일 08:00 ~ 21:00
주말 09:00 ~ 21:00",연중무휴,테이블 6개 / 좌석 12석,불가,,114762,
315,12105,광주상무금호타운점,빽다방,광주광역시,광주광역시 서구 치평로 24,,https://theborndb.theborn.co.kr/wp-content/uploads/20240719_070655.png,"월-토요일 08:00 ~ 19:50
일요일 08:00 ~ 18:30",연중무휴,테이블 9개 / 좌석 18석,가능,,114075,
316,12103,중곡가구거리점,빽다방,서울특별시,서울특별시 광진구 천호대로 575,070-8656-9729,https://theborndb.theborn.co.kr/wp-content/uploads/20240719_062449.png,"평일 07:00 ~ 22:00
주말 08:00 ~ 22:00",연중무휴,테이블 6개 / 좌석 12개,불가,,114046,
317,12101,잠실대교북단점,빽다방,서울특별시,서울특별시 광진구 자양로 48,02-6958-9358,https://theborndb.theborn.co.kr/wp-content/uploads/20240719_061913.png,"평일 07:00 ~ 22:00
주말 08:00 ~ 22:00",연중무휴,테이블 10개 / 좌석 20석,불가,,113974,
318,12099,고양현대테라타워점,빽다방,경기도,경기 고양시 덕양구 향동동 396 현대테라타워DMC 1층 A-B108호,02-710-5524,https://theborndb.theborn.co.kr/wp-content/uploads/20240719_060726.png,08:00 ~ 19:00,연중무휴,테이블 3개 / 좌석 9석,가능,,114826,
319,12097,주문진교항점,빽다방,강원도,강원특별자치도 강릉시 주문진읍 연주로 293,,https://theborndb.theborn.co.kr/wp-content/uploads/20250228_025043.png,08:00 ~ 21:00,연중무휴,테이블 6개 / 좌석 12석,불가,,114104,
320,12094,대구복현점,빽다방,대구광역시,대구광역시 북구 검단로 8,,https://theborndb.theborn.co.kr/wp-content/uploads/20240715_070903.png,07:00 ~ 22:00,연중무휴,롯데리아 좌석 사용가능,가능,,114074,
321,12092,종로5가역점,빽다방,서울특별시,서울특별시 종로구 종로 213,02-745-2147,https://theborndb.theborn.co.kr/wp-content/uploads/20240715_070424.png,07:00 ~ 20:00,연중무휴,없음,불가,,114057,
322,12089,부산영도동삼점,빽다방,부산광역시,부산광역시 영도구 동삼로 61,051-911-1226,https://theborndb.theborn.co.kr/wp-content/uploads/20240715_061910.png,08:00 ~ 21:30,연중무휴,없음(테이크아웃 전용),불가,,114059,
323,12087,전주송천센트럴파크점,빽다방,전라북도,전북특별자치도 전주시 덕진구 송천로 1,,https://theborndb.theborn.co.kr/wp-content/uploads/20240712_084900.png,07:30 ~ 22:00,연중무휴,테이블 17개 / 좌석 34석,불가,,114074,
324,12085,제주한경면수월봉점,빽다방,제주도,제주특별자치도 제주시 한경면 고산서3길 1,064-772-1253,https://theborndb.theborn.co.kr/wp-content/uploads/20240712_082411.png,08:30 ~ 18:00,연중무휴,테이블 8개 / 좌석 16석,가능,,114034,
325,12083,대구두류공원점,빽다방,대구광역시,대구광역시 달서구 두류공원로 244,070-7575-0717,https://theborndb.theborn.co.kr/wp-content/uploads/20240712_080327.png,"평일 08:00 ~ 21:00
주말 10:00 ~ 21:00",연중무휴,테이블 12개 / 좌석 24석,불가,,114036,
326,12079,부천테크노파크점,빽다방,경기도,경기도 부천시 오정구 삼작로 22,032-321-8692,https://theborndb.theborn.co.kr/wp-content/uploads/20240712_073522.png,"평일 07:00 ~ 19:00
토요일 06:00 ~ 15:00","매주 일요일, 공휴일",테이블 15개 / 좌석 29석,가능(유료),,114068,
327,12070,전주모래내시장점,빽다방,전라북도,전북특별자치도 전주시 덕진구 안덕원로 165,063-255-3601,https://theborndb.theborn.co.kr/wp-content/uploads/20240715_073350.png,"평일 07:30 ~ 20:00
주말 08:00 ~ 20:00",연중무휴,테이블 8개 / 좌석 16석,불가,,114502,
328,12066,몽촌토성역점,빽다방,서울특별시,서울특별시 송파구 백제고분로51길 23,02-423-3090,https://theborndb.theborn.co.kr/wp-content/uploads/20240704_011527.png,07:30 ~ 22:00,연중무휴,테이블 5개 / 좌석 7석,불가,,114040,
329,12064,대구황금역SK뷰점,빽다방,대구광역시,대구광역시 수성구 동대구로 95,053-767-0106,https://theborndb.theborn.co.kr/wp-content/uploads/20240703_063639.png,"월-토요일 08:00 ~ 21:00
일요일 09:00 ~21:00",연중무휴,테이블 15개 / 좌석 30석,가능(유료 지하주차장),,114038,
330,12050,대구고성동오페라점,빽다방,대구광역시,대구광역시 북구 고성북로 34,053-217-7553,https://theborndb.theborn.co.kr/wp-content/uploads/20240628_011503.png,"평일 08:30 ~ 20:30
주말 09:00 ~ 20:30",연중무휴,테이블 9개 / 좌석 18석,불가,,114027,
331,12048,시흥매화산단점,빽다방,경기도,경기도 시흥시 매화동 846,,https://theborndb.theborn.co.kr/wp-content/uploads/20240628_011223.png,"평일 07:00 ~ 20:00
토요일 07:00 ~ 16:00
일요일 08:00 ~ 16:00",연중무휴,테이블 3개 / 좌석 6석,가능,,114018,
332,12046,강릉강문해변점,빽다방,강원도,강원특별자치도 강릉시 창해로350번길 21,,https://theborndb.theborn.co.kr/wp-content/uploads/20240628_010842.png,07:00 ~ 21:00,연중무휴,테이블 6개 / 좌석 12석,가능(강문해변 공영주차장 1시간 무료),,114106,
333,12044,익산부송주공점,빽다방,전라북도,전북특별자치도 익산시 궁동로 126,063-723-3232,https://theborndb.theborn.co.kr/wp-content/uploads/20240628_010551.png,07:00 ~ 21:30,연중무휴,테이블 9개 / 좌석 18석,가능,,113996,
334,12042,소사역점,빽다방,경기도,경기도 부천시 원미구 소사로282번길 8,032-342-5488,https://theborndb.theborn.co.kr/wp-content/uploads/20240627_085628.png,07:00 ~ 21:00,연중무휴,테이블 24개 / 좌석 55석,불가,,114066,
335,12040,관악인헌점,빽다방,서울특별시,서울시 관악구 남부순환로 1944,,https://theborndb.theborn.co.kr/wp-content/uploads/20240627_083546.png,"월-목요일 07:30 ~ 23:15
금요일 07:30 ~ 23:45
토요일 08:00 ~ 23:45
일요일 08:30 ~ 22:45",연중무휴,없음,불가,,114008,
336,12038,행신햇빛마을점,빽다방,경기도,"경기도 고양시 덕양구 중앙로554, 1층 108호",070-5055-2424,https://theborndb.theborn.co.kr/wp-content/uploads/20240627_083335.png,08:00 ~ 22:00,연중무휴,테이블 4개 / 좌석 8석,불가,,114037,
337,12036,과천상상자이점,빽다방,경기도,경기도 과천시 과천대로 7길 65,070-5001-6003,https://theborndb.theborn.co.kr/wp-content/uploads/20240627_082928.png,"평일 07:00 ~ 19:00
토요일 08:00 ~ 15:00",매주 일요일 및 공휴,테이블 8개 / 좌석 16석,가능,,114021,
338,12034,시흥시청점,빽다방,경기도,경기도 시흥시 시청로 33,070-8770-4793,https://theborndb.theborn.co.kr/wp-content/uploads/20240627_082206.png,08:00 ~ 21:00,연중무휴,테이블 3개 / 좌석 6석,불가,,113564,
339,12026,천안신방초원점,빽다방,충청남도,충청남도 천안시 동남구 신촌4로 16,041-577-3206,https://theborndb.theborn.co.kr/wp-content/uploads/20240621_085246.png,08:00 ~ 22:00,연중무휴,테이블 14개 / 좌석 28석,가능(유료),,114985,
340,12024,부천역점,빽다방,경기도,경기 부천시 원미구 부천로 4-1,,https://theborndb.theborn.co.kr/wp-content/uploads/20240621_084917.png,07:00 ~ 22:00,연중무휴,테이블 25개 / 좌석 50석,불가,,114031,
341,12021,시흥정왕유천점,빽다방,경기도,경기도 시흥시 중심상가로 324,070-8666-3222,https://theborndb.theborn.co.kr/wp-content/uploads/20240621_084308.png,08:00 ~ 21:00,연중무휴,테이블 14개 / 좌석 28석,가능,,114032,
342,12011,진해북원로터리점,빽다방,경상남도,경상남도 창원시 진해구 여명로 4,055-713-7113,https://theborndb.theborn.co.kr/wp-content/uploads/20240618_030846.png,"평일 06:30 ~ 22:00
토요일 06:00 ~ 22:00
일요일 06:00 ~ 21:30",연중무휴,테이블 5개 / 좌석 10석,가능,,114029,
343,12005,화정중앙공원점,빽다방,경기도,경기도 고양시 덕양구 화신로 259,031-971-4725,https://theborndb.theborn.co.kr/wp-content/uploads/20240613_065507.png,09:00 ~ 21:30,연중무휴,테이블 17개 / 좌석 34석,가능,,113989,
344,12003,쌍문역2번출구점,빽다방,서울특별시,서울 도봉구 도봉로 476,,https://theborndb.theborn.co.kr/wp-content/uploads/20240613_065252.png,08:00 ~ 22:00,연중무휴,테이블 8개 / 좌석 16석,가능(유료),,113967,
345,11997,강북중학교점,빽다방,서울특별시,서울특별시 강북구 한천로150길 70,070-4888-2121,https://theborndb.theborn.co.kr/wp-content/uploads/20240613_063542.png,"평일 08:00 ~ 22:00
주말 09:00 ~ 22:00",연중무휴,테이블 21개 / 좌석 42석,가능,,113955,
346,11992,도봉구청점,빽다방,서울특별시,서울특별시 도봉구 마들로 650,02-3494-0410,https://theborndb.theborn.co.kr/wp-content/uploads/20240611_050744.png,"평일 07:30 ~ 21:00
주말 09:00 ~ 21:00",연중무휴,없음,가능,,113983,
347,11989,대전용산점,빽다방,대전광역시,대전광역시 유성구 용산1로 83 1층,042-933-8624,https://theborndb.theborn.co.kr/wp-content/uploads/20240611_050636.png,"평일 08:00 ~ 21:00
주말 08:30 ~ 21:00",연중무휴,테이블 7개 / 좌석 14석,불가,,114007,
348,11987,당진합덕점,빽다방,충청남도,충청남도 당진시 합덕읍 덕평로 553,041-363-9394,https://theborndb.theborn.co.kr/wp-content/uploads/20240611_030408.png,07:00 ~ 22:00,연중무휴,테이블 24개 / 좌석 48석,가능,,114001,
349,11985,춘천엔타점,빽다방,강원도,강원특별자치도 춘천시 후석로 120 춘천ENTA몰 1층 109호,070-8813-8709,https://theborndb.theborn.co.kr/wp-content/uploads/20240611_030145.png,"평일 08:30 ~ 21:00
주말 08:30 ~ 21:30",연중무휴,테이블 21개 / 좌석 48석,가능,,113988,
350,11983,상암이안점,빽다방,서울특별시,서울 마포구 월드컵북로 361,070-8287-2690,https://theborndb.theborn.co.kr/wp-content/uploads/20240611_025508.png,07:00 ~ 21:00,연중무휴,테이블 4개 / 좌석 8석,불가,,113973,
351,11975,인천산곡고점,빽다방,인천광역시,인천광역시 부평구 부영로189번길 36,032-501-2587,https://theborndb.theborn.co.kr/wp-content/uploads/20240604_081241.png,07:30 ~ 23:00,연중무휴,테이블 4개 / 좌석 8석,가능,,114005,
352,11973,청량리우남SL타워점,빽다방,서울특별시,서울특별시 동대문구 왕산로 186,070-8667-7560,https://theborndb.theborn.co.kr/wp-content/uploads/20240604_080958.png,"월-토요일 08:00 ~ 20:00
일요일 08:30 ~ 20:00",연중무휴,테이블 8개 / 좌석 16석,가능,,113992,
353,11971,안양대우상가점,빽다방,경기도,"경기도 안양시 만안구 안양동 70, 안양대우아파트 상가 102호",070-4099-0440,https://theborndb.theborn.co.kr/wp-content/uploads/20240604_080550.png,"평일 07:30 ~ 21:00
주말,공휴일 09:00 ~ 20:30",연중무휴,없음,불가,,113934,
354,11967,종합운동장역점,빽다방,서울특별시,서울특별시 송파구 올림픽로 76,,https://theborndb.theborn.co.kr/wp-content/uploads/20240604_062429.png,08:00 ~ 22:00,연중무휴,테이블 17개 / 좌석 34석,가능,,113941,
355,11965,성남금광금빛점,빽다방,경기도,경기도 성남시 중원구 광명로 317,031-735-4847,https://theborndb.theborn.co.kr/wp-content/uploads/20240604_060106.png,"평일 08:00 ~ 22:00
주말 08:00 ~ 22:00",연중무휴,테이블 2개 / 좌석 4석,불가,,113949,
356,11955,평택고덕SBC점,빽다방,경기도,경기도 평택시 고덕여염로 118,031-8054-7879,https://theborndb.theborn.co.kr/wp-content/uploads/20240529_084959.png,"평일 07:00 ~ 19:00
토요일 10:00 ~ 14:00","매주 일요일, 공휴일",테이블 6개 / 좌석 12석,불가,,113961,
357,11953,대전괴정점,빽다방,대전광역시,대전광역시 서구 괴정로 29,042-537-1401,https://theborndb.theborn.co.kr/wp-content/uploads/20240529_084145.png,"평일 08:00 ~ 22:00
토요일 08:00 ~ 21:00
일요일 09:00 ~ 21:00",연중무휴,테이블 8개 / 좌석 16석,불가,,113913,
358,11934,인천효성e편한세상점,빽다방,인천광역시,"인천광역시 계양구 효서로 145, 상가 2동 1층 106호",070-5014-4662,https://theborndb.theborn.co.kr/wp-content/uploads/20240523_063644.png,08:00 ~ 22:00,연중무휴,테이블 9개 / 좌석 18석,불가,,113944,
359,11932,신영통현대점,빽다방,경기도,경기도 화성시 영통로 59,070-5001-1818,https://theborndb.theborn.co.kr/wp-content/uploads/20240523_063316.png,08:00 ~ 22:00,연중무휴,테이블 17개 / 좌석 34석,가능,,113941,
360,11930,부평역지하상가점,빽다방,인천광역시,"인천광역시 부평구 광장로 지하30, 35호 36호",032-715-5597,https://theborndb.theborn.co.kr/wp-content/uploads/20240523_062959.png,"평일 07:00 ~ 21:00
토요일 08:00 ~ 21:00
일요일 09:00 ~ 21:00",매주 넷째주 화요일,테이블 10개 / 좌석 20석,불가,,113911,
361,11928,상계하늘공원점,빽다방,서울특별시,서울특별시 노원구 덕릉로738,070-7585-9502,https://theborndb.theborn.co.kr/wp-content/uploads/20240523_060327.png,08:00 ~ 21:00,연중무휴,테이블 3개 / 좌석 6석,불가,,113954,
362,11917,대전트리풀시티호수점,빽다방,대전광역시,대전광역시 서구 도안동로 234,042-542-3283,https://theborndb.theborn.co.kr/wp-content/uploads/20240520_024918.png,08:00 ~ 22:00,연중무휴,테이블 8개 / 좌석 16석,불가,,113935,
363,11912,서귀포중문로터리점,빽다방,제주도,제주특별자치도 서귀포시 중문관광로 348,064-739-2139,https://theborndb.theborn.co.kr/wp-content/uploads/20240517_033955.png,07:00 ~ 21:00,연중무휴,테이블 8개 / 좌석 16석 / 바테이블 4석,가능,,113962,
364,11910,화곡중앙시장점,빽다방,서울특별시,서울특별시 강서구 가로공원로76길 75,02-2602-7779,https://theborndb.theborn.co.kr/wp-content/uploads/20240517_031653.png,07:00 ~ 22:30,연중무휴,테이블 17개 / 좌석 34석,불가,,113904,
365,11908,영등포시장사거리점,빽다방,서울특별시,서울시 영등포구 영등포로 202,02-6338-0328,https://theborndb.theborn.co.kr/wp-content/uploads/20240517_020117.png,"월~토 07:30 ~ 20:30
일요일 07:30 ~ 20:00",연중무휴,테이블 8개 / 좌석 17석,연중무휴,,113909,
366,11906,대전도안갑천레이크점,빽다방,대전광역시,"대전광역시 유성구 원신흥로122-11, 1층 102호",042-721-0063,https://theborndb.theborn.co.kr/wp-content/uploads/20240517_015744.png,08:00 ~ 21:00,연중무휴,테이블 11개 / 좌석 22석,불가,,113956,
367,11904,장승배기역점,빽다방,서울특별시,서울특별시 동작구 장승배기로 71,070-4333-3993,https://theborndb.theborn.co.kr/wp-content/uploads/20240516_085945.png,"평일 08:00 ~ 20:00
주말 09:00 ~ 19:00",연중무휴,테이블 6개 / 좌석 12석,불가,,113835,
368,11902,천안아산역점,빽다방,충청남도,"충청남도 아산시 배방읍 고속철대로 147, 우성메디피아 1층",041-910-0040,https://theborndb.theborn.co.kr/wp-content/uploads/20240516_085621.png,"평일 08:00 ~ 20:00
일요일,공휴일 09:00 ~ 20:00",연중무휴,테이블 11개 / 좌석 27석,지하 유료주차장,,113936,
369,11900,진주혁신소호점,빽다방,경상남도,경상남도 진주시 범골로54번길 19,070-8667-6608,https://theborndb.theborn.co.kr/wp-content/uploads/20240516_085322.png,08:00 ~ 20:00,연중무휴,테이블 5개 / 좌석 10석,지하 유료주차장,,113923,
370,11897,문래SKV1센터점,빽다방,서울특별시,서울특별시 영등포구 선유로9길 10,0507-1448-4030,https://theborndb.theborn.co.kr/wp-content/uploads/20240516_083656.png,07:30 ~ 21:00,연중무휴,테이블 10개 / 좌석 20석,불가,,114655,
371,11895,완주용진점,빽다방,전라북도,전북특별자치도 완주군 용진읍 완주로 212,,https://theborndb.theborn.co.kr/wp-content/uploads/20240516_083332.png,06:00 ~ 19:00,연중무휴,테이블 18개 / 좌석 32석,가능,,113920,
372,11893,청주문의IC주유소점,빽다방,충청북도,충청북도 청주시 상당구 문의면 미천고은로 61,010-3445-2852,https://theborndb.theborn.co.kr/wp-content/uploads/20250716_061345.jpg,07:00 ~ 19:00,연중무휴,테이블 3개 / 좌석 6석,불가,,114801,
373,11891,인천검단더시글로점,빽다방,인천광역시,인천광역시 서구 원당대로 966,070-4006-1095,https://theborndb.theborn.co.kr/wp-content/uploads/20240516_082711.png,09:00 ~ 20:00,연중무휴,테이블 7개 / 좌석 14석,가능,,113919,
374,11889,세종전의점,빽다방,세종특별자치시,세종특별자치시 전의면 운주산로 1200,044-868-1776,https://theborndb.theborn.co.kr/wp-content/uploads/20240516_080807.png,09:00 ~ 21:00,연중무휴,테이블 21개 / 좌석 42석,불가,,114435,
375,11887,가양중앙점,빽다방,서울특별시,서울특별시 강서구 양천로57길 13,070-4012-7107,https://theborndb.theborn.co.kr/wp-content/uploads/20240516_080500.png,"월~토 08:00 ~ 22:00
일요일 08:00 ~ 21:00",연중무휴,테이블 7개 / 좌석 14석,불가,,113915,
376,11885,종로3가낙원점,빽다방,서울특별시,서울특별시 종로구 수표로 115-1,,https://theborndb.theborn.co.kr/wp-content/uploads/20240516_075914.png,"월~목 08:00 ~ 23:00
금~일 08:00 ~ 24:00",연중무휴,없음,불가,,113916,
377,11877,대전신성산단점,빽다방,대전광역시,대전광역시 유성구 유성대로1184번길 5-5,042-867-0305,https://theborndb.theborn.co.kr/wp-content/uploads/20240508_032328.png,"평일 07:30 ~ 21:30
주말,공휴일 09:00 ~ 17:00",연중무휴,테이블 15개 / 좌석 30석,불가,,113938,
378,11875,세종고운하모니점,빽다방,세종특별자치시,세종특별자치시 마음로 272-28,044-866-4806,https://theborndb.theborn.co.kr/wp-content/uploads/20240508_031043.png,"평일 08:00 ~ 21:00
주말 09:00 ~ 22:00",연중무휴,테이블 5개 / 좌석 10석,가능,,113905,
379,11873,광주운암벽산점,빽다방,광주광역시,광주광역시 북구 황계로 59,070-4333-4222,https://theborndb.theborn.co.kr/wp-content/uploads/20240508_030747.png,07:00 ~ 21:30,연중무휴,테이블 8개 / 좌석 16석,불가,,113933,
380,11871,광주성원점,빽다방,경기도,경기도 광주시 태봉로 51,031-699-8044,https://theborndb.theborn.co.kr/wp-content/uploads/20240508_030431.png,"평일 08:00 ~ 21:00
주말 09:00 ~ 20:00",연중무휴,테이블 6개 / 좌석 12석,불가,,113930,
381,11869,청주옥산점,빽다방,충청북도,충청북도 청주시 흥덕구 옥산면 청주역로 625,043-263-1008,https://theborndb.theborn.co.kr/wp-content/uploads/20240508_024712.png,08:00 ~ 21:00,연중무휴,테이블 8개 / 좌석 16석,가능,,113880,
382,11859,안양중앙시장점,빽다방,경기도,경기도 안양시 만안구 병목안로 15,070-4242-2240,https://theborndb.theborn.co.kr/wp-content/uploads/20240502_085002.png,08:00 ~ 22:00,연중무휴,테이블 19개 / 좌석 42석,불가,,113884,
383,11857,성남모란역점,빽다방,경기도,경기도 성남시 중원구 광명로 2,031-755-5557,https://theborndb.theborn.co.kr/wp-content/uploads/20240502_084524.png,07:30 ~ 22:30,연중무휴,테이블 16개 / 좌석 32개,불가,,113939,
384,11855,부평여고점,빽다방,인천광역시,인천광역시 부평구 부흥로 249,032-221-7668,https://theborndb.theborn.co.kr/wp-content/uploads/20240502_084139.png,"평일 08:00 ~ 22:00
주말 09:00 ~ 22:00",연중무휴,테이블 6개 / 좌석 12석,불가,,113891,
385,11853,평택안정점,빽다방,경기도,경기도 평택시 팽성읍 안정쇼핑로 38-1,0507-1442-4646,https://theborndb.theborn.co.kr/wp-content/uploads/20240502_081019.png,"월~목 08:30 ~ 21:00
금요일 08:30 ~ 22:00
토요일 09:00 ~ 22:00
일요일 09:00 ~ 21:00",연중무휴,테이블 7개 / 좌석 14석,불가,,113861,
386,11840,세종부강점,빽다방,세종특별자치시,세종특별자치시 부강면 부강로 53,044-998-0004,https://theborndb.theborn.co.kr/wp-content/uploads/20240430_082351.png,09:00 ~ 20:00,연중무휴,테이블 15개 / 좌석 30석,가능,,113881,
387,11838,군산내흥점,빽다방,전라북도,전북특별자치도 군산시 정자로 64,063-912-9005,https://theborndb.theborn.co.kr/wp-content/uploads/20240430_082053.png,08:00 ~ 21:00,연중무휴,테이블 4개 / 좌석 8석,인근 공영주차장,,114849,
388,11836,부천춘의점,빽다방,경기도,경기도 부천시 원미구 부천로198번길 27,,https://theborndb.theborn.co.kr/wp-content/uploads/20240430_081823.png,07:00 ~ 20:00,매주 일요일,테이블 10개 / 좌석 20석,가능,,113942,
389,11834,서울중계초교점,빽다방,서울특별시,서울특별시 노원구 한글비석로15길 27,02-6956-6001,https://theborndb.theborn.co.kr/wp-content/uploads/20240430_074915.png,08:30 ~ 22:00,연중무휴,테이블 25개 / 좌석 50석,불가,,113873,
390,11832,광진이튼1차점,빽다방,서울특별시,서울특별시 광진구 능동로 68 이튼타워리버1차 1층 114호,02-446-5658,https://theborndb.theborn.co.kr/wp-content/uploads/20240430_074545.png,"평일 08:00 ~ 21:00
주말 08:00 ~ 22:00",연중무휴,테이블 7개 / 좌석 14석,가능,,113821,
391,11830,제주보성시장점,빽다방,제주도,제주특별자치도 제주시 중앙로 179,064-722-6496,https://theborndb.theborn.co.kr/wp-content/uploads/20240430_072931.png,09:00 ~ 20:00,연중무휴,테이블 7개 / 좌석 14석,불가,,113864,
392,11828,청주사직푸르지오점,빽다방,충청북도,충청북도 청주시 서원구 예체로 55,070-7807-5260,https://theborndb.theborn.co.kr/wp-content/uploads/20240430_072053.png,08:00 ~ 22:30,연중무휴,테이블 6개 / 좌석 12석,불가,,113883,
393,11826,천안남서울대점,빽다방,충청남도,충청남도 천안시 서북구 성환읍 성진로 57,070-4060-8828,https://theborndb.theborn.co.kr/wp-content/uploads/20240430_071645.png,"평일 09:00 ~ 20:00
주말 및 공휴일 10:00 ~ 18:00",연중무휴,테이블 13개 / 좌석 26석,불가,,113889,
394,11824,대전송촌5단지점,빽다방,대전광역시,대전광역시 대덕구 동춘당로44번길 11,070-5055-1234,https://theborndb.theborn.co.kr/wp-content/uploads/20240430_064519.png,"일~목 07:30 ~ 22:00
금~토 07:30 ~ 22:30",연중무휴,테이블 6개 / 좌석 15석,불가,,113846,
395,11804,당진신평점,빽다방,충청남도,충청남도 당진시 신평면 거산3거리길 13,041-362-1103,https://theborndb.theborn.co.kr/wp-content/uploads/20241224_073830.png,"평일 07:30 ~ 20:00
주말,공휴일 08:00 ~ 21:30",연중무휴,테이블 31개 / 좌석 62석,가능,,114445,
396,11802,노량진2동점,빽다방,서울특별시,서울시 동작구 노량진로 110,070-8633-5091,https://theborndb.theborn.co.kr/wp-content/uploads/20240424_083504.png,07:00 ~ 20:00,"매주 일요일, 공휴일",테이블 7개 / 좌석 14석,불가,,113866,
397,11800,영등포도림점,빽다방,서울특별시,"서울 영등포구 도림로 386, 웰니스 1층",070-7777-3633,https://theborndb.theborn.co.kr/wp-content/uploads/20240424_083036.png,08:00 ~ 21:00,연중무휴,테이블 13개 / 좌석 24석,가능,,113825,
398,11795,파주한빛마을점,빽다방,경기도,경기도 파주시 와석순환로 66,070-5222-2020,https://theborndb.theborn.co.kr/wp-content/uploads/20240424_060232.png,"월,화,금 08:00 ~ 21:00
수,목 08:00 ~ 18:00",연중무휴,테이블 12개 / 좌석 24석,가능,,113854,
399,11792,하남망월점,빽다방,경기도,경기도 하남시 미사강변동로 70,,https://theborndb.theborn.co.kr/wp-content/uploads/20240424_053559.png,08:00 ~ 21:00,연중무휴,테이블 9개 / 좌석 18석,불가,,113918,
400,11779,충무로필동점,빽다방,서울특별시,서울특별시 중구 필동로 31,02-2274-1905,https://theborndb.theborn.co.kr/wp-content/uploads/20240417_051946.png,"평일 07:00 ~ 22:00
주말 09:00 ~ 14:30",연중무휴,테이블 10개 / 좌석 20석,불가,,113854,
401,11777,병점역SK뷰점,빽다방,경기도,"경기도 화성시 경기대로990, 104동 상가 1층",070-8666-6337,https://theborndb.theborn.co.kr/wp-content/uploads/20240417_051604.png,08:00 ~ 22:00,연중무휴,테이블 12개 / 좌석 24석,가능,,113872,
402,11775,여주태평리점,빽다방,경기도,경기도 여주시 가남읍 태평로 56,070-7759-7770,https://theborndb.theborn.co.kr/wp-content/uploads/20240417_051252.png,08:00 ~ 21:00,연중무휴,테이블 8개 / 좌석 16석,가능,,113869,
403,11773,퍼블릭가산점,빽다방,서울특별시,"서울 금천구 디지털로 178, 현대지식산업센터 가산퍼블릭 B동 135호",02-2114-8550,https://theborndb.theborn.co.kr/wp-content/uploads/20240417_045810.png,"평일 07:30 ~ 19:30
주말 09:00 ~ 17:30",,테이블 2개 / 좌석 4석,불가,,113823,
404,11771,군포송정점,빽다방,경기도,경기도 군포시 송부로 88,070-5001-5505,https://theborndb.theborn.co.kr/wp-content/uploads/20240417_045448.png,08:00 ~ 22:00,연중무휴,테이블 5개 / 좌석 10석,가능,,113862,
405,11769,상주시청점,빽다방,경상북도,경상북도 상주시 상서문2길 112,054-907-5535,https://theborndb.theborn.co.kr/wp-content/uploads/20240417_045205.png,08:00 ~ 21:00,연중무휴,테이블 9개 / 좌석 12석,불가,,113879,
406,11767,일산식사구제거리점,빽다방,경기도,경기도 고양시 일산동구 견달산로 265,070-4107-7077,https://theborndb.theborn.co.kr/wp-content/uploads/20240417_044826.png,08:00 ~ 19:00(아이스크림 마감 18시),연중무휴,테이블 20개 / 좌석 40석,가능,,113849,
407,11753,창동에이치큐브병원점,빽다방,서울특별시,서울특별시 도봉구 도봉로 604,,https://theborndb.theborn.co.kr/wp-content/uploads/20240409_023601.png,"평일 08:00 ~ 20:00
토요일 08:00 ~ 19:00
일요일 09:00 ~ 19:00",연중무휴,테이블 15개 / 좌석 30석,병원건물 지하 유료주차장,,113829,
408,11750,인천석남역점,빽다방,인천광역시,인천광역시 서구 가정로 237-1,070-5208-7888,https://theborndb.theborn.co.kr/wp-content/uploads/20240409_022839.png,08:00 ~ 24:00,연중무휴,테이블 18개 / 좌석 36석,불가,,113887,
409,11748,강릉남산초교점,빽다방,강원도,강원도 강릉시 남부로 125번길 26,070-8815-4566,https://theborndb.theborn.co.kr/wp-content/uploads/20240409_022424.png,07:30 ~ 21:00,"매월 넷째주 일요일, 월요일 정기휴무",테이블 11개 / 좌석 22석 / 바테이블 1개(4석),가능,,113865,
410,11746,의성도리원,빽다방,경상북도,경상북도 의성군 봉양면 도리원1길 63-1,,https://theborndb.theborn.co.kr/wp-content/uploads/20240409_021938.png,"평일 09:00 ~ 21:00
주말 10:00 ~ 21:00",격주 화요일,테이블 11개 / 좌석 22석,불가,,113858,
411,11744,제주애월항점,빽다방,제주도,제주특별자치도 제주시 애월읍 애월로13길 54-1,070-8822-9999,https://theborndb.theborn.co.kr/wp-content/uploads/20240409_021629.png,09:00 ~ 19:00,연중무휴,테이블 10개 / 좌석 20석,가능,,113850,
412,11742,인천삼산미래타운점,빽다방,인천광역시,인천 부평구 부평북로 442 삼산프라자 1층 103호,070-5001-0100,https://theborndb.theborn.co.kr/wp-content/uploads/20240409_021329.png,08:00 ~ 22:00,연중무휴,테이블 20개 / 좌석 40석,불가,,113855,
413,11740,과천디테크타워점,빽다방,경기도,경기도 과천시 과천대로7길 33,02-6390-6040,https://theborndb.theborn.co.kr/wp-content/uploads/20240409_020825.png,"평일 07:30 ~ 18:30
토요일 10:00 ~ 15:30",매주 일요일,테이블 23개 / 좌석 50개,불가,,113792,
414,11731,안산반달섬점,빽다방,한국,"경기도 안산시 단원구 시화호수로 623, 131호",,https://theborndb.theborn.co.kr/wp-content/uploads/20240401_052913.jpg,09:00 ~ 21:00,연중무휴,테이블 14 /좌석 28석,건물 내 주차장 이용 가능,,113820,
415,11728,방학사거리,빽다방,서울특별시,서울시 도봉구 도봉로 679,02-6958-7770,https://theborndb.theborn.co.kr/wp-content/uploads/20240401_050145.jpg,08:00 ~ 19:00,연중무휴,테이블 9개 / 좌석 18석,불가,,113740,
416,11717,양산석산점,빽다방,경상남도,경상남도 양산시 동면 석산리 1449-6,,https://theborndb.theborn.co.kr/wp-content/uploads/20240328_082351.png,08:00 ~ 22:00,연중무휴,테이블 8개 / 좌석 16석,건물 유료주차장,,113587,
417,11715,상봉이지팰리스점,빽다방,서울특별시,"서울특별시 중랑구 망우로316, 1층 104호",02-6952-4836,https://theborndb.theborn.co.kr/wp-content/uploads/20240328_082045.png,"월-토요일 08:00 ~ 22:30
일요일 08:00 ~ 22:00",연중무휴,테이블 11개 / 좌석 22석,지하주차장 이용가능(유료),,113795,
418,11713,부천중동시장점,빽다방,경기도,"경기도 부천시 원미구 부흥로 199, 1층",070-5222-8700,https://theborndb.theborn.co.kr/wp-content/uploads/20240328_081748.png,08:00 ~ 21:00,연중무휴,테이블 9개 / 좌석 18석,불가,,113798,
419,11711,병점역복합타운점,빽다방,경기도,경기도 화성시 병점노을5로 26,031-222-9764,https://theborndb.theborn.co.kr/wp-content/uploads/20240328_081337.png,"월~토 08:00 ~ 20:00
일요일 09:00 ~ 20:00",연중무휴,테이블 8개 / 좌석 16석,불가,,113836,
420,11704,구로구청점,빽다방,서울특별시,서울특별시 구로구 구로동 431-3,,https://theborndb.theborn.co.kr/wp-content/uploads/20250806_010959.jpg,07:00 ~ 23:00,연중무휴,테이블 5개 / 좌석 10석,인근 구로구청 주차장 사용가능(유료),,113688,
421,11702,천안삼거리점,빽다방,충청남도,충청남도 천안시 동남구 충절로 369,070-5222-8080,https://theborndb.theborn.co.kr/wp-content/uploads/20240328_023758.png,09:00 ~ 21:00,연중무휴,테이블 6개 / 좌석 12석,상가 건물 후면 아파트 단지 공용 주차장,,113752,
422,11699,전주혁신1호점,빽다방,전라북도,전북특별자치도 전주시 덕진구 기지로 77,063-222-7798,https://theborndb.theborn.co.kr/wp-content/uploads/20240327_084618.png,08:00 ~ 20:30,연중무휴,테이블 7개 / 좌석 14석,건물 주차장 이용가능,,113799,
423,11697,부평북부역점,빽다방,인천광역시,인천광역시 부평구 경원대로 1366,032-501-7665,https://theborndb.theborn.co.kr/wp-content/uploads/20240327_083050.png,"월~수 08:00 ~ 21:00
목~토 08:00 ~ 22:00
일요일 09:00 ~ 21:00",연중무휴,테이블 8개 / 좌석 16석,가능,,113848,
424,11694,경기광주능평점,빽다방,경기도,경기도 광주시 능평로 55,031-711-0527,https://theborndb.theborn.co.kr/wp-content/uploads/20240327_062323.png,08:00 ~ 22:00,연중무휴,테이블 5개 / 좌석 10석,가능,,113794,
425,11676,제주송악산점,빽다방,제주도,제주 서귀포시 대정읍 형제해안로 316,064-792-6171,https://theborndb.theborn.co.kr/wp-content/uploads/20260323_011807.jpg,08:00 ~ 18:00,연중무휴,테이블 30개 / 좌석 60석,매장 앞 가능,,115059,
426,11673,구리한양대병원점,빽다방,경기도,경기 구리시 경춘로 167 구리수아주퍼스트 1층 102호,0503-5260-8018,https://theborndb.theborn.co.kr/wp-content/uploads/20240322_061910.jpg,08:00 ~ 21:00,연중무휴,테이블 7개 / 좌석 14석,건물 뒤 기계식 주차,,115033,
427,11669,오산원동롯데캐슬점,빽다방,경기도,"경기도 오산시 원당로 35, 오산롯데캐슬스카이파 상가2동 102호",070-4070-0006,https://theborndb.theborn.co.kr/wp-content/uploads/20240321_083601.png,"평일 08:00 ~ 20:00
주말 08:00 ~ 21:00",연중무휴,테이블 10개 / 좌석 20개,불가,,113840,
428,11667,인천서부여성회관점,빽다방,인천광역시,인천광역시 서구 서달로11번길 2,032-213-5678,https://theborndb.theborn.co.kr/wp-content/uploads/20240321_011202.png,"평일 07:30 ~ 22:00
토요일 08:00 ~ 22:00
일요일 08:00 ~ 21:00",연중무휴,테이블 16개 / 좌석 32개,4대 가능,,113753,
429,11659,하남신장동일점,빽다방,경기도,경기도 하남시 대청로59번길 24,070-5222-7575,https://theborndb.theborn.co.kr/wp-content/uploads/20240320_032713.png,"평일 08:00 ~ 20:00
주말 09:00 ~ 20:00",연중무휴,테이블 2개 / 좌석 4석,불가,,113837,
430,11657,강남을지논현점,빽다방,서울특별시,서울특별시 강남구 논현동 64-8,070-4333-0808,https://theborndb.theborn.co.kr/wp-content/uploads/20240320_025850.png,"평일 09:00 ~ 20:00
주말 09:00 ~ 19:00",연중무휴,테이블 3개 / 좌석 6석,불가,,113809,
431,11654,순천용당점,빽다방,전라남도,전라남도 순천시 용당동 564-5,,https://theborndb.theborn.co.kr/wp-content/uploads/20240320_025159.png,08:00 ~ 22:00,연중무휴,테이블 9개 / 좌석 18석,인근 공용주차장,,113787,
432,11652,문경새재점,빽다방,경상북도,경상북도 문경시 문경읍 상초리 288-55,010-5959-7899,https://theborndb.theborn.co.kr/wp-content/uploads/20240320_024856.png,"평일 09:30 ~ 15:00
주말 09:30 ~ 18:30",,테이블 18개 / 좌석 36석,매장 앞 가능,,113808,
433,11649,대구수성범어w점,빽다방,대구광역시,대구광역시 수성구 달구벌대로 2436,070-7575-0062,https://theborndb.theborn.co.kr/wp-content/uploads/20240320_024136.jpg,"평일 07:30 ~ 20:30
주말 08:00 ~ 20:30",연중무휴,테이블 2개 / 좌석 4석,가능,,113742,
434,11647,세종고대점,빽다방,세종특별자치시,"세종특별자치시 조치원읍 내창3길 24, 1층 101호",070-4175-2397,https://theborndb.theborn.co.kr/wp-content/uploads/20240320_023917.jpg,08:00 ~ 21:40,연중무휴,테이블 23개 / 좌석 46석,불가,,113760,
435,11645,중랑신내프라디움점,빽다방,서울특별시,서울시 중랑구 망우동 584 시티원스퀘어,070-4792-4200,https://theborndb.theborn.co.kr/wp-content/uploads/20240320_023458.jpg,08:00 ~ 22:00,연중무휴,테이블 9개 / 좌석 18석,지하주차장,,113779,
436,11641,안양평촌센텀퍼스트점,빽다방,경기도,"경기도 안양시 동안구 갈산로 15, 평촌센텀퍼스트 단지내 상가 A동 121호",031-427-7487,https://theborndb.theborn.co.kr/wp-content/uploads/20240320_022647.png,"평일 08:00 ~ 21:30
주말 09:00 ~ 21:00",연중무휴,테이블 2개 / 좌석 4석,불가,,113754,
437,11639,시흥신천역점,빽다방,경기도,경기도 시흥시 신천로80번길 1,070-7575-2525,https://theborndb.theborn.co.kr/wp-content/uploads/20240320_020517.png,"평일 07:00 ~ 22:00
주말 08:00 ~ 22:00",연중무휴,테이블 4개 / 좌석 8석,불가,,113722,
438,11637,세종홍대점,빽다방,세종특별자치시,세종특별자치시 조치원읍 신안리 445-6,070-8657-2018,https://theborndb.theborn.co.kr/wp-content/uploads/20240320_015617.jpg,"월-목요일 08:00 ~ 20:30
금요일 08:00 ~ 19:30
주말,공휴일 11:00 ~ 19:30",연중무휴,테이블 23개 / 좌석 46석,가능,,113755,
439,11634,안성공도진사점,빽다방,경기도,경기도 안성시 공도읍 진사길 10,070-4833-3207,https://theborndb.theborn.co.kr/wp-content/uploads/20240320_010520.png,08:00 ~ 22:00,연중무휴,테이블 12개 / 좌석 24석,불가,,114920,
440,11621,빽다방 빵연구소 용인보라점,빽다방,경기도,경기 용인시 기흥구 한보라2로 5-5,031-275-8354,https://theborndb.theborn.co.kr/wp-content/uploads/20240311_050635.png,08:00 ~ 21:30,연중무휴,테이블 26개 / 좌석 52석,매장 앞 주차가능,,113720,
441,11609,구미봉곡점,빽다방,경상북도,경상북도 구미시 봉곡남로 68,054-441-1110,https://theborndb.theborn.co.kr/wp-content/uploads/20240307_030846.png,"평일 07:00 ~ 22:00
주말 08:00 ~ 22:00",연중무휴,테이블 11개 / 좌석 22석(대기 1석),가능,,113772,
442,11606,제주용문마을회관점,빽다방,제주도,제주특별자치도 제주시 용문로 128,064-753-0001,https://theborndb.theborn.co.kr/wp-content/uploads/20240307_025237.png,08:00 ~ 21:00,연중무휴,테이블 4개 / 좌석 8석,불가,,113671,
443,11604,대치사거리점,빽다방,서울특별시,서울특별시 강남구 삼성로 345,070-4151-3080,https://theborndb.theborn.co.kr/wp-content/uploads/20240307_024813.png,08:00 ~ 22:30,연중무휴,테이블 3개 / 좌석 6석,인근 공용주차장,,113749,
444,11602,하남감일월드점,빽다방,경기도,경기도 하남시 감일백제로 161,070-7698-6789,https://theborndb.theborn.co.kr/wp-content/uploads/20240307_011246.png,08:00 ~ 21:00,연중무휴,테이블 6개 / 좌석 12석,가능 (2시간 무료),,113778,
445,11600,원주공군비행단점,빽다방,강원도,강원특별자치도 원주시 소초면 의관리 542-5 청나래 복지센터 2층,033-735-8820,https://theborndb.theborn.co.kr/wp-content/uploads/20240307_010855.png,09:00 ~ 21:00,연중무휴,없음,가능,,113616,
446,11598,대구파동나이스점,빽다방,대구광역시,"대구광역시 수성구 파동로 96, A동 1층",053-716-7259,https://theborndb.theborn.co.kr/wp-content/uploads/20240306_072011.png,07:30 ~ 19:30,연중무휴,없음,마트 지상주차장,,113756,
447,11594,대구경북예고점,빽다방,대구광역시,대구광역시 남구 대명동 1805-25,053-213-9969,https://theborndb.theborn.co.kr/wp-content/uploads/20240306_063745.png,09:00 ~ 22:00,연중무휴,없음,불가,,113736,
448,11591,이대점,빽다방,서울특별시,서울특별시 서대문구 이화여대길 28,070-7777-9020,https://theborndb.theborn.co.kr/wp-content/uploads/20240306_045302.png,"평일 07:00 ~ 22:00
토요일 07:30 ~ 22:00
일요일 08:00 ~ 21:30",연중무휴,테이블 8개 / 좌석 16석,인근 공영주차장,,113785,
449,11589,한예종석관점,빽다방,서울특별시,서울특별시 성북구 화랑로32길 149,02-963-2925,https://theborndb.theborn.co.kr/wp-content/uploads/20240306_044207.png,"월~토 08:00 ~ 22:00
일요일 10:00 ~ 22:00",연중무휴,테이블 12개 / 좌석 24석,불가(정차 가능),,113741,
450,11587,파주오산리점,빽다방,경기도,경기도 파주시 조리읍 등원로 373,070-4530-0730,https://theborndb.theborn.co.kr/wp-content/uploads/20240305_055601.png,"평일 08:00 ~ 19:00
주말 08:00 ~ 18:00",연중무휴,테이블 13개 / 좌석 26석,매장 앞 주차장,,113707,
451,11585,남양주도농애시앙점,빽다방,경기도,경기도 남양주시 도농로24 부영애시앙 원앙관 1층,,https://theborndb.theborn.co.kr/wp-content/uploads/20240305_054903.jpg,07:30 ~ 22:30,연중무휴,테이블 5개 / 좌석 10석,건물 내 주차가능,,113708,
452,11533,잠실방이점,빽다방,서울특별시,"서울시 송파구 올림픽로 350, 1층 101호",02-424-0410,https://theborndb.theborn.co.kr/wp-content/uploads/20240208_071237.png,08:00 ~ 21:00,연중무휴,테이블 3개 / 좌석 6석,불가,,113691,
453,11531,속초중앙시장점,빽다방,강원도,강원특별자치도 속초시 중앙시장로6길 44,070-8899-5504,https://theborndb.theborn.co.kr/wp-content/uploads/20240208_070848.png,09:00 ~ 19:00,연중무휴,없음(테이크아웃 전용매장),불가,,113697,
454,11529,전북무주점,빽다방,전라북도,전북특별자치도 무주군 무주읍 단천로 95,063-322-0763,https://theborndb.theborn.co.kr/wp-content/uploads/20240208_070317.png,08:00 ~ 21:00,명절 당일,테이블 19개 / 좌석 38석,가능,,113735,
455,11520,안산초지매매단지점,빽다방,경기도,경기도 안산시 단원구 원포공원2로 24,070-8680-1079,https://theborndb.theborn.co.kr/wp-content/uploads/20240205_064435.png,"평일 08:30 ~ 20:00
주말 08:30 ~ 22:00",연중무휴,테이블 30개 / 좌석 60석,불가,,113669,
456,11517,부산광안역점,빽다방,부산광역시,"부산광역시 수영구 광안동 744-15, 1층",070-7701-7770,https://theborndb.theborn.co.kr/wp-content/uploads/20240205_063809.png,"월~토 08:00 ~ 21:00
일요일 09:00 ~ 18:00",연중무휴,없음(테이크아웃 전용),불가,,113684,
457,11515,동탄서연점,빽다방,경기도,"경기도 화성시 동탄대로4길 47, 1층 106호",070-5222-3433,https://theborndb.theborn.co.kr/wp-content/uploads/20240205_062937.png,08:00 ~ 21:00,연중무휴,테이블 5개 / 좌석 10석 (대기석 1석),불가,,113723,
458,11513,광주회덕점,빽다방,경기도,"경기도 광주시 회덕동 274-4, 1층 101호",,https://theborndb.theborn.co.kr/wp-content/uploads/20240205_062518.png,"평일 07:00 ~ 21:00
주말 08:00 ~ 21:00",연중무휴,테이블 5개 / 좌석 10석,매장 앞 공용주차장,,113711,
459,11511,아산선문대점,빽다방,충청남도,충청남도 아산시 탕정면 탕정면로 117,041-541-4836,https://theborndb.theborn.co.kr/wp-content/uploads/20240205_062312.png,"평일 08:00 ~ 22:00
주말 08:00 ~ 21:00",연중무휴,테이블 19개 / 좌석 42석,매장 앞 공용주차장,,113679,
460,11509,인천연수영남점,빽다방,인천광역시,인천 연수구 새말로107번길 15,032-818-0360,https://theborndb.theborn.co.kr/wp-content/uploads/20240205_061721.png,08:00 ~ 21:00,연중무휴,테이블 6개 / 좌석 10석,불가,,113702,
461,11500,삼천포점,빽다방,경상남도,경상남도 사천시 벌리동 258-10,055-833-0740,https://theborndb.theborn.co.kr/wp-content/uploads/20240130_025307.jpg,09:00 ~ 22:00,연중무휴,테이블 8개 / 좌석 16석,불가,,113721,
462,11487,서귀포호근동희망점,빽다방,제주도,제주특별자치도 서귀포시 호근동 807-2,064-900-0566,https://theborndb.theborn.co.kr/wp-content/uploads/20240124_081200.png,"평일 07:00 ~ 20:00
주말 08:00 ~ 19:00",연중무휴,테이블 4개 / 좌석 18개,가능,,113630,
463,11485,수유사거리점,빽다방,서울특별시,서울 강북구 수유동 7-4 1층,070-4799-0240,https://theborndb.theborn.co.kr/wp-content/uploads/20240124_045157.png,08:00 ~ 22:00,연중무휴,없음(테이크아웃 전용매장),불가,,114998,
464,11483,청주방서호반우미린점,빽다방,충청북도,충청북도 청주시 상당구 동남로 20,070-7840-2515,https://theborndb.theborn.co.kr/wp-content/uploads/20240124_025819.png,08:00 ~ 22:00(라스트오더 21:30),연중무휴,테이블 9개 / 좌석 18석,가능,,114595,
465,11481,수원탑동초교점,빽다방,경기도,경기도 수원시 권선구 금호로 220,031-8019-8977,https://theborndb.theborn.co.kr/wp-content/uploads/20240124_025030.png,"평일 08:30 ~ 22:00
주말 09:00 ~ 22:00",연중무휴,테이블 12개 / 좌석 24석,불가,,114153,
466,11479,부산거제레이카운티점,빽다방,부산광역시,"부산시 연제구 아시아드대로 39, 상가동 2단지 1층 120호",070-8287-2918,https://theborndb.theborn.co.kr/wp-content/uploads/20240124_013955.png,08:00 ~ 22:00,연중무휴,테이블 3개 / 좌석 6석,아파트 상가 지하주차장(예정),,113686,
467,11471,전주마전점,빽다방,전라북도,전라북도 전주시 완산구 홍산로 375,063-715-2288,https://theborndb.theborn.co.kr/wp-content/uploads/20240118_082802.png,08:00 ~ 22:00,연중무휴,테이블 8개 / 좌석 16석 / 대기석 1석,후면 주차장 1대 및 인근 골목 주차 가능,,113675,
468,11468,남양주진접제일점,빽다방,경기도,"경기도 남양주시 진접읍 금강로 1529, 1층",031-527-8481,https://theborndb.theborn.co.kr/wp-content/uploads/20240118_081624.png,"평일 08:00 ~ 21:40
주말 08:00 ~ 21:40",연중무휴,테이블 20개 / 좌석 40석,매장 앞 가능,,113690,
469,11463,인덕원벌말점,빽다방,경기도,경기도 안양시 동안구 평촌동 68-14,070-8666-1356,https://theborndb.theborn.co.kr/wp-content/uploads/20240112_082756.png,08:00 ~ 21:00,연중무휴,테이블 4개 / 좌석 8개,불가,,113662,
470,11461,부산연산시장점,빽다방,부산광역시,부산광역시 연제구 중앙천로2번길 3,051-867-3006,https://theborndb.theborn.co.kr/wp-content/uploads/20240112_082349.png,08:00 ~ 22:00,연중무휴,테이블 5개 / 좌석 10석,불가,,114571,
471,11459,대천해수욕장점,빽다방,충청남도,충남 보령시 해수욕장4길 66,,https://theborndb.theborn.co.kr/wp-content/uploads/20240112_080858.png,09:00 ~ 20:00,매주 화요일,테이블 4개 / 좌석 8석,불가,,113633,
472,11457,용인고진초교점,빽다방,경기도,경기도 용인시 처인구 고림동 1014 상가동 1층 5호,031-333-1854,https://theborndb.theborn.co.kr/wp-content/uploads/20240112_080342.png,08:00 ~ 21:00,연중무휴,테이블 4개 / 좌석 6석,불가,,113689,
473,11455,구리장자호수공원점,빽다방,경기도,경기도 구리시 장자대로86번길 18 (수택동),031-568-7232,https://theborndb.theborn.co.kr/wp-content/uploads/20240112_080034.png,09:00 ~ 22:00,연중무휴,테이블 50개 / 좌석 100석(단체석 구비),가능 (4000원 이상 구매시 1시간 무료),,114502,
474,11453,아산터미널점,빽다방,충청남도,충남 아산시 모종동 557-15 1층,041-531-1008,https://theborndb.theborn.co.kr/wp-content/uploads/20240112_075303.png,08:00 ~ 21:30,"매월 2,4주 화요일",테이블 20개 / 좌석 40석,도보 5분거리 건물 주차장 이용 가능,,113646,
475,11407,송탄출장소점,빽다방,경기도,경기도 평택시 특구로 19,031-662-0766,https://theborndb.theborn.co.kr/wp-content/uploads/20240109_001911.png,"일-목요일 08:00 ~ 22:00
금-토요일 08:00 ~ 23:00",연중무휴,테이블 11개 / 좌석 20석,불가,,113636,
476,11399,대구경대해링턴점,빽다방,대구광역시,대구 동구 경대로 126 308동 1층,0507-2093-2787,https://theborndb.theborn.co.kr/wp-content/uploads/20240103_071313.jpg,08:00 ~ 22:30,연중무휴,테이블 5개 / 좌석 14석,불가,,114879,
477,11396,대흥역점,빽다방,서울특별시,"서울 마포구 대흥로 79 , 1층",02-715-0102,https://theborndb.theborn.co.kr/wp-content/uploads/20240103_065906.jpg,"평일 08:00 ~ 21:00
주말 09:00 ~ 21:00",연중무휴,테이블 5개 / 좌석 10석,,,113645,
478,11389,영월중앙점,빽다방,강원도,강원특별자치도 영월군 영월읍 중앙로 36,033-373-0108,https://theborndb.theborn.co.kr/wp-content/uploads/20231229_063956.png,08:00 ~ 21:00,연중무휴,테이블 21개 / 좌석 42석,불가,,113637,
479,11387,오목교중앙점,빽다방,서울특별시,서울특별시 양천구 목동동로12길 45,02-2061-4409,https://theborndb.theborn.co.kr/wp-content/uploads/20231229_063510.jpg,08:00 ~ 22:00,연중무휴,테이블 32개 / 좌석 60석,지하 유료 주차장,,113625,
480,11385,신상도초교점,빽다방,서울특별시,"서울시 동작구 양녕로 183, 1층",,https://theborndb.theborn.co.kr/wp-content/uploads/20231229_063147.png,08:00 ~ 22:00,연중무휴,테이블 15개 / 좌석 30석,불가,,113667,
481,11383,인천청천그랑힐스점,빽다방,인천광역시,인천광역시 부평구 산청로 97,070-8657-3867,https://theborndb.theborn.co.kr/wp-content/uploads/20231229_062439.jpg,"월~토 08:00 ~ 21:30
일요일 08:00 ~ 21:00",연중무휴,테이블 8개 / 좌석 16석,상가내 주차장 이용,,113565,
482,11381,반포원베일리스퀘어점,빽다방,서울특별시,서울특별시 서초구 반포대로 291 (반포동) 1층 B101호,02-6404-5565,https://theborndb.theborn.co.kr/wp-content/uploads/20231229_062005.jpg,08:00 ~ 21:00,연중무휴,없음(Take-out 전용 매장),지하 유료 주차장,,113573,
483,11375,제주한림점,빽다방,제주도,제주특별자치도 제주시 한림읍 한림중앙로 72,064-796-0166,https://theborndb.theborn.co.kr/wp-content/uploads/20231229_031735.jpg,"평일 08:00 ~ 20:00
주말,공휴일 09:00 ~ 20:00",연중무휴,테이블 13개 / 좌석 26석 / 바테이블 6석,불가,,113537,
484,11361,석계역문화공원점,빽다방,서울특별시,서울 노원구 석계로3길 3,,https://theborndb.theborn.co.kr/wp-content/uploads/20231222_030201.jpg,"평일 08:00 ~ 22:00
주말 08:30 ~ 20:00",연중무휴,테이블 10개 / 좌석 17석,불가,,113622,
485,11359,대전탄방이편한세상점,빽다방,대전광역시,대전광역시 서구 탄방동 86-3 정인빌딩 1층,042-487-1095,https://theborndb.theborn.co.kr/wp-content/uploads/20231222_025612.png,08:30 ~ 20:00,연중무휴,테이블 22개 / 좌석 49석,상가내 주차장 이용,,113252,
486,11357,안양예술사거리점,빽다방,경기도,"경기도 안양시 만안구 경수대로 1173, 1층 101호",031-471-1002,https://theborndb.theborn.co.kr/wp-content/uploads/20231222_025229.jpg,08:00 ~ 21:30,연중무휴,테이블 20개 / 좌석 43석,불가,,113596,
487,11354,노원역북부점,빽다방,서울특별시,"서울 노원구 상계로3길 21 (상계동, 화일빌딩) 1층 101호",02-2138-2405,https://theborndb.theborn.co.kr/wp-content/uploads/20240610_045237.png,08:00 ~ 22:00,연중무휴,테이블 5개 / 좌석 10석,불가,,114975,
488,11352,광명티아모IT타워점,빽다방,경기도,"경기기 광명시 하안동 304, 1층 111호",02-899-9355,https://theborndb.theborn.co.kr/wp-content/uploads/20231222_020423.png,"평일 07:00 ~ 20:00
토요일 08:00 ~ 20:00
일요일 09:00 ~ 19:30",연중무휴,테이블 9개 / 좌석 18개,가능,,113592,
489,11349,대전용문역점,빽다방,대전광역시,대전 서구 도산로 372,070-8806-0304,https://theborndb.theborn.co.kr/wp-content/uploads/20231221_014036.jpg,"평일 08:30 ~ 21:30
토요일 09:00 ~ 21:00
일요일 09:30 ~ 20:00",연중무휴,테이블 9개 / 좌석 18석,불가,,113608,
490,11347,오류동역북부점,빽다방,서울특별시,서울특별시 구로구 오류동 55-51,02-2616-3442,https://theborndb.theborn.co.kr/wp-content/uploads/20231220_045521.png,"평일 08:00 ~ 21:00
토요일 08:00 ~ 21:00
일요일 09:00 ~ 21:00",연중무휴,없음 (Take Out전용),가능,,113534,
491,11335,대구수성구청역점,빽다방,대구광역시,대구 수성구 범어동 221-8 1층,053-751-3579,https://theborndb.theborn.co.kr/wp-content/uploads/20231215_060422.jpg,08:00 ~ 21:00,연중무휴,테이블 10개 / 좌석 20석,매장 건물 뒷편,,113548,
492,11330,남양주도심역점,빽다방,경기도,"경기도 남양주시 와부읍 덕소로 244, 1층 일부",031-577-1211,https://theborndb.theborn.co.kr/wp-content/uploads/20231211_090443.jpg,08:00 ~ 21:00,연중무휴,테이블 8개 / 좌석 16석,불,,115065,
493,11328,아산모종점,빽다방,충청남도,충남 아산시 모종동 648,041-547-9100,https://theborndb.theborn.co.kr/wp-content/uploads/20231211_090009.jpg,08:00 ~ 20:30,연중무휴,테이블 8개 / 좌석 16석,불가,,113597,
494,11302,영암삼호점,빽다방,전라남도,전라남도 영암군 삼호읍 신항로 100,064-462-1206,https://theborndb.theborn.co.kr/wp-content/uploads/20231206_033144.jpg,07:00 ~ 22:00,연중무휴,테이블 23개 / 좌석 46석,불가,,113575,
495,11286,청주수곡점,빽다방,충청북도,"충청북도 청주시 서원구 구룡산로 245-1, 1층(수곡동)",043-902-0410,https://theborndb.theborn.co.kr/wp-content/uploads/20231204_025454.jpg,08:30 ~ 22:00,연중무휴,테이블 23개 / 좌석 46석,불가,,113572,
496,11284,부산수영역점,빽다방,부산광역시,부산광역시 수영구 연수로416번길8,051-715-8434,https://theborndb.theborn.co.kr/wp-content/uploads/20231204_025217.jpg,08:00 ~ 22:00,연중무휴,없음,불가,,113605,
497,11280,고성간성점,빽다방,강원도,강원특별자치도 고성군 간성읍 간성로 36,,https://theborndb.theborn.co.kr/wp-content/uploads/20231130_030654.jpg,"월-토요일 08:00 ~ 21:00
일요일 13:00 ~ 21:00",연중무휴,"테이블 5개 / 좌석 10석, 바테이블 2개 / 5석",불가,,113559,
498,11278,부산공항덕두점,빽다방,부산광역시,부산광역시 강서구 공항로811번길 38,051-946-3690,https://theborndb.theborn.co.kr/wp-content/uploads/20231130_030436.jpg,08:00 ~ 21:00,연중무휴,테이블 19개 / 좌석 44석,불가,,113563,
499,11276,전남구례점,빽다방,전라남도,전남 구례읍 중앙로 37,061-782-0537,https://theborndb.theborn.co.kr/wp-content/uploads/20231130_030229.jpg,08:00 ~ 19:00,연중무휴,테이블 9개 / 좌석 18석,불가,,113587,
500,11274,오산주공5단지점,빽다방,경기도,경기 오산시 대원로 63,070-4060-8684,https://theborndb.theborn.co.kr/wp-content/uploads/20231130_030007.jpg,08:30 ~ 21:00,연중무휴,테이블 6개 / 좌석 12석,불가,,113568,
501,11272,천안두정고점,빽다방,충청남도,충청남도 천안시 서북구 두정로 117 (두정동),070-8666-1664,https://theborndb.theborn.co.kr/wp-content/uploads/20231130_025728.jpg,"월-토요일 08:00 ~ 21:00
일요일 08:00 ~ 20:00",연중무휴,테이블 11개 / 좌석 22개,가능,,113557,
502,11270,자양전통시장점,빽다방,서울특별시,"서울시 광진구 자양로15길 52, 1층 102호",02-2138-1334,https://theborndb.theborn.co.kr/wp-content/uploads/20231130_025458.jpg,"평일 07:30 ~ 20:00
주말 08:30 ~ 20:00",연중무휴,테이블 2개 / 좌석 4개,불가,,113585,
503,11268,정약용도서관점,빽다방,경기도,경기도 남양주시 다산동 6175 1층 101호,031-566-9396,https://theborndb.theborn.co.kr/wp-content/uploads/20231130_025208.jpg,08:00 ~ 22:00(라스트오더 21:30),연중무휴,테이블 9개 / 좌석 18석,불가,,113598,
504,11266,서여의도점,빽다방,서울특별시,서울특별시 영등포구 국회대로70길,070-7575-0010,https://theborndb.theborn.co.kr/wp-content/uploads/20231130_024912.jpg,"평일 07:00 ~ 19:00
주말,공휴일 09:00 ~ 16:00",연중무휴,Take-Out 전용 매장,불가,,113590,
505,11260,울산매곡점,빽다방,울산광역시,울산광역시 북구 매곡동 628.참조은빌딩 1층,052-922-3548,https://theborndb.theborn.co.kr/wp-content/uploads/20231127_081723.jpg,"월-토요일 08:30 ~ 21:00
일요일 08:30 ~ 18:00",연중무휴,테이블 5개 / 좌석 10석,불가,,113536,
506,11258,전주신일강변점,빽다방,전라북도,전북 전주시 완산구 효자천변1길 27,063-714-2070,https://theborndb.theborn.co.kr/wp-content/uploads/20231127_081407.jpg,08:00 ~ 21:00,연중무휴,테이블 24개 / 좌석 48석,불가,,113526,
507,11256,충주교통대점,빽다방,충청북도,충북 충주시 대소원면 대학로 19-3,,https://theborndb.theborn.co.kr/wp-content/uploads/20231127_080703.jpg,09:00 ~ 22:00,연중무휴,테이블 25개 / 좌석 50석,불가,,113558,
508,11234,한강성심병원점,빽다방,서울특별시,"서울 영등포구 영등포동7가 29-105, 1층 일부",02-2676-1057,https://theborndb.theborn.co.kr/wp-content/uploads/20231122_054941.jpg,08:00 ~ 20:00,연중무휴,테이블 2개 / 좌석 4석,불가,,테이블 2개 / 좌석 4석,
509,11232,인천효성유승점,빽다방,인천광역시,인천 계양구 아나지로 75 효성다섬프라자 1층,032-266-0011,https://theborndb.theborn.co.kr/wp-content/uploads/20231122_054646.jpg,"평일 08:00 ~ 20:30
주말,공휴일 08:30 ~ 20:00",연중무휴,테이블 15개 / 좌석 30석,가능(1시간 무료),,113581,
510,11229,강동비즈밸리점,빽다방,서울특별시,"서울 강동구 고덕비즈밸리로 26, B동 1층 117호",02-6072-0660,https://theborndb.theborn.co.kr/wp-content/uploads/20231121_044956.jpg,"평일 07:30 ~ 18:30
토요일 08:00 ~ 15:00",매주 일요일,테이블 6개 / 좌석 12석,가능,,114407,
511,11227,전주근영점,빽다방,전라북도,전북특별자치도 전주시 완산구 백제대로 264,063-222-4833,https://theborndb.theborn.co.kr/wp-content/uploads/20231121_044729.jpg,"평일 08:30 ~ 21:00
토요일 10:00 ~ 21:00
일요일 10:00 ~ 20:00",연중무휴,테이블 10개 / 좌석 21석,가능,,113561,
512,11225,인천영종센텀베뉴점,빽다방,인천광역시,인천광역시 중구 중산동 1871-1,070-8680-0731,https://theborndb.theborn.co.kr/wp-content/uploads/20231121_044409.jpg,08:00 ~ 21:00,연중무휴,불가 13개 / 좌석 26석,불가,,113579,
513,11223,연천전곡점,빽다방,경기도,경기 연천군 전곡읍 온골로 49 1층,031-832-2220,https://theborndb.theborn.co.kr/wp-content/uploads/20231121_044112.jpg,08:00 ~ 22:00,연중무휴,테이블 13개 / 좌석 26석,가능,,113529,
514,11220,인천청라휴먼시아점,빽다방,인천광역시,인천 서구 청라커낼로233번길 4,032-710-4972,https://theborndb.theborn.co.kr/wp-content/uploads/20231120_055432.jpg,08:00 ~ 21:30,연중무휴,테이블 17개 / 좌석 68,불가,,114941,
515,11213,용현송산역점,빽다방,경기도,경기도 의정부시 용현동 8-8 1층 빽다방,070-8887-1963,https://theborndb.theborn.co.kr/wp-content/uploads/20231117_011124.jpg,08:30 ~ 20:30,연중무휴,테이블 18개 / 좌석 32석,불가,,113535,
516,11211,천안풍세점,빽다방,충청남도,충남 천안시 동남구 풍세면 보성리 742,041-415-0199,https://theborndb.theborn.co.kr/wp-content/uploads/20231117_010808.jpg,07:00 ~ 19:00,연중무휴,테이블 16개 / 좌석 32석,불가,,113518,
517,11177,용인양지점,빽다방,경기도,경기도 용인시 처인구 양지면 양지로 145 1층,031-333-0046,https://theborndb.theborn.co.kr/wp-content/uploads/20231110_085651.jpg,10:00 ~ 22:00,연중무휴,테이블 7개 / 좌석 14석,불가,,113262,
518,11175,강원인제점,빽다방,강원도,강원특별자치도 인제군 인제읍 인제로 203,070-8676-1166,https://theborndb.theborn.co.kr/wp-content/uploads/20231110_085416.jpg,08:00 ~ 23:00,연중무휴,테이블 28개 / 좌석 65석,매장 뒤편 공영주차장 무료 이용 가능,,113498,
519,11173,사천카이점,빽다방,경상남도,경남 사천시 사남면 유천리108번지.삼정그린코아상가143동119호,070-4010-5687,https://theborndb.theborn.co.kr/wp-content/uploads/20231110_083941.jpg,09:00 ~ 21:00,연중무휴,테이블 9개 / 좌석 18석,가능,,113533,
520,11164,빨래골입구점,빽다방,서울특별시,"서울시 강북구 삼양로293, 1층 106,107호",070-4793-0240,https://theborndb.theborn.co.kr/wp-content/uploads/20231108_020905.jpg,08:00 ~ 21:00,연중무휴,테이블 14개 / 좌석 28석,매장 후문 쪽 주차장 잠시 정차 가능,,113586,
521,11162,전남고흥녹동점,빽다방,전라남도,"전라남도 고흥군 도양읍 비봉로154, 1층",070-8703-0220,https://theborndb.theborn.co.kr/wp-content/uploads/20231108_020515.jpg,"월~토 07:30 ~ 21:00
일요일 08:00 ~ 20:00",연중무휴,테이블 21개 / 좌석 45석,불가(매장 앞 정차가능),,113483,
522,11121,부천역곡역북부점,빽다방,경기도,경기도 부천시 역곡동 111-8,070-4006-3345,https://theborndb.theborn.co.kr/wp-content/uploads/20231101_051551.jpg,08:30 ~ 21:30,연중무휴,테이블 9개 / 좌석 18석,건물 주차장 (2시간 무료),,113528,
523,11119,북가좌점,빽다방,서울특별시,서울특별시 서대문구 북가좌동 280-12 1층 빽다방,070-4015-7852,https://theborndb.theborn.co.kr/wp-content/uploads/20231101_051255.jpg,10:00 ~ 22:00,연중무휴,테이블 10개 / 좌석 20석,불가,,113532,
524,11117,서원역점,빽다방,서울특별시,서울 관악구 신림로 264 1층 101호,,https://theborndb.theborn.co.kr/wp-content/uploads/20231101_050956.jpg,08:00 ~ 22:00,연중무휴,테이블 2개 / 좌석 4석,불가,,113513,
525,11115,대전교촌점,빽다방,대전광역시,대전광역시 유성구 교촌동 623-9,070-7777-7759,https://theborndb.theborn.co.kr/wp-content/uploads/20231101_050629.jpg,08:00 ~ 21:00,연중무휴,테이블 11개 / 좌석 22석,불가,,113505,
526,11106,군산지곡점,빽다방,전라북도,군산시 옥산면 당북리 431-14 1층,063-467-0724,https://theborndb.theborn.co.kr/wp-content/uploads/20231031_021619.jpg,"평일 07:00 ~ 22:00
주말 08:00 ~ 22:00",연중무휴,테이블 14개 / 좌석 28석,상가내 주차장 이용,,113527,
527,11104,대구달성공원역점,빽다방,대구광역시,대구 광역시 중구 수창동 65-14,053-253-1803,https://theborndb.theborn.co.kr/wp-content/uploads/20231031_021240.jpg,"월-토요일 08:00 ~ 21:00
일요일 09:00 ~ 21:00",연중무휴,테이블 8개 / 좌석 16석,불가,,113480,
528,11094,제주노형월랑점,빽다방,제주도,제주 제주시 월랑로10길 9 1층,064-748-0305,https://theborndb.theborn.co.kr/wp-content/uploads/20231027_065150.jpg,08:30 ~ 21:00 (라스트오더 20:30),연중무휴,테이블 8개 / 좌석 16석,"건물 앞,뒤 도로변 가능",,115024,
529,11092,고양일고점,빽다방,경기도,경기도 고양시 덕양구 읍내로 10,070-8657-1793,https://theborndb.theborn.co.kr/wp-content/uploads/20231027_064400.jpg,"평일 08:30 ~ 20:30
주말 09:00 ~ 20:30",연중무휴,테이블 8개 / 좌석 16석,불,,115073,
530,11090,진주혁신아이프라자점,빽다방,경상남도,경상남도 진주시 충무공동 328-3 (1층),070-7808-1211,https://theborndb.theborn.co.kr/wp-content/uploads/20231027_063651.jpg,09:00~21:00,연중무휴,테이블 10개 / 좌석 20석,가능,,113482,
531,11088,은평DYB점,빽다방,서울특별시,서울 은평구 가좌로 204,,https://theborndb.theborn.co.kr/wp-content/uploads/20231027_063349.jpg,09:00 ~ 21:00,연중무휴,테이블 3개 / 좌석 6석,불가,,113477,
532,11086,대전태평유등점,빽다방,대전광역시,대전광역시 중구 태평동 339-1,,https://theborndb.theborn.co.kr/wp-content/uploads/20231027_063052.jpg,08:00 ~ 22:00,연중무휴,테이블 6개 / 좌석 12석,불가,,113475,
533,11084,안산중앙주공점,빽다방,경기도,경기 안산시 단원구 예술대학로 82,070-4162-2665,https://theborndb.theborn.co.kr/wp-content/uploads/20231027_062627.jpg,"평일 08:00 ~ 22:00
주말 09:00 ~ 22:00",연중무휴,테이블 5개 / 좌석 13석,가능,,114596,
534,11075,천안신부희망초교점,빽다방,충청남도,충청남도 천안시 동남구 단대로 18,070-4012-0814,https://theborndb.theborn.co.kr/wp-content/uploads/20231023_023806.jpg,"평일 08:00 ~ 20:00
토요일 09:00 ~ 20:00
일요일 09:00 ~ 18:00",연중무휴,테이블 12개 / 좌석 24석,"매장 전면, 후면 주차 가능",,113450,
535,11062,오리역점,빽다방,경기도,경기도 성남시 분당구 구미동 185-3,031-719-2088,https://theborndb.theborn.co.kr/wp-content/uploads/20231019_030032.jpg,"평일 07:30 ~ 22:00
주말 08:00 ~ 22:00",연중무휴,테이블 14개 / 좌석 28석,불가,,113485,
536,11060,판교삼환하이펙스점,빽다방,경기도,"경기 성남시 분당구 판교역로 230, B동 113호",,https://theborndb.theborn.co.kr/wp-content/uploads/20231019_025713.jpg,"평일 08:00 ~ 20:00
주말 10:00 ~ 15:00",연중무휴,없음,불가,,113448,
537,11054,진주충무공점,빽다방,경상남도,"경남 진주시 충무공동 22-14, 107호",070-8657-3323,https://theborndb.theborn.co.kr/wp-content/uploads/20231016_061232.jpg,08:00 ~ 21:00,연중무휴,테이블 16개 / 좌석 32석,불가,,113355,
538,11052,인천작전역힐스테이트점,빽다방,인천광역시,인천 계양구 봉오대로651번길 4,032-710-1089,https://theborndb.theborn.co.kr/wp-content/uploads/20231016_060929.jpg,"평일 08:00 ~ 21:30
주말 08:00 ~ 22:00",연중무휴,테이블 11개 / 좌석 22석,불가,,113500,
539,11050,중랑구청점,빽다방,서울특별시,서울시 중랑구 신내동 666 신아타운 1층 104호,02-3422-6540,https://theborndb.theborn.co.kr/wp-content/uploads/20231016_060645.jpg,"월~토 08:00 ~ 22:00
일요일 08:00 ~ 18:00",연중무휴,없음,가능,,113452,
540,11048,서귀포중문점,빽다방,제주도,제주특별자치도 서귀포시 천제연로97(색달동),064-738-6578,https://theborndb.theborn.co.kr/wp-content/uploads/20231016_060044.jpg,07:30 ~ 21:00,연중무휴,테이블 10개 / 좌석 22석,가능,,113390,
541,11046,부산만덕점,빽다방,부산광역시,"부산광역시 북구 만덕2로44번길 77, 1층 빽다방",051-337-9453,https://theborndb.theborn.co.kr/wp-content/uploads/20231016_055738.jpg,08:00 ~ 21:30,연중무휴,테이블 6개 / 좌석 12석,불가,,113438,
542,11044,전주덕진구청점,빽다방,전라북도,전라북도 전주시 덕진구 벚꽃3길 10 (진북동),070-4322-3345,https://theborndb.theborn.co.kr/wp-content/uploads/20231016_053134.jpg,08:00 ~ 22:00,연중무휴,테이블 21개 / 좌석 42석,불가,,113449,
543,11042,종로숭인대경점,빽다방,서울특별시,"서울 종로구 난계로 255 (숭인동, 대경빌딩) 1층",02-2233-0099,https://theborndb.theborn.co.kr/wp-content/uploads/20241025_084839.png,"평일 08:00 ~ 20:00
주말 10:00 ~ 18:00",연중무휴,없음,불가,,114296,
544,11035,사당네스코점,빽다방,서울특별시,서울 관악구 남부순환로 2064,02-583-0005,https://theborndb.theborn.co.kr/wp-content/uploads/20231011_023925.jpg,08:00 ~ 21:00,연중무휴,테이블 12개 / 좌석 24석,불가,,113454,
545,11033,기흥역사거리점,빽다방,경기도,경기 용인시 기흥구 기흥로 4,070-8287-2674,https://theborndb.theborn.co.kr/wp-content/uploads/20260323_013029.jpg,07:30 ~ 21:00,연중무휴,테이블 15개 / 좌석 23석,불,,﻿115106,
546,11031,충주호암신도시점,빽다방,충청북도,충청북도 충주시 호암수청1로 51,043-724-2255,https://theborndb.theborn.co.kr/wp-content/uploads/20231011_023320.jpg,07:00 ~ 22:00,연중무휴,테이블 9개 / 좌석 18석,불가,,113426,
547,11021,대전용운중앙점,빽다방,대전광역시,대전 동구 용운동 431-1,070-4035-7800,https://theborndb.theborn.co.kr/wp-content/uploads/20231004_015808.jpg,09:00 ~ 21:00,연중무휴,테이블 4개 / 좌석 8석,가능,,113410,
548,11019,목동우성점,빽다방,서울특별시,서울 양천구 목동남로 46,070-7604-2179,https://theborndb.theborn.co.kr/wp-content/uploads/20231004_013234.jpg,08:00 ~ 21:30,연중무휴,테이블 10개 / 좌석 20석 / 바테이블 4석,불가,,113447,
549,11017,중계본동점,빽다방,서울특별시,"서울특별시 노원구 중계로12가길 2, 103호 빽다방",02-936-8365,https://theborndb.theborn.co.kr/wp-content/uploads/20231004_013005.jpg,08:00 ~ 22:00,연중무휴,테이블 11개 / 좌석 22석,불가,,113437,
550,11015,호원범골역점,빽다방,경기도,"경기도 의정부시 신흥로 130, 1층 (온누리 빌딩)",031-837-0311,https://theborndb.theborn.co.kr/wp-content/uploads/20231004_012711.jpg,08:00 ~ 22:00,연중무휴,테이블 9개 / 좌석 18석,가능,,113408,
551,10978,전주우전점,빽다방,전라북도,전북 전주시 완산구 쑥고개로 395 1층,063-904-3277,https://theborndb.theborn.co.kr/wp-content/uploads/20260323_012154.jpg,"평일 06:30 ~ 19:30
주말 08:30 ~ 19:30",연중무휴,테이블 12개 / 좌석 24석,불가,,115084,
552,10976,전주교대점,빽다방,전라북도,"전라북도 전주시 완산구 전주천서로69, 2층(동서학동)",063-288-2950,https://theborndb.theborn.co.kr/wp-content/uploads/20230925_011529.jpg,07:00 ~ 22:30,연중무휴,테이블 32개 / 좌석 70석,불가,,113266,
553,10974,진주시청점,빽다방,경상남도,경상남도 진주시 도동천로 112 (상대동),055-920-2060,https://theborndb.theborn.co.kr/wp-content/uploads/20230922_054132.jpg,08:00 ~ 21:00,연중무휴,테이블 9개 / 좌석 18석,불가,,113428,
554,10972,전농동전동초교점,빽다방,서울특별시,서울 동대문구 사가정로 145,070-4420-5111,https://theborndb.theborn.co.kr/wp-content/uploads/20230922_053701.jpg,08:00 ~ 21:30,연중무휴,테이블 9개 / 좌석 18석,불가,,113453,
555,10969,동대문역사문화공원역점,빽다방,서울특별시,"서울 중구 을지로43길 13 (을지로6가, 대화빌딩) 1층",0507-1351-1859,https://theborndb.theborn.co.kr/wp-content/uploads/20230919_095340.jpg,"평일 07:30 ~ 01:00
주말 08:00 ~ 01:00",연중무휴,테이블 12개 / 좌석 24석 / 바테이블 12석,불가,,113462,
556,10967,동탄목동점,빽다방,경기도,경기 화성시 동탄순환대로18길 16,031-8055-8113,https://theborndb.theborn.co.kr/wp-content/uploads/20230918_015921.jpg,08:00 ~ 21:00,매월 둘째 주 화요일,테이블 6개 / 좌석 12석,가능,,114280,
557,10963,아산배방삼성점,빽다방,충청남도,충남 아산시 배방읍 배방로173번길 1 1층 101호,070-8657-0987,https://theborndb.theborn.co.kr/wp-content/uploads/20230918_015056.jpg,"평일 07:00 ~ 22:00
주말 09:00 ~ 22:00",연중무휴,테이블 13개 / 좌석 26석,불가,,113427,
558,10961,금천롯데캐슬점,빽다방,서울특별시,"서울시 금천구 시흥대로291,310동 지하1층 B16호(독산동, 금천롯데캐슬골드파크3차)",02-6952-3935,https://theborndb.theborn.co.kr/wp-content/uploads/20230918_014717.jpg,08:00 ~ 22:00,연중무휴,테이블 8개 / 좌석 16석,가능,,113407,
559,10955,종로르메이에르점,빽다방,서울특별시,서울시 종로구 종로1가24,070-4006-1809,https://theborndb.theborn.co.kr/wp-content/uploads/20231004_070545.jpg,"평일 07:00 ~ 22:00
주말 08:00 ~ 22:00",연중무휴,없음,지하주차장 이용가능(2시간 무료),,113409,
560,10951,칠곡남율점,빽다방,경상북도,경북 칠곡군 석적읍 남율리 1315,054-975-0888,https://theborndb.theborn.co.kr/wp-content/uploads/20230914_012827.jpg,08:00 ~ 22:00,연중무휴,테이블 14개 / 좌석 28석,"건물 앞,뒤 도로변 가능",,113430,
561,10949,인천미추홀구청점,빽다방,인천광역시,인천 미추홀구 숭의동 173-41  1층,032-888-2891,https://theborndb.theborn.co.kr/wp-content/uploads/20230914_012525.jpg,07:00 ~ 21:00,연중무휴,테이블 5개 / 좌석 10석,불가,,113419,
562,10945,거제사등점,빽다방,경상남도,경남 거제시 사등면 사등리 1949,055-635-6688,https://theborndb.theborn.co.kr/wp-content/uploads/20230911_043251.jpg,"평일 08:00 ~ 19:30
주말,공휴일 09:00 ~ 20:00",연중무휴,테이블 8개 / 좌석 16석,가능,,113373,
563,10942,왕십리텐즈힐점,빽다방,서울특별시,서울 성동구 마장로 137(텐즈힐몰 1층 111호),070-4012-3878,https://theborndb.theborn.co.kr/wp-content/uploads/20230911_033315.jpg,08:00 ~ 22:00,연중무휴,테이블 11개 / 좌석 22석,가능,,113414,
564,10918,남양주오남한신점,빽다방,경기도,경기 남양주시 오남읍 진건오남로 545-5,070-402-7211,https://theborndb.theborn.co.kr/wp-content/uploads/20230907_011842.jpg,08:00~22:00,연중무휴,테이블 16개 / 좌석 32석,불가,,115046,
565,10914,빽다방 빵연구소 화정DT점,빽다방,경기도,경기도 고양시 덕양구 충장로 285 (화정동10474),070-4035-2596~7,https://theborndb.theborn.co.kr/wp-content/uploads/20230904_025539.jpg,08:00 ~ 22:00,연중무휴,200석,가능,,113189,
566,10907,대전목상점,빽다방,대전광역시,대전광역시 대덕구 목상동 185-1 상가 1층,042-710-3636,https://theborndb.theborn.co.kr/wp-content/uploads/20230831_095542.jpg,08:00 ~ 21:00,연중무휴,테이블 6개 / 좌석 12석,불가,,113359,
567,10900,빽다방 빵연구소 평택청북점,빽다방,경기도,경기도 평택시 청북읍 옥길리 1156-3,070-4110-0116,https://theborndb.theborn.co.kr/wp-content/uploads/20230830_090501.jpg,08:00 ~ 22:00,연중무휴,테이블 40개 / 좌석 80석,가능,,113227,
568,10898,분당정자엠코점,빽다방,경기도,"경기도 성남시 분당구 정자일로 146, A108호",031-719-8954,https://theborndb.theborn.co.kr/wp-content/uploads/20230830_090059.jpg,"평일 07:00 ~ 22:00
토요일 08:00 ~ 22:00
일요일: 08:00 ~ 21:00",연중무휴,테이블 7개 / 좌석 14석,상가 주차장 이용 가능,,113418,
569,10896,오송2산단파라곤점,빽다방,충청북도,"충청북도 청주시 흥덕구 오송읍 오송생명7로 146, 103호",043-715-1008,https://theborndb.theborn.co.kr/wp-content/uploads/20230830_085334.jpg,08:00 ~ 22:00,연중무휴,테이블 12개 / 좌석 24석,가능,,113370,
570,10894,완주고산점,빽다방,전라북도,전북 완주군 고산면 고산로 81 1층,070-4006-0879,https://theborndb.theborn.co.kr/wp-content/uploads/20230830_084833.jpg,07:50 ~ 20:50,연중무휴,테이블 17개 / 좌석 42석,불가,,113244,
571,10892,군자역점,빽다방,서울특별시,서울특별시 광진구 능동로35길 7,02-498-6301,https://theborndb.theborn.co.kr/wp-content/uploads/20230830_084619.jpg,08:00~22:00,연중무휴,없음,불가,,113247,
572,10890,부천소새울역점,빽다방,경기도,"경기 부천시 소사로 119 ,1층",070-4035-3250,https://theborndb.theborn.co.kr/wp-content/uploads/20230830_084341.jpg,"평일 08:00 ~ 22:00
주말 09:00 ~22:00",연중무휴,테이블 15개 / 좌석 32석,매장이용고객 1시간 무료,,113379,
573,10884,부산용호현대비치점,빽다방,부산광역시,부산 남구 용호로42번길 14. 1층 110호,0507-1374-2068,https://theborndb.theborn.co.kr/wp-content/uploads/20230828_082211.jpg,08:00 ~ 21:00,연중무휴,테이블 3개 / 좌석 6석,불가,,113376,
574,10882,합정역사거리점,빽다방,서울특별시,서울 마포구 독막로 2길 10 (합정동 373-3),0507-1490-7847,https://theborndb.theborn.co.kr/wp-content/uploads/20230828_081849.jpg,08:00 ~ 21:00,연중무휴,테이블 2개 / 좌석 4개,불가,,113219,
575,10878,부산수영구청점,빽다방,부산광역시,"부산시 수영구 광남로 31, 1층",051-912-4567,https://theborndb.theborn.co.kr/wp-content/uploads/20230828_011959.jpg,"평일 08:00 ~ 20:00
주말 10:00 ~ 19:00",연중무휴,테이블 8개 / 좌석 16석,불가,,114802,
576,10876,사당방배점,빽다방,서울특별시,"서울 서초구 동작대로 68, 1층",02-6954-0918,https://theborndb.theborn.co.kr/wp-content/uploads/20230828_011557.jpg,09:00 ~ 22:00,연중무휴,테이블 3개 / 좌석 6석,불가,,113411,
577,10874,용산한강로3가점,빽다방,서울특별시,"서울시 용산구 한강대로 15길 9, 1층 102호",02-6013-8624,https://theborndb.theborn.co.kr/wp-content/uploads/20230828_011204.jpg,07:30 ~ 22:00,연중무휴,없음,불가,,113374,
578,10872,시흥장현점,빽다방,경기도,경기도 시흥시 황고개로 526 중앙프라자 제 1층 (101호),010-5946-8409,https://theborndb.theborn.co.kr/wp-content/uploads/20230828_010851.jpg,08:00 ~ 22:00,연중무휴,테이블 9개 / 좌석 18석,가능(무료),,114869,
579,10869,대전대덕밸리점,빽다방,대전광역시,대전시 유성구 테크노중앙로 155,042-710-9595,https://theborndb.theborn.co.kr/wp-content/uploads/20230828_010522.jpg,"평일 07:30 ~ 20:00
주말 08:00 ~ 20:00",연중무휴,테이블 6개 / 좌석 12석,지하 주차장 이용 가능(유료),,113378,
580,10866,진영중흥S클래스점,빽다방,경상남도,경남 김해시 진영읍 진영리 1634-6,070-4066-2551,https://theborndb.theborn.co.kr/wp-content/uploads/20230823_050800.jpg,"평일 08:30 ~ 21:00
주말 10:00 ~ 21:00",연중무휴,테이블 7개 / 좌석 14석,불가,,113356,
581,10853,인천불로점,빽다방,인천광역시,인천 서구 검단로768번길 4 방주프라자 103호,070-4077-1349,https://theborndb.theborn.co.kr/wp-content/uploads/20230821_012703.jpg,08:00 ~ 22:00,연중무휴,테이블 9개 / 좌석 18석,불가,,113246,
582,10851,의정부세무서점,빽다방,경기도,"경기도 의정부시 둔야로49번길 49, 1층(의정부동, 담소리빌딩)",070-4070-5280,https://theborndb.theborn.co.kr/wp-content/uploads/20230821_012311.jpg,08:00 ~ 21:00,연중무휴,테이블 30개 / 좌석 60석,불가,,114770,
583,10849,시흥배곧도서관점,빽다방,경기도,경기도 시흥시 배곧4로 99 (배곧동),070-4070-0174,https://theborndb.theborn.co.kr/wp-content/uploads/20230821_011321.jpg,"평일 08:30 ~ 21:00
주말 09:00 ~ 21:00",연중무휴,테이블 6개 / 좌석 12석,건물 내 지하주차장(유료),,113380,
584,10843,신림역2호점,빽다방,서울특별시,서울 관악구 신림로 324 1층,,https://theborndb.theborn.co.kr/wp-content/uploads/20230817_032959.jpg,09:30 ~ 22:30,연중무휴,없음,불가,,100135,
585,10835,진해우림필유점,빽다방,경상남도,경상남도 창원시 진해구 해원로 43 (석동),055-715-1040,https://theborndb.theborn.co.kr/wp-content/uploads/20230816_020952.jpg,07:00 ~ 21:00,연중무휴,없음,불가,,114542,
586,10833,대전가온비즈타워점,빽다방,대전광역시,대전 대덕구 대화로 120 R116호,042-345-2227,https://theborndb.theborn.co.kr/wp-content/uploads/20230816_020658.jpg,"평일 07:00 ~ 17:30 (라스트오더 17:20)
토요일 07:30 ~ 17:00 (라스트오더 16:50)",매주 일요일,테이블 6개 / 좌석 12석,가능,,113214,
587,10831,대구상매혁신산단점,빽다방,대구광역시,대구 동구 이노밸리로 3 (상매동) 1층,053-268-9948,https://theborndb.theborn.co.kr/wp-content/uploads/20230816_015152.jpg,07:00 ~ 19:00,연중무휴,테이블 9개 / 좌석 18석,가능,,115042,
588,10822,제주도청점,빽다방,제주도,제주시 신대로 7길 7,070-8900-3535,https://theborndb.theborn.co.kr/wp-content/uploads/20230810_021425.jpg,08:00 ~ 20:00,연중무휴,테이블 21개 / 좌석 42석,불가,,113283,
589,10820,인천경인교대역점,빽다방,인천광역시,"인천 계양구 계산동 968-38, 1층 빽다방",,https://theborndb.theborn.co.kr/wp-content/uploads/20230810_021105.jpg,08:00 ~ 23:00,연중무휴,테이블 10개 / 좌석 20석,불가,,113389,
590,10818,안산제1종합시장점,빽다방,경기도,"경기도 안산시 단원구 선이로 6, 101호 빽다방 (선부동, 일신건영휴먼빌아파트상가)",070-7798-1279,https://theborndb.theborn.co.kr/wp-content/uploads/20230810_020648.jpg,08:00 ~ 22:00,연중무휴,테이블 10개 / 좌석 20석,불가,,113248,
591,10810,대전중리가구거리점,빽다방,대전광역시,대전광역시 대덕구 한밭대로 1157,042-624-0600,https://theborndb.theborn.co.kr/wp-content/uploads/20230808_060032.jpg,"일~목 07:00 ~ 02:00
금~토 07:00 ~ 04:00",연중무휴,테이블 30개 / 좌석 78석,매장 후면 골목 주차 가능,,113129,
592,10808,제주월정리점,빽다방,제주도,제주특별자치도 제주시 구좌읍 월정리 545,,https://theborndb.theborn.co.kr/wp-content/uploads/20241128_065302.png,09:00 ~ 18:00,연중무휴,없음(대기석),불가,,114353,
593,10781,안산시그니처타워점,빽다방,경기도,경기도 안산시 상록구 사동 1639-20 그랑시티 시그니처타워 1층 (112호),070-4006-8668,https://theborndb.theborn.co.kr/wp-content/uploads/20230802_100510.jpg,"평일 07:30 ~ 19:00
토요일 09:00 ~ 17:00",매주 일요일,테이블 6개 / 좌석 12석,불가,,113239,
594,10777,천안공주대점,빽다방,충청남도,충남 천안시 서북구 공대길 23 (부대동),070-8716-2525,https://theborndb.theborn.co.kr/wp-content/uploads/20230801_021802.jpg,"월~목 09:00 ~ 21:00
금~일,공휴일 09:00 ~ 20:00",연중무휴,테이블 27개 / 좌석 56석,가능,,113233,
595,10775,화성정남발산점,빽다방,경기도,경기 화성시 정남면 만년로 442-18 1층,,https://theborndb.theborn.co.kr/wp-content/uploads/20230801_021449.jpg,"평일 08:00 ~ 20:00
주말 09:00 ~ 20:00",연중무휴,테이블 21개 / 좌석 42석,가능,,113280,
596,10773,일원영희초교점,빽다방,서울특별시,"서울 강남구 일원로 3길20, 1층 빽다방",﻿02-451-1103,https://theborndb.theborn.co.kr/wp-content/uploads/20230801_020419.jpg,08:30 ~ 21:00,연중무휴,테이블 12개 / 좌석 24석,불가,,113174,
597,10771,아산신창점,빽다방,충청남도,충남 아산시 신창면 남성길 134,041-545-3206,https://theborndb.theborn.co.kr/wp-content/uploads/20230731_102028.jpg,08:30 ~ 21:30,연중무휴,테이블 14개 / 좌석 28석,가능,,114917,
598,10769,약수시장점,빽다방,서울특별시,서울특별시 중구 다산로8길 17,02-6104-6227,https://theborndb.theborn.co.kr/wp-content/uploads/20241023_051653.png,08:00 ~ 21:00,연중무휴,없음,불가,,114279,
599,10767,대구파티마삼거리점,빽다방,대구광역시,"대구광역시 동구 동대구로 590 302동 지하1층, 102호(신암동, 동대구역화성파크드림오피스텔)",070-4048-6962,https://theborndb.theborn.co.kr/wp-content/uploads/20230731_100437.jpg,"평일 07:00 ~ 21:00
주말 09:00 ~ 21:00",연중무휴,테이블 7개 / 좌석 14석,가능,,113346,
600,10765,익산시청점,빽다방,전라북도,전북 익산시 인북로 234,070-4048-1112,https://theborndb.theborn.co.kr/wp-content/uploads/20230731_095946.jpg,07:00 ~ 21:00,연중무휴,테이블 16개 / 좌석 32석,불가,,113216,
601,10743,양평구산드림타워점,빽다방,서울특별시,"서울 영등포구 선유로47길 15 (양평동4가, 구산드림타워) 105호",02-2636-4246,https://theborndb.theborn.co.kr/wp-content/uploads/20230726_031346.jpg,"평일 07:30 ~ 21:00
주말 09:00 ~ 21:00",연중무휴,테이블 18개 / 좌석 32석,가능,,115055,
602,10741,거제한화오션남문점,빽다방,경상남도,경상남도 거제시 거제대로3437,010-6606-1102,https://theborndb.theborn.co.kr/wp-content/uploads/20230726_031141.jpg,07:00 ~ 21:00,연중무휴,테이블 7개 / 좌석 14석,불가,,113197,
603,10739,화성봉담2지구점,빽다방,경기도,경기 화성시 봉담읍 상리중심상가길 28-9,031-292-1229,https://theborndb.theborn.co.kr/wp-content/uploads/20230726_030835.jpg,08:00 ~ 22:00,연중무휴,테이블 5개 / 좌석 10석,가능,,113243,
604,10737,종암동아이파크2차점,빽다방,서울특별시,"서울특별시 성북구 종암동 131-2, 1층",02-2289-8885,https://theborndb.theborn.co.kr/wp-content/uploads/20230726_030502.jpg,"월요일 08:30 ~ 16:00
화-금요일 08:30 ~ 20:30
주말 09:00 ~ 19:30",연중무휴,테이블 12개 / 좌석 24석,불가,,114734,
605,10735,상계백병원점,빽다방,서울특별시,서울 노원구 동일로 1354,070-4333-4229,https://theborndb.theborn.co.kr/wp-content/uploads/20230726_030146.jpg,"평일 07:30 ~ 20:00
주말, 공휴일 08:00 ~ 22:00",연중무휴,테이블 4개 / 좌석 8석,가능,,113177,
606,10733,서대구영무예다음점,빽다방,대구광역시,"대구광역시 서구 당산로 446, 363동 103호(평리동 633-29번지 외)",0507-1498-9887,https://theborndb.theborn.co.kr/wp-content/uploads/20230726_025610.jpg,"평일 08:30 ~ 22:00
토요일 09:00 ~ 22:00
일요일 09:00 ~ 21:00",연중무휴,테이블 20개 / 좌석 44석,가능,,113171,
607,10699,대전둔곡점,빽다방,대전광역시,대전 유성구 구룡동 770-10 번지,070-4334-7767,https://theborndb.theborn.co.kr/wp-content/uploads/20230724_011444.jpg,"평일 07:30 ~ 22:00
주말 09:00 ~ 22:00",연중무휴,테이블 12개 / 좌석 24석,가능,,113342,
608,10697,양산북정점,빽다방,경상남도,"경상남도 양산시 북정동 891-12,1층",070-4012-4009,https://theborndb.theborn.co.kr/wp-content/uploads/20230721_013429.jpg,"평일 07:30 ~ 22:00
주말 08:00 ~ 22:00",연중무휴,테이블 17개 / 좌석 22석,불가,,113164,
609,10695,용인백암점,빽다방,경기도,경기도 용인시 처인구 백암면 백암로 217,070-4333-1236,https://theborndb.theborn.co.kr/wp-content/uploads/20230721_012752.jpg,"평일 08:00 ~ 21:00
주말 09:00 ~ 20:00",연중무휴,테이블 14개 / 좌석 24석,불가,,113146,
610,10693,세종집현점,빽다방,세종특별자치시,"세종시 집현동 1128,1층",0507-1338-0726,https://theborndb.theborn.co.kr/wp-content/uploads/20230721_011825.jpg,"월~토 08:00 ~ 21:00
일요일 09:00 ~ 21:00",연중무휴,가능,테이블 7개 / 좌석 14석,,113173,
611,10691,수원율전점,빽다방,경기도,경기 수원시 장안구 서부로 2157 1층,031-895-5808,https://theborndb.theborn.co.kr/wp-content/uploads/20230721_011511.jpg,"평일 08:30 ~ 20:30
주말 09:00 ~ 20:30",연중무휴,테이블 15개 / 좌석 23석,불가,,113198,
612,10689,대전대동점,빽다방,대전광역시,대전 동구 동대전로46번길 7 106호,0507-1339-6636,https://theborndb.theborn.co.kr/wp-content/uploads/20230721_011116.jpg,08:00 ~ 22:00,연중무휴,테이블 5개 / 좌석 10석,가능,,114981,
613,10681,월계그랑빌점,빽다방,서울특별시,서울 노원구 월계동 18 1층 110호,,https://theborndb.theborn.co.kr/wp-content/uploads/20230718_091735.jpg,07:30 ~ 21:00,연중무휴,없음,건물 내 주차장 이용 가능,,113180,
614,10679,인천간석북부역점,빽다방,인천광역시,인천 남동구 석정로 518 엠타워 1층 104호,0507-1315-9084,https://theborndb.theborn.co.kr/wp-content/uploads/20230718_091047.jpg,08:00 ~ 22:00,연중무휴,테이블 11개 / 좌석 22석,유료 주차장 이용 가능,,113172,
615,10636,월계롯데캐슬루나점,빽다방,서울특별시,서울 노원구 월계로 45길 21,070-4333-8234,https://theborndb.theborn.co.kr/wp-content/uploads/20230714_045214.jpg,08:00 ~ 21:40,연중무휴,테이블 5개 / 좌석 10석,불가,,114701,
616,10634,파주적성점,빽다방,경기도,"경기도 파주시 적성면 청송로1026, 1층 일부",,https://theborndb.theborn.co.kr/wp-content/uploads/20230714_044828.jpg,08:00 ~ 21:30,연중무휴,없음,불가,,113175,
617,10632,진주교대점,빽다방,경상남도,경상남도 진주시 신안동 433. 1층,070-4333-8484,https://theborndb.theborn.co.kr/wp-content/uploads/20230714_044050.jpg,08:00 ~ 22:00,연중무휴,테이블 5개 / 좌석 10석,불가,,113199,
618,10629,여의도역점,빽다방,서울특별시,서울특별시 영등포구 여의나루로 42,02-785-1117,https://theborndb.theborn.co.kr/wp-content/uploads/20230713_031245.jpg,"월-토요일 07:00 ~ 21:30
일요일 및 공휴일 08:30 ~ 21:30",연중무휴,없음,건물 주차장 이용 가능 (유료),,113185,
619,10627,강릉중앙시장점,빽다방,강원도,강원도 성남동 60-20,033-823-2773,https://theborndb.theborn.co.kr/wp-content/uploads/20230713_030936.jpg,"일-목요일 07:30 ~ 21:00
금-토요일 07:30 ~ 22:00",연중무휴,테이블 4개 / 좌석 8석,불가,,113118,
620,10625,강릉옥천점,빽다방,강원도,강릉시 옥천동 287,070-4911-7333,https://theborndb.theborn.co.kr/wp-content/uploads/20230713_030417.jpg,09:00 ~ 21:00,연중무휴,테이블 7개 / 좌석 14석,불가,,113181,
621,10614,구미4공단점,빽다방,경상북도,경상북도 구미시 산동면 봉산리 577-2 1층,054-475-5956,https://theborndb.theborn.co.kr/wp-content/uploads/20230710_013352.jpg,"평일 10:00 ~ 19:00
주말 10:00 ~ 18:00",연중무휴,테이블 19개 / 좌석 38석,불가,,113137,
622,10609,순천한국병원점,빽다방,전라남도,순천시 덕연로 66 1층,070-4048-6667,https://theborndb.theborn.co.kr/wp-content/uploads/20230710_012127.jpg,"평일 08:00 ~ 22:00
주말,공휴일 09:00 ~ 22:00",연중무휴,테이블 23개 / 좌석 46석,매장 인근 주차장 이용,,113162,
623,10607,인천화전초교점,빽다방,인천광역시,"인천광역시 계양구 주부토로 374, 1층 (102호)",070-4048-4550,https://theborndb.theborn.co.kr/wp-content/uploads/20230710_011019.jpg,평일 08:00 ~ 21:30<BR>주말 08:00 ~ 21:30,연중무휴,테이블 12개 / 좌석 24석,건물 주차장 이용 가능,,113165,
624,10583,대학로점,빽다방,서울특별시,서울특별시 종로구 대학로 89(연건동) 1층,070-4764-1803,https://theborndb.theborn.co.kr/wp-content/uploads/20230703_060517.jpg,07:00 ~ 22:00,연중무휴,테이블 11개 / 좌석 22석,병원 건물 지하주차장 및 주변 유료 주차장,,113188,
625,10581,중화동제일시장점,빽다방,서울특별시,서울 중랑구 묵동 250-38,070-4035-8113,https://theborndb.theborn.co.kr/wp-content/uploads/20230703_055656.jpg,08:00 ~ 21:00,연중무휴,테이블 16개 / 좌석 36석,불가,,113158,
626,10565,김해삼계중앙점,빽다방,경상남도,경남 김해시 해반천로 144번길 12,,https://theborndb.theborn.co.kr/wp-content/uploads/20230629_074158.jpg,08:00 ~ 21:30,연중무휴,테이블 20개 / 좌석 40석,불가,,113138,
627,10563,대전학하오투그란데점,빽다방,대전광역시,"대전광역시 유성구 학하서로20번길14, 101호",070-4048-5220,https://theborndb.theborn.co.kr/wp-content/uploads/20230629_033816.jpg,09:00 ~ 21:00,연중무휴,테이블 25개 / 좌석 55석,불가,,113136,
628,10561,김해부원점,빽다방,경상남도,김해시 부원동 612-14. 1층,055-904-2890,https://theborndb.theborn.co.kr/wp-content/uploads/20230629_033601.jpg,"일-목요일  08:00 ~ 22:00
금-토요일 08:00 ~ 23:00",연중무휴,테이블 6개 / 좌석 12석,매장 인근 주차장 이용,,113135,
629,10559,당진터미널점,빽다방,충청남도,충청남도 당진시 밤절로 136,070-4070-6500,https://theborndb.theborn.co.kr/wp-content/uploads/20230629_033233.jpg,"평일 08:00 ~ 22:00
주말 09:00 ~ 22:00",연중무휴,테이블 12개 / 좌석 24석,건물 주차장 이용 가능,,113101,
630,10533,동대구신천테라스점,빽다방,대구광역시,대구 동구 신천동 331-1,054-745-4456,https://theborndb.theborn.co.kr/wp-content/uploads/20230623_094913.jpg,"월~토 07:00 ~ 22:00
일요일 08:00 ~ 22:00",연중무휴,테이블 7개 / 좌석 14석,지하 1층 상가주차장 이용 가능,,113151,
631,10529,빽다방 빵연구소 수원영통점,빽다방,경기도,경기 수원시 영통구 중부대로447번길 9,031-222-1227,https://theborndb.theborn.co.kr/wp-content/uploads/20230623_093918.jpg,08:00 ~ 22:00,연중무휴,테이블 35개 / 좌석 60석,불가,,113046,
632,10527,남악도청사거리점,빽다방,전라남도,전남 무안군 남악리 2024,061-281-1112,https://theborndb.theborn.co.kr/wp-content/uploads/20230623_093440.jpg,08:00 ~ 20:00,연중무휴,"테이블 12개, 좌석 24석",매장 인근 주차장 이용,,113057,
633,10525,광주매곡점,빽다방,광주광역시,광주광역시 북구 서하로 123,070-4006-1125,https://theborndb.theborn.co.kr/wp-content/uploads/20230623_093145.jpg,"평일 07:30 ~ 21:00
주말 08:00 ~ 22:00",연중무휴,테이블 11개 / 좌석 22석,가능,,113130,
634,10523,신도림큐브스테이트점,빽다방,서울특별시,서울 구로구 경인로 611-7 102호,070-7869-8869,https://theborndb.theborn.co.kr/wp-content/uploads/20230623_092802.jpg,08:00 ~ 22:00,연중무휴,테이블 8개 / 좌석 16석,불가,,113131,
635,10466,종로평창동점,빽다방,서울특별시,"서울 종로구 평창문화로 75 (평창동, 글로리아타운) A동 112호",0507-1380-5031,https://theborndb.theborn.co.kr/wp-content/uploads/20230620_050147.jpg,"평일 07:30 ~ 20:00
주말 08:00 ~ 20:00",연중무휴,테이블 8개 / 좌석 16석,지하주차장이용가능(유료),,113160,
636,10443,시흥거북섬점,빽다방,경기도,경기도 시흥시 거북섬남로 47,031-433-1867,https://theborndb.theborn.co.kr/wp-content/uploads/20240409_023233.png,07:30 ~ 22:30,연중무휴,테이블 4개 / 좌석 8석,가능,,113886,
637,10402,마들역점,빽다방,서울특별시,"서울 노원구 동일로 1554 (상계동, 다래빌딩) 1층",070-4212-0553,https://theborndb.theborn.co.kr/wp-content/uploads/20230612_091428.jpg,07:30 ~ 22:00,연중무휴,테이블 5개 / 좌석 7석,불가,,113076,
638,10400,천안순천향병원점,빽다방,충청남도,충청남도 천안시 동남구 순천향4길 40 (봉명동),041-578-5800,https://theborndb.theborn.co.kr/wp-content/uploads/20230612_091115.jpg,"평일 07:00 ~ 20:00
주말 07:00 ~ 19:00",연중무휴,테이블 5개 / 좌석 10석,불가,,114984,
639,10398,춘천강북점,빽다방,강원도,"강원도 춘천시 충열로 1, 1층",033-251-8886,https://theborndb.theborn.co.kr/wp-content/uploads/20230612_090656.jpg,09:00 ~ 21:00,연중무휴,테이블 11개 / 좌석 26석,불가,,114231,
640,10396,평택용죽점,빽다방,경기도,경기도 평택시 용죽3로 20,070-8657-2129,https://theborndb.theborn.co.kr/wp-content/uploads/20230612_090313.jpg,08:00 ~ 21:00,연중무휴,테이블 7개 / 좌석 16석,불가,,113105,
641,10379,청주탑동점,빽다방,충청북도,충북 청주시 상당구 용담로 50,070-4035-8300,https://theborndb.theborn.co.kr/wp-content/uploads/20230607_085113.jpg,"월-토요일 08:30 ~ 20:00
일요일 08:30 ~ 19:00",연중무휴,테이블 15개 / 좌석 30석,상가 공영주차장 이용 가능,,113075,
642,10377,갈매금강펜테리움점,빽다방,경기도,경기 구리시 갈매순환로166번길 46 금강펜테리움타워 M-142호,031-869-2454,https://theborndb.theborn.co.kr/wp-content/uploads/20230607_084753.jpg,"평일 07:30 ~ 19:30
토요일 08:00 ~ 17:00",매주 일요일,테이블 7개 / 좌석 14석,가능,,113098,
643,10375,전남진도점,빽다방,전라남도,전남 진도군 진도읍 남동리 780-1,0507-1464-8904,https://theborndb.theborn.co.kr/wp-content/uploads/20230607_084445.jpg,"월~토 08:00 ~ 21:00
일요일 09:30 ~ 21:00",연중무휴,테이블 35개 / 좌석 70석,건물 뒤 주차장 이용 가능,,113108,
644,10373,대전새여울초점,빽다방,대전광역시,대전 대덕구 석봉동 501-3,070-4047-4400,https://theborndb.theborn.co.kr/wp-content/uploads/20230607_084016.jpg,"평일 08:00 ~ 21:00
토요일 09:00 ~ 21:00
일요일 08:30 ~ 20:30",연중무휴,테이블 10개 / 좌석 20석,상가 공영주차장 이용 가능,,113116,
645,10371,전주평화모악로점,빽다방,전라북도,전라북도 전주시 완산구 모악로4655 1층 빽다방,063-715-2550,https://theborndb.theborn.co.kr/wp-content/uploads/20230607_083424.jpg,08:00 ~ 22:00,연중무휴,테이블 10개 / 좌석 20석,건물 뒤 주차장 이용 가능,,113096,
646,10369,청라국제업무단지점,빽다방,인천광역시,인천 서구 청라한내로100번길 24 1층 132호,,https://theborndb.theborn.co.kr/wp-content/uploads/20230607_083034.jpg,"평일 08:00 ~ 22:00
주말 09:00 ~ 22:00",연중무휴,테이블 13개 / 좌석 26석,불가,,113055,
647,10355,세종용포대평시장점,빽다방,세종특별자치시,세종시 금남면 용포리 193-30,070-7711-2727,https://theborndb.theborn.co.kr/wp-content/uploads/20230531_082230.jpg,08:00 ~ 21:00,연중무휴,테이블 31개 / 좌석 40석,매장 주변 공영주차장 이용 가능,,113073,
648,10353,시흥대야역점,빽다방,경기도,경기 시흥시 대야동 650-1,031-509-0514,https://theborndb.theborn.co.kr/wp-content/uploads/20230531_081607.jpg,08:00 ~ 21:30,연중무휴,테이블 11개 / 좌석 22석,가능,,113071,
649,10351,대구만촌팔레스점,빽다방,대구광역시,대구 수성구 만촌동 1463-1 1층,070-4012-7300,https://theborndb.theborn.co.kr/wp-content/uploads/20230531_081216.jpg,08:00 ~ 21:30,연중무휴,테이블 8개 / 좌석 16석,가능,,113007,
650,10349,해방촌오거리점,빽다방,서울특별시,서울특별시 용산구 신흥로20길 1,070-4010-8803,https://theborndb.theborn.co.kr/wp-content/uploads/20230531_080846.jpg,08:00 ~ 20:30,연중무휴,테이블 3개 / 좌석 6석,불가,,113099,
651,10346,대구대현점,빽다방,대구광역시,대구 북구 대현동 277-11,0507-1371-8729,https://theborndb.theborn.co.kr/wp-content/uploads/20230530_074129.jpg,"평일 08:00 ~ 21:00
주말 09:00 ~ 21:00",연중무휴,없음,가능,,113086,
652,10339,인천송현점,빽다방,인천광역시,인천광역시 동구 송현로 25 (송현동),,https://theborndb.theborn.co.kr/wp-content/uploads/20230525_082133.jpg,"평일 07:30 ~ 21:40
주말 08:00 ~ 21:40",연중무휴,테이블 11개 / 좌석 22석,가능,,113066,
653,10337,계룡대실지구점,빽다방,충청남도,"충청남도 계룡시 두마면 농소로 63, 1층",070-8893-8554,https://theborndb.theborn.co.kr/wp-content/uploads/20230525_081729.jpg,08:00 ~ 22:00,연중무휴,테이블 12개 / 좌석 24석,가능,,113060,
654,10327,청라3단지루비점,빽다방,인천광역시,인천 서구 청라동 145-2 청라유-에이치에이유에스 102호,070-4334-5503,https://theborndb.theborn.co.kr/wp-content/uploads/20230522_090010.jpg,"월,화,목,금,토,공휴일 09:30 ~ 20:30
수,일요일 09:30 ~ 19:30",연중무휴,테이블 18개 / 좌석 36석,가능,,113042,
655,10325,목포옥암부주점,빽다방,전라남도,전남 목포시 남악1로52번길 27. 1층,061-282-6623,https://theborndb.theborn.co.kr/wp-content/uploads/20230522_085520.jpg,08:00 ~ 21:00,연중무휴,테이블 18개 / 좌석 36석,가능,,113044,
656,10322,청라더리브티아모점,빽다방,인천광역시,"인천광역시 서구 청라동 202-3, 1층",032-263-1276,https://theborndb.theborn.co.kr/wp-content/uploads/20230518_093133.jpg,"월~목 08:00 ~ 20:00
금요일 08:00 ~ 18:30
공휴일 10:00 ~ 17:00",주말,테이블 14개 / 좌석 28석,가능,,113041,
657,10320,부산부경대점,빽다방,부산광역시,부산 남구 수영로 334번길 53,070-4833-7511,https://theborndb.theborn.co.kr/wp-content/uploads/20230518_092808.jpg,"평일 08:00 ~ 22:00
주말 및 공휴일 09:00 ~ 22:00",연중무휴,테이블 10개 / 좌석 20석,불가,,113062,
658,10307,전주한옥마을점,빽다방,전라북도,전주시 완산구 풍남문2길 9,063-287-1379,https://theborndb.theborn.co.kr/wp-content/uploads/20230515_012439.jpg,"월~목 08:00 ~ 19:30
금~토 08:00 ~ 22:00
일요일 08:00 ~ 20:00",연중무휴,테이블 13개 / 좌석 26석,불가,,113030,
659,10305,원주단관점,빽다방,강원도,"원주시 단구로 398 , 상가동 b 103호",033-766-7880,https://theborndb.theborn.co.kr/wp-content/uploads/20230515_011748.jpg,09:00 ~ 21:30,연중무휴,테이블 18개 / 좌석 36석,불가,,113048,
660,10303,청주분평농협사거리점,빽다방,충청북도,충북 청주시 서원구 청남로 2010,0507-1409-0820,https://theborndb.theborn.co.kr/wp-content/uploads/20230515_011459.jpg,09:00 ~ 22:00,연중무휴,테이블 30개 / 좌석 60석,건물 뒷 편 주차장 이용 가능,,112981,
661,10286,제주이호테우점,빽다방,제주도,제주특별자치도 제주시 이호일동 1700-4 1충,,https://theborndb.theborn.co.kr/wp-content/uploads/20230510_073645.jpg,10:00 ~ 22:00,연중무휴,테이블 6개 / 좌석 12석,가능,,112910,
662,10284,대전신탄진IC점,빽다방,대전광역시,대전 대덕구 신탄진로 681번길 20,042-931-1258,https://theborndb.theborn.co.kr/wp-content/uploads/20230510_072902.jpg,08:00 ~ 21:30,연중무휴,"테이블 12개, 좌석 24개 / 바테이블 1개, 좌석 3석",가능,,113006,
663,10281,익산황등점,빽다방,전라북도,전라북도 익산시 황등면 황등로 108,063-918-6001,https://theborndb.theborn.co.kr/wp-content/uploads/20230510_071942.jpg,"평일 08:30 ~ 20:00(라스트오더 19:30)
주말 08:30 ~ 21:00(라스트오더 20:30)",연중무휴,테이블 22개 / 좌석 46석,불가,,113013,
664,10278,인천부평공고점,빽다방,인천광역시,인천광역시 부평구 갈산동 367-4  1층 101호,070-8800-3487,https://theborndb.theborn.co.kr/wp-content/uploads/20230510_071152.jpg,07:30 ~ 21:00,연중무휴,"대기석, 테이블 2개, 좌석 4석",불가,,113047,
665,10276,목포대성점,빽다방,전라남도,"전라남도 목포시 양을로57번길 3, 1층",061-274-0022,https://theborndb.theborn.co.kr/wp-content/uploads/20230510_071445.jpg,08:30 ~ 22:00,연중무휴,테이블 17개 / 좌석 33석,불가(인근 공영주차장 이용 및 갓길 잠시 정차 가능),,113020,
666,10258,천안쌍용자이점,빽다방,충청남도,충남 천안시 서북구 월봉1길 26,041-577-0813,https://theborndb.theborn.co.kr/wp-content/uploads/20230428_053842.jpg,"평일 08:00 ~ 20:00
주말 및 공휴일 08:30 ~ 18:00",연중무휴,테이블 9개 / 좌석 18석,불가,,112958,
667,10256,대전복수목화점,빽다방,대전광역시,"대전 서구 복수서로 50 (복수동, 삼익목화아파트) 목화아파트 제비상가동 101호",042-587-1110,https://theborndb.theborn.co.kr/wp-content/uploads/20230428_053521.jpg,07:30 ~ 22:00,연중무휴,테이블 3개 / 좌석 6석,불가,,114646,
668,10254,강릉입암점,빽다방,강원도,"강원도 강릉시 월대산로 59 입암동 107-1, 1층",033-653-3032,https://theborndb.theborn.co.kr/wp-content/uploads/20230428_053146.jpg,08:30 ~ 22:00,연중무휴,테이블 11개 / 좌석 22석,불가,,112962,
669,10252,대구상인월배로점,빽다방,대구광역시,"대구광역시 달서구 상인동 314-6, 1층",070-4900-5756,https://theborndb.theborn.co.kr/wp-content/uploads/20230428_052835.jpg,"평일 08:00 ~ 22:00
주말 09:00 ~ 22:00",연중무휴,테이블 6개 / 좌석 12석,불가,,112991,
670,10250,중계브라운스톤점,빽다방,서울특별시,"서울 노원구 중계동 506, 176호",02-971-5121,https://theborndb.theborn.co.kr/wp-content/uploads/20230428_052444.jpg,08:00 ~ 22:00,연중무휴,없음(T/O 전용매장),가능(2시간 무료),,113064,
671,10247,대전천동점,빽다방,대전광역시,대전광역시 동구 대전로542번길 80-77,042-273-8316,https://theborndb.theborn.co.kr/wp-content/uploads/20230428_051712.jpg,"평일 08:30 ~ 21:30
주말 09:00 ~ 22:00",연중무휴,테이블 11개 / 좌석 22석,불가,,113021,
672,10245,완주삼봉지구점,빽다방,전라북도,전북 완주군 수계리 1243-3 1층 105호,0507-1437-1173,https://theborndb.theborn.co.kr/wp-content/uploads/20230428_051352.jpg,"평일 07:30 ~ 21:30
주말 08:00 ~ 21:30",연중무휴,테이블 10개 / 좌석 20개,가능,,113022,
673,10243,기장대청점,빽다방,부산광역시,"부산광역시 기장군 기장읍 대청로 16, 1층",070-4833-0714,https://theborndb.theborn.co.kr/wp-content/uploads/20230428_050630.jpg,08:00 ~ 22:00,연중무휴,테이블 9개 / 좌석 18석,불가,,113015,
674,10241,길동역점,빽다방,서울특별시,서울 강동구 길동 391-5,02-6084-7180,https://theborndb.theborn.co.kr/wp-content/uploads/20230428_050152.jpg,"평일,토요일 08:00 ~ 22:00
주말 10:00 ~ 22:00",연중무휴,테이블 6개 / 좌석 12개,불가,,113002,
675,10239,대구청라힐스자이점,빽다방,대구광역시,"대구 중구 남산로 73 (남산동, 청라힐스자이) 상가1동107호",070-4647-4054,https://theborndb.theborn.co.kr/wp-content/uploads/20230428_045827.jpg,07:30 ~ 21:00,연중무휴,테이블 6개 / 좌석 12개,가능,,113038,
676,10237,제주이도초교점,빽다방,제주도,제주특별자치도 제주시 일도이동 2036-1 1층,064-723-2279,https://theborndb.theborn.co.kr/wp-content/uploads/20230428_045410.jpg,"평일 08:00 ~ 19:00
주말 09:00 ~ 19:00",연중무휴,테이블 12개 / 좌석 24개,가능,,112997,
677,10235,시흥포동점,빽다방,경기도,"경기 시흥시 신현로38번길 20 (포동, 신현로 40) 1층",070-4922-0006,https://theborndb.theborn.co.kr/wp-content/uploads/20230428_044845.jpg,"월~토 08:00 ~ 18:00
일요일 09:00 ~ 18:00",연중무휴,테이블 6개 / 좌석 12개,불가,,113043,
678,10196,전주수병원점,빽다방,전라북도,"전라북도 전주시 완산구 효자동2가 1255-1, 1층",070-4900-9118,https://theborndb.theborn.co.kr/wp-content/uploads/20230421_021243.jpg,"평일 08:30 ~ 21:30
주말 09:00 ~ 21:30",연중무휴,테이블 3개 / 좌석 6석,불가,,112978,
679,10194,양원역점,빽다방,서울특별시,서울 중랑구 망우동 618-3 제일프라자 104호,02-3421-6540,https://theborndb.theborn.co.kr/wp-content/uploads/20230421_020934.jpg,"월~토 08:00 ~ 21:00
일요일 08:00 ~ 18:00",연중무휴,테이블 5개 / 좌석 10석,불가,,112980,
680,10192,제주아라점,빽다방,제주도,"제주도 제주시 아라일동 6115-7, 1층",,https://theborndb.theborn.co.kr/wp-content/uploads/20230421_020305.jpg,07:30 ~ 22:00,연중무휴,테이블 8개 / 좌석 16석,불가,,112974,
681,10174,공릉중앙점,빽다방,서울특별시,서울특별시 노원구 공릉동 345-3,02-977-6631,https://theborndb.theborn.co.kr/wp-content/uploads/20230417_044249.jpg,09:00 ~ 22:00,연중무휴,테이블 13개 / 좌석 26석,불가,,112952,
682,10166,인천SK리더스뷰2차점,빽다방,인천광역시,인천 서구 봉오대로 270 302동 B214호,070-4047-8991,https://theborndb.theborn.co.kr/wp-content/uploads/20230411_043508.jpg,08:00 ~ 21:30,연중무휴,"테이블 8개, 좌석 16석",불가,,112941,
683,10103,세종해밀점,빽다방,세종특별자치시,"세종특별자치시 해밀3로 51 (해밀동, 스카이허브) 1층",044-864-3619,https://theborndb.theborn.co.kr/wp-content/uploads/20230406_053344.jpg,"평일 09:00 ~ 21:00
주말 및 공휴일 09:00 ~ 20:00",연중무휴,상가 주차장 할인권 적용가능(2시간 무료),"테이블 9개, 좌석 18석",,112948,
684,10100,파주해오름마을점,빽다방,경기도,경기 파주시 다율동 1044(해올2길 2) 태산W타워 105호,070-8691-4426,https://theborndb.theborn.co.kr/wp-content/uploads/20230406_052801.jpg,08:00 ~ 21:00,연중무휴,"테이블 5개, 좌석 9석",상가 주차장,,112945,
685,10039,일산어반스카이점,빽다방,경기도,경기 고양시 일산서구 고양대로 666 e편한세상 일산 어반스카이 상가동 c110,031-8073-9392,https://theborndb.theborn.co.kr/wp-content/uploads/20230410_072730.jpg,08:00 ~ 20:00,연중무휴,테이블 6개 / 좌석 12석,상가 주차장,,114836,
686,10029,전주안골네거리점,빽다방,전라북도,전라북도 전주시 덕진구 안덕원로250 1층,063-247-7410,https://theborndb.theborn.co.kr/wp-content/uploads/20230410_073935.jpg,09:00 ~ 21:00,연중무휴,테이블 11개 / 좌석 22석,불가,,112931,
687,10027,인천연수보건소점,빽다방,인천광역시,인천 연수구 청학동 474-9 1층,032-833-9272,https://theborndb.theborn.co.kr/wp-content/uploads/20230410_074504.jpg,"평일 07:00 ~ 20:30
주말 08:00 ~ 20:30",연중무휴,테이블 6개 / 좌석 12석,불가,,112914,
688,10025,안산시청점,빽다방,경기도,경기도 안산시 단원구 고잔동 529-1,031-362-5232,https://theborndb.theborn.co.kr/wp-content/uploads/20230410_074847.jpg,"월~토 07:30 ~ 22:00
일요일 08:30 ~ 21:00",연중무휴,테이블 9개 / 좌석 18석,건물 주차장 이용 가능,,112920,
689,10023,인천검단금호점,빽다방,인천광역시,"인천 서구 바리미로5번길 12 다승프라자 2차 1층,105호",032-563-9754,https://theborndb.theborn.co.kr/wp-content/uploads/20260309_051343.jpg,08:00 ~ 22:00,연중무휴,테이블 10개 / 좌석 20석,불가,,115096,
690,10011,빽다방 빵연구소 화성남양점,빽다방,경기도,경기 화성시 남양읍 북양리 263-6,031-355-4923,https://theborndb.theborn.co.kr/wp-content/uploads/20230410_061414.jpg,08:00 ~ 20:00,연중무휴,테이블 54개 / 좌석 122석,건물 외부 주차장 이용,,112874,
691,10003,동탄레이크드림점,빽다방,경기도,경기 화성시 동탄대로 198 1층 105호,031-374-1510,https://theborndb.theborn.co.kr/wp-content/uploads/20230410_083714.jpg,08:00 ~ 20:40,연중무휴,테이블 11개 / 좌석 22석,불가,,113990,
692,9997,빽다방 빵연구소 북한산성점,빽다방,서울특별시,서울시 은평구 진관동 279-50,02-352-1202,https://theborndb.theborn.co.kr/wp-content/uploads/20230410_061645.jpg,09:00 ~ 20:00,연중무휴,테이블 60개 / 좌석 120석,"북한산 공영주차장, 매장 뒷편",,115010,
693,9994,예산군청점,빽다방,충청남도,충남 예산군 예산읍 예산로 189,041-335-1939,https://theborndb.theborn.co.kr/wp-content/uploads/20230410_084246.jpg,08:00 ~ 20:00,연중무휴,테이블 3개 / 좌석 6석,매장 옆 주차 가능,,112979,
694,9985,대전신탄진동일점,빽다방,대전광역시,대전광역시 대덕구 대청로 38,070-4333-0514,https://theborndb.theborn.co.kr/wp-content/uploads/20230410_084426.jpg,08:00 ~ 21:00,연중무휴,테이블 11개 / 좌석 22석,가능,,112900,
695,9977,대구불로동점,빽다방,대구광역시,"대구광역시 동구 불로동 1190, 1층",070-4060-5484,https://theborndb.theborn.co.kr/wp-content/uploads/20230410_084626.jpg,08:00 ~ 20:00,연중무휴,테이블 11개 / 좌석 22석,건물 주차장 이용 가능 (1대),,112854,
696,9975,광주신현점,빽다방,경기도,경기도 광주시 새말길 3,031-716-5927,https://theborndb.theborn.co.kr/wp-content/uploads/20230410_084910.jpg,"평일 08:00 ~ 21:00
주말 09:00 ~ 21:00",연중무휴,테이블 8개 / 좌석 16석,가능,,112896,
697,9973,청주사천점,빽다방,충청북도,충북 청주시 청원구 새터로 173,,https://theborndb.theborn.co.kr/wp-content/uploads/20230410_085552.jpg,"일-화요일 08:30 ~ 22:00(라스트오더 21:30)
수-토요일 08:30 ~ 22:30(라스트오더 22:00)",연중무휴,테이블 16개 / 좌석 32석,불가,,113901,
698,9940,강원정선점,빽다방,강원도,강원 정선군 정선읍 봉양6길 25-1 (봉양리) 1층 132호,033-562-1102,https://theborndb.theborn.co.kr/wp-content/uploads/20230410_085732.jpg,08:00 ~ 21:00,연중무휴,테이블 16개 / 좌석 32석,불가,,112838,
699,9917,대전부사점,빽다방,대전광역시,대전 중구 대종로 299 1층,070-4060-0960,https://theborndb.theborn.co.kr/wp-content/uploads/20230410_085935.jpg,"평일 08:00 ~ 22:00
주말 09:00 ~ 22:00",연중무휴,"테이블 4개,  좌석 8석",불가,,112863,
700,9915,진주정촌점,빽다방,경상남도,경상남도 진주시 정촌면 예하리 1296 1층,055-762-6717,https://theborndb.theborn.co.kr/wp-content/uploads/20240118_082004.png,07:30 ~ 21:00,연중무휴,테이블 7개 / 좌석 14석,불가,,113672,
701,9913,대전와동점,빽다방,대전광역시,대전 대덕구 와동 376 1층,070-4304-4320,https://theborndb.theborn.co.kr/wp-content/uploads/20230410_090958.jpg,"월~금 08:00 ~ 21:00
주말,공휴일 09:00 ~ 21:00
(아이스크림 마감 20:00)",연중무휴,테이블 9개 / 좌석 18석,건물 외부 주차장 이용,,112883,
702,9911,대전경성큰마을점,빽다방,대전광역시,"대전광역시 서구 대덕대로162번길 11, 1층",042-710-1977,https://theborndb.theborn.co.kr/wp-content/uploads/20230410_091137.jpg,08:00 ~ 23:00,연중무휴,테이블 6개 / 좌석 13석,상가 내 주차장 이용,,114859,
703,9908,전남목포삼학점,빽다방,전라남도,전라남도 목포시 자유로88,070-4099-5654,https://theborndb.theborn.co.kr/wp-content/uploads/20230410_091430.jpg,09:00 ~ 22:00,연중무휴,테이블 16개 / 좌석 32석,"매장 앞, 옆",,112889,
704,9875,철산롯데캐슬점,빽다방,경기도,경기 광명시 철산로29번길 9 효도프라자 1층,02-6085-3031,https://theborndb.theborn.co.kr/wp-content/uploads/20230410_091653.jpg,"평일 07:30 ~ 22:00
주말 08:30 ~ 22:00",연중무휴,테이블 2개 / 좌석 4석,불가,,112884,
705,9858,대구팔달노원점,빽다방,대구광역시,대구 북구 팔달로 35길 72,0507-1375-6368,https://theborndb.theborn.co.kr/wp-content/uploads/20230410_091839.jpg,08:00~20:00,연중무휴,테이블 10개 / 좌석 20석,불가,팔달시장 도보 5분거리,112901,
706,9847,대구장기동점,빽다방,대구광역시,대구 달서구 장기로 243,053-721-6529,https://theborndb.theborn.co.kr/wp-content/uploads/20230410_092721.jpg,08:00~22:00,연중무휴,테이블 32개 / 좌석 64석,불가,대구장동초등학교에서 도보 5분 거리,112806,
707,9816,익산모현현대점,빽다방,전라북도,전북특별자치도 익산시 고현로 98-1 (모현동1가),070-4334-7889,https://theborndb.theborn.co.kr/wp-content/uploads/20230410_093231.jpg,08:00 ~ 22:00,연중무휴,테이크아웃 매장,불가,,115111,
708,9814,해운대대동사거리점,빽다방,부산광역시,부산 해운대구 대천로103번길 29 (좌동 1288),051-704-2852,https://theborndb.theborn.co.kr/wp-content/uploads/20230410_093402.jpg,08:00 - 22:00,연중무휴,"테이블 7개,  좌석 14석",불가,,112825,
709,9803,제주일도인제점,빽다방,제주도,제주특별자치도 제주시 고마로 100,064-755-2023,https://theborndb.theborn.co.kr/wp-content/uploads/20230410_093850.jpg,"평일 08:00 ~ 22:30
주말 09:00 ~ 22:30",연중무휴,테이블 19개 / 좌석 38석,불가,,112804,
710,9788,서일대점,빽다방,서울특별시,"서울 중랑구 용마산로 388(면목동, 성호유치원) 1층",02-6368-9789,https://theborndb.theborn.co.kr/wp-content/uploads/20230410_094041.jpg,08:00 ~ 21:00,연중무휴,테이블 13개 / 좌석 26석,불가,,112807,
711,9786,화곡아덴하임점,빽다방,서울특별시,"서울특별시 강서구 화곡로 238 (화곡동, 아덴하임) 1층 103호",070-7808-2495,https://theborndb.theborn.co.kr/wp-content/uploads/20230410_094243.jpg,10:00 ~ 21:00,연중무휴,테이블 3개 / 좌석 6석,불가,,112802,
712,9784,계룡시청점,빽다방,충청남도,충남 계룡시 장안로 59-3,042-840-6633,https://theborndb.theborn.co.kr/wp-content/uploads/20230620_072359.jpg,08:00 ~ 21:00,매주 수요일,"테이블 9개, 좌석 18석",불가,,112782,
713,9779,대전도안수목토점,빽다방,대전광역시,대전 서구 도안동 1244 1층,042-710-8090,https://theborndb.theborn.co.kr/wp-content/uploads/20230620_072140.jpg,08:00 ~ 21:00,연중무휴,테이블 4개 / 좌석 8석,건물 뒷편 주차장 이용 가능,,115035,
714,9777,경산하양중앙점,빽다방,경상북도,경상북도 경산시 하양읍 하양로 72,053-856-7997,https://theborndb.theborn.co.kr/wp-content/uploads/20230620_073441.jpg,08:00 ~ 22:00,연중무휴,테이블 8개 / 좌석 16석,불가,,,
715,9767,울진군청점,빽다방,경상북도,경북 울진군 울진읍 울진중앙로 123-1,054-502-8259,https://theborndb.theborn.co.kr/wp-content/uploads/20230620_073612.jpg,08:00 ~ 22:00,연중무휴,테이블 8개 / 좌석 16석,불가,,114818,
716,9753,화성남양시장점,빽다방,경기도,경기 화성시 남양읍 남양성지로 139-1,070-8869-5864,https://theborndb.theborn.co.kr/wp-content/uploads/20230620_073855.jpg,08:30 ~ 21:00,매주 월요일,테이블 9개 / 좌석 18석,불가,,112766,
717,9750,대구수성3가점,빽다방,대구광역시,대구 수성구 수성동3가 72-1,053-721-7152,https://theborndb.theborn.co.kr/wp-content/uploads/20230620_074041.jpg,"월-토요일 08:00 ~ 21:00
일요일 09:30 ~ 21:00",연중무휴,테이블 8개 / 좌석 16석,불가,,112842,
718,9748,전주대자인병원점,빽다방,전라북도,전주시 덕진구 우아동3가749-63,063-714-2004,https://theborndb.theborn.co.kr/wp-content/uploads/20230620_074405.jpg,08:00 ~ 22:00,연중무휴,테이블 9개 / 좌석 18석,불가,,112785,
719,9737,인천아인여성병원점,빽다방,인천광역시,인천광역시 미추홀구 주안동 포레나미추홀 201동 1층 1032호,032-713-9919,https://theborndb.theborn.co.kr/wp-content/uploads/20230620_075011.jpg,07:30 ~ 21:00,연중무휴,테이블 5개 / 좌석 10석,상가 건물 이용가능,,112837,
720,9718,월곡두산위브점,빽다방,서울특별시,서울시 성북구 오패산로 46,0507-1498-0352,https://theborndb.theborn.co.kr/wp-content/uploads/20230620_075253.jpg,08:30 ~ 22:00,연중무휴,테이블 5개 / 좌석 10석,유료 주차장(상가 내),,112841,
721,9716,인천검암우체국점,빽다방,인천광역시,"인천광역시 서구 승학로414, 1층",032-561-6525,https://theborndb.theborn.co.kr/wp-content/uploads/20230620_075722.jpg,08:00 ~ 21:00,연중무휴,테이블 19개 / 좌석 38석,불가,,114707,
722,9711,나주영산포점,빽다방,전라남도,전남 나주시 이창1길 10-1,070-4333-2312,https://theborndb.theborn.co.kr/wp-content/uploads/20230620_075918.jpg,"평일 08:00 ~ 20:00
주말/공휴일 09:00 ~ 20:00",연중무휴,없음,불가,,112767,
723,9695,부산명륜점,빽다방,부산광역시,부산 동래구 명륜로 187번길 8 (명륜동 696-110),070-4332-0015,https://theborndb.theborn.co.kr/wp-content/uploads/20230620_080049.jpg,08:00 ~ 22:00,연중무휴,"테이블 4개, 좌석 8석",불가,,112751,
724,9680,광주주월골드점,빽다방,광주광역시,광주 광역시 남구 주월동 1328,0507-1305-3772,https://theborndb.theborn.co.kr/wp-content/uploads/20230620_081004.jpg,08:00 ~ 22:00,연중무휴,"테이블 16개, 좌석 32석",지하주차장 이용 가능,,112784,
725,9678,분당수내역1번출구점,빽다방,경기도,경기 성남시 분당구 황새울로258번길 32,070-4077-0565,https://theborndb.theborn.co.kr/wp-content/uploads/20230620_084453.jpg,"평일 07:30 ~ 22:00
주말 08:00 ~ 21:00",연중무휴,"테이블 15개, 좌석 30석",지하주차장 이용 가능,,112717,
726,9676,목포여객터미널점,빽다방,전라남도,목포시 해안로 189-1,061-242-1234,https://theborndb.theborn.co.kr/wp-content/uploads/20230419_052716.jpg,07:00 ~ 20:00,연중무휴,바테이블 6개 / 2인 테이블 36개 / 6인테이블 1개 / 좌석 84석,인근 무료 공영주차장 有,,112840,
727,9669,빽다방 빵연구소 천안용곡DT점,빽다방,충청남도,천안시 동남구 용곡동 546-6,070-4833-5030,https://theborndb.theborn.co.kr/wp-content/uploads/20230620_084712.jpg,08:30 ~ 21:30,연중무휴,테이블 23개 / 좌석 92석,가능,,113664,
728,9667,구의중앙점,빽다방,서울특별시,서울시 광진구 구의로6,02-454-0423,https://theborndb.theborn.co.kr/wp-content/uploads/20230620_085009.jpg,"평일 07:30 ~ 22:00
토요일 08:00 ~ 22:00
일요일 08:30 ~ 22:00",연중무휴,테이블 5개 / 좌석 10석,매장 옆 주차장 有(협소),,112753,
729,9644,대전낭월점,빽다방,대전광역시,대전 동구 산내로1305번길 6,042-300-1204,https://theborndb.theborn.co.kr/wp-content/uploads/20230620_085155.jpg,"평일 08:00 ~ 21:30
주말 09:00 ~ 21:00",연중무휴,테이블 23개 / 좌석 42석,불가,,112722,
730,9642,전북완주첨단점,빽다방,전라북도,전라북도 완주군 봉동읍 둔산리 900-1,070-8287-3824,https://theborndb.theborn.co.kr/wp-content/uploads/20230620_093220.jpg,"평일 08:30 ~ 20:30
토요일 08:30 ~ 20:30
일요일 08:30 ~ 18:00",연중무휴,테이블 15개 / 좌석 30석,불가,,112732,
731,9640,부산명지국제타워점,빽다방,부산광역시,부산광역시 강서구 명지국제8로 251,070-4323-1320,https://theborndb.theborn.co.kr/wp-content/uploads/20250227_085229.png,08:00 ~ 22:00,연중무휴,테이블 6개 / 좌석 12석,가능,,114534,
732,9638,대전수정타운점,빽다방,대전광역시,대전 서구 청사로 282 수정상가 1층,070-4348-0606,https://theborndb.theborn.co.kr/wp-content/uploads/20230620_093715.jpg,"월-토요일 08:00 ~ 21:00
일요일 08:30 ~ 21:00",연중무휴,테이블 6개 / 좌석 12석,불가,,112721,
733,9622,전주서부시장점,빽다방,전라북도,전라북도 전주시 완산구 용머리로149(힐스테이트어울림효자 상가1층 104호),070-4060-5235,https://theborndb.theborn.co.kr/wp-content/uploads/20230620_093903.jpg,"평일 08:00 ~ 21:00
주말 08:00 ~ 22:00",연중무휴,테이블 31개 / 좌석 61석,매장 옆 주차장 有(협소),,112466,
734,9620,난곡세이브점,빽다방,서울특별시,서울 관악구 신림동 726-7( 난곡로 217) 1,,https://theborndb.theborn.co.kr/wp-content/uploads/20230623_054030.jpg,08:00 ~ 22:00,연중무휴,테이블 10개 / 좌석 20석,불가,,112716,
735,9618,대전둔산초점,빽다방,대전광역시,대전 서구 둔산남로 41,042-471-1401,https://theborndb.theborn.co.kr/wp-content/uploads/20230623_054311.jpg,08:00 ~ 22:00,연중무휴,테이블 13개 / 좌석 26석,불가,,112792,
736,9616,419사거리점,빽다방,서울특별시,서울 강북구 수유동 279-84,070-8287-1419,https://theborndb.theborn.co.kr/wp-content/uploads/20230623_054610.jpg,08:00 ~ 22:00(라스트오더 21:30),연중무휴,"테이블 3개, 좌석 6석 / 바테이블1개, 좌석 3석",불가,,112713,
737,9601,공존점,빽다방,서울특별시,"서울 구로구 새말로 97 (구로동, 신도림테크노마트) 34층",,https://theborndb.theborn.co.kr/wp-content/uploads/20230623_065819.jpg,평일 07:30 ~ 17:00,"주말, 공휴일",,불가,삼성카드 사내카페 - 일반 고객 주문 불가,112756,
738,9599,서귀포동홍중앙점,빽다방,제주도,제주특별자치도 서귀포시 동홍동 96-4 1층,064-902-9976,https://theborndb.theborn.co.kr/wp-content/uploads/20230623_070048.jpg,07:30 ~ 22:30,연중무휴,테이블 30개 / 좌석 75석 / 단체석 1,불가,,114700,
739,9592,가산로데오점,빽다방,서울특별시,서울 금천구 가산동 60-51(디지털로 200) 가산IT타워 1층,070-4006-5024,https://theborndb.theborn.co.kr/wp-content/uploads/20230623_070441.jpg,"평일 07:30 ~ 20:30 (라스트 오더 20:00)
주말 09:00 ~ 21:30(라스트 오더 21:00)",연중무휴,테이블 20개 / 좌석 40석,유료,,114728,
740,9590,철원와수리점,빽다방,강원도,강원도 철원군 서면 와수로 175,033-455-2777,https://theborndb.theborn.co.kr/wp-content/uploads/20230623_070648.jpg,09:00 ~ 21:00,연중무휴,테이블 10개 / 좌석 20석,가능,,112669,
741,9585,평택동삭대림점,빽다방,경기도,"경기도 평택시 모산1길 81, 103호",0507-1395-1340,https://theborndb.theborn.co.kr/wp-content/uploads/20230623_070920.jpg,08:00 ~ 22:00,연중무휴,테이블 8개 / 좌석 16석,불가,,112447,
742,9583,인천관교한신점,빽다방,인천광역시,인천 미추홀구 주안동 1525번지  1층,070-4833-7442,https://theborndb.theborn.co.kr/wp-content/uploads/20230623_071300.jpg,"평일 08:00 ~ 22:00
주말 08:30 ~ 22:00",연중무휴,테이블 9개 / 좌석 18석,불가,,112779,
743,9581,종로두산위브점,빽다방,서울특별시,서울 종로구 수송동 58,070-4012-7907,https://theborndb.theborn.co.kr/wp-content/uploads/20221205_015624.jpg,"평일 07:30 ~ 20:00
주말 09:30 ~ 20:00",연중무휴,테이블 5개 / 좌석 10석,불가,,112720,
744,9579,양산세무서점,빽다방,경상남도,경남 양산시 물금읍 서들로 138 나래스타상가 105호 (가촌리 1301-4),055-363-1420,https://theborndb.theborn.co.kr/wp-content/uploads/20230623_071829.jpg,08:00 ~ 22:00,연중무휴,테이블13개 / 좌석 26석,불가,,112646,
745,9577,전남나주중앙점,빽다방,전라남도,전라남도 나주시 나주로173 1층,070-4066-7116,https://theborndb.theborn.co.kr/wp-content/uploads/20230623_072418.jpg,08:00 ~ 21:30,연중무휴,테이블 2개 / 좌석 4석,불가,,112700,
746,9575,하계을지병원점,빽다방,서울특별시,서울 노원구 하계동 179-25 1층,,https://theborndb.theborn.co.kr/wp-content/uploads/20230623_072617.jpg,08:00 ~ 22:00,연중무휴,테이블 30개 / 좌석 60석,불가,,112682,
747,9573,천안성정주공5단지점,빽다방,충청남도,충남 천안시 서북구 성정로 72,041-575-6842,https://theborndb.theborn.co.kr/wp-content/uploads/20240112_074841.png,09:00 ~ 22:00,연중무휴,테이블 4개 / 좌석 10석,불가,,113658,
748,9558,월계인덕대점,빽다방,서울특별시,"서울 노원구 월계로 334, 102호",02-6014-0087,https://theborndb.theborn.co.kr/wp-content/uploads/20230623_073227.jpg,"평일 08:00 ~ 21:00
주말 및 공휴일 09:00 ~ 21:00",연중무휴,테이블 10개 / 좌석 20석,불가,,112697,
749,9551,기흥역점,빽다방,경기도,경기 용인시 기흥구 기흥역로 58번길 10,031-307-0068,https://theborndb.theborn.co.kr/wp-content/uploads/20231122_053453.jpg,08:00 ~ 22:00,연중무휴,테이블 6개 / 좌석 12석,지하주차장 이용 가능,,112613,
750,9547,수원매교힐스테이트점,빽다방,경기도,경기 수원시 팔달구 효원로93번길 33 2동 107호,070-4046-0303,https://theborndb.theborn.co.kr/wp-content/uploads/20230623_073712.jpg,08:00 ~ 22:00,연중무휴,테이블 20개 / 좌석 40석,불가,,112649,
751,9545,안산서울예대점,빽다방,경기도,안산시 단원구 고잔동 646  1층,0507-1370-1211,https://theborndb.theborn.co.kr/wp-content/uploads/20230623_073946.jpg,"월-토요일 08:00 ~ 22:00
일요일 08:30 ~ 22:00",연중무휴,테이블 13개 / 좌석 30석,불가,,113968,
752,9543,파주봉서농협점,빽다방,경기도,경기 파주시 파주읍 봉서리 828-5(통일로 1541),031-954-2988,https://theborndb.theborn.co.kr/wp-content/uploads/20230623_074222.jpg,08:00 ~ 20:00,연중무휴,없음,주휴소 주차장 이용 가능,,112430,
753,9541,목포중흥S클래스점,빽다방,전라남도,전라남도 목포시 비파로 96 (상동) 110호,061-284-8080,https://theborndb.theborn.co.kr/wp-content/uploads/20221129_014700.jpg,08:00 ~ 21:30,연중무휴,테이블 2개 / 좌석 4석,가능,,113026,
754,9523,뚝섬상원길점,빽다방,서울특별시,서울 성동구 상원길 50,02-6956-8668,https://theborndb.theborn.co.kr/wp-content/uploads/20250407_055248.png,"평일 07:30 ~ 22:00
주말 08:00 ~ 22:00",연중무휴,테이블 7개 / 좌석 14석,불가,,114621,
755,9495,세종고운남측점,빽다방,세종특별자치시,"세종특별시 고운동 1720, 103호(세종시 마음로 70)",070-8648-0458,https://theborndb.theborn.co.kr/wp-content/uploads/20230627_080800.jpg,08:00 ~ 22:00,연중무휴,"테이블 5개, 좌석 10석",건물 주차장 이용 가능,,112597,
756,9493,삼례우석대점,빽다방,전라북도,전라북도 완주군 삼례읍 동학로 116,063-291-8110,https://theborndb.theborn.co.kr/wp-content/uploads/20221116_043325.jpg,"평일 07:30 ~ 22:00
주말 07:30 ~ 21:00",연중무휴,테이블 16개 / 좌석 27석,불가,,112637,
757,9491,청주방서점,빽다방,충청북도,"충청북도 청주시 상당구 단재로 316, 상가 1동 113호(방서동, 청주센트럴자이)",043-714-3588,https://theborndb.theborn.co.kr/wp-content/uploads/20230714_053402.jpg,08:30 ~ 21:30,매월 마지막주 화요일,테이블 7개 / 좌석 14석,불가,,112954,
758,9489,화성반월반달마을점,빽다방,경기도,경기 화성시 영통로26번길 15,070-8287-3240,https://theborndb.theborn.co.kr/wp-content/uploads/20230714_052708.jpg,09:00 ~ 21:00,연중무휴,테이블 10개 / 좌석 20석,가능,,114489,
759,9487,잠실레이크팰리스점,빽다방,서울특별시,서울 송파구 석촌호수로 144,070-8287-1231,https://theborndb.theborn.co.kr/wp-content/uploads/20230714_053252.jpg,08:00 ~ 22:00,연중무휴,테이블 4개 / 좌석 8석,불가,,112603,
760,9485,대구칠성하늘채점,빽다방,대구광역시,대구 북구 칠성동2가 723,053-252-9991,https://theborndb.theborn.co.kr/wp-content/uploads/20230627_082007.jpg,08:00 ~ 22:00,연중무휴,테이블 10개 / 좌석 20석,불가,,112647,
761,9467,이태원경리단길점,빽다방,서울특별시,서울 용산구 회나무로13길 5,070-4070-6616,https://theborndb.theborn.co.kr/wp-content/uploads/20221111_013121.jpg,"월,화,목,금 08:00 ~ 20:00
수요일 08:00 ~ 17:00
주말 09:30 ~ 20:00",연중무휴,없음,불가,,112654,
762,9465,전남무안읍점,빽다방,전라남도,전남 무안군 무안읍 하마로15 상가동 102호,070-4794-4700,https://theborndb.theborn.co.kr/wp-content/uploads/20230714_053601.jpg,08:00 ~ 21:00,연중무휴,"테이블 11개, 좌석 22석",매장 앞 주정차 가능,,112629,
763,9453,안산고잔역점,빽다방,경기도,"경기 안산시 단원구 광덕4로 102, 신원프라자 1층 116호",070-7622-3195,https://theborndb.theborn.co.kr/wp-content/uploads/20230714_053743.jpg,08:30 ~ 21:00,연중무휴,테이블 8개 / 좌석 16석,불가,,112611,
764,9449,대전문화점,빽다방,대전광역시,"대전 문화동 571-1, 1층",0507-1373-4272,https://theborndb.theborn.co.kr/wp-content/uploads/20230714_053958.jpg,"평일 08:00 ~ 21:30
주말,공휴일 09:00 ~ 21:30",연중무휴,테이블 14개 / 좌석 28석,매장 앞 주정차 가능,,112596,
765,9430,부산북구빙상센터점,빽다방,부산광역시,부산 북구 금곡대로 48 (덕천동 310-10),051-343-3488,https://theborndb.theborn.co.kr/wp-content/uploads/20230714_054255.jpg,07:00 ~ 21:00,연중무휴,"테이블 5개, 좌석 10석",불가,,112652,
766,9426,인천논현에코점,빽다방,인천광역시,인천 광역시 남동구 논현동 768-1,070-8282-2775,https://theborndb.theborn.co.kr/wp-content/uploads/20230714_054517.jpg,07:30 ~ 20:00,연중무휴,테이블 10개 / 좌석 20석,불가,,112595,
767,9424,여주중앙점,빽다방,경기도,경기 여주시 세종로 17-1,070-8287-1155,https://theborndb.theborn.co.kr/wp-content/uploads/20230714_075859.jpg,"월~금 08:00 ~ 21:00
토~일 10:00 ~ 21:00",연중무휴,테이블 42개 / 좌석 84석,불가,,112643,
768,9408,수원고색산업단지점,빽다방,경기도,"경기소 수원시 권선구 산업로 180, 104호 (고색동, DH테크타워)",070-4010-2722,https://theborndb.theborn.co.kr/wp-content/uploads/20230714_080219.jpg,"평일 08:00 ~ 18:30
토요일 10:00 ~ 15:00",일요일,테이블 2개 / 좌석 4석 / 대기석 1석,불가,,112579,
769,9405,삼양시장점,빽다방,서울특별시,서울 강북구 미아동 867-118,070-4027-3328,https://theborndb.theborn.co.kr/wp-content/uploads/20230714_080344.jpg,08:00 ~ 22:00,연중무휴,테이블 8개 / 좌석 16석,불가,,112656,
770,9402,보령동대점,빽다방,충청남도,충청남도 보령시 작은오랏4길 15-22,070-4693-2361,https://theborndb.theborn.co.kr/wp-content/uploads/20230714_080708.jpg,"평일 09:00 ~ 21:00
주말 10:00 ~ 21:00",연중무휴,테이블 15개 / 좌석 32석,불가,,112526,
771,9396,청주용암현대점,빽다방,충청북도,충청북도 청주시 상당구 월평로184번길 147 (용암동),043-292-8256,https://theborndb.theborn.co.kr/wp-content/uploads/20230714_080941.jpg,"평일 09:00 ~ 22:00
주말 09:00 ~ 22:30",연중무휴,테이블 19개 / 좌석 39석,불가,,114573,
772,9394,대구범물시티월드점,빽다방,대구광역시,대구 수성구 지범로 183,0507-1477-0290,https://theborndb.theborn.co.kr/wp-content/uploads/20230627_082112.jpg,08:00 ~ 22:00,연중무휴,테이블 18개 / 좌석 32석,건물 주차장 이용 가능,,112644,
773,9384,대전장대점,빽다방,대전광역시,대전 유성구 장대동 352-10,070-5001-5397,https://theborndb.theborn.co.kr/wp-content/uploads/20230714_081106.jpg,"평일 08:30 ~ 20:00
주말 및 공휴일 09:00 ~ 19:00",연중무휴,테이블 18개 / 좌석 33석,불가,,112594,
774,9382,장안현대홈타운점,빽다방,서울특별시,"서울 동대문구 장안벚꽃로 107 (장안동, 장안현대홈타운) 1층 109호",070-4833-1311,https://theborndb.theborn.co.kr/wp-content/uploads/20230627_094713.jpg,08:00 ~ 22:00,연중무휴,테이블 5개 / 좌석 10석,불가,,112575,
775,9380,평택고덕로데오점,빽다방,경기도,경기 평택시 고덕갈평6길 27 (고덕동) 121호,031-8054-8997,https://theborndb.theborn.co.kr/wp-content/uploads/20230714_081234.jpg,08:00 ~ 21:00,연중무휴,테이블 13개 / 좌석 26석,건물 주차장 이용 가능,,112399,
776,9377,인천검단블루텍점,빽다방,인천광역시,인천광역시 서구 오류동 1657-2 (1층 110호),070-4010-4000,https://theborndb.theborn.co.kr/wp-content/uploads/20230714_081451.jpg,"평일 07:30 ~ 17:30
토요일 08:30 ~ 15:00",일요일,테이블 10개 / 좌석 22석,건물 주차장 이용 가능 (무료),,112567,
777,9357,가좌역점,빽다방,서울특별시,서울 서대문구 수색로2길 39,070-7857-7202,https://theborndb.theborn.co.kr/wp-content/uploads/20230627_094913.jpg,08:00 ~ 21:00,연중무휴,테이블 12개 / 좌석 24석,가능,,114449,
778,9353,강릉주문진점,빽다방,강원도,"강원도 강릉시 주문진읍 항구로 65, 1층",,https://theborndb.theborn.co.kr/wp-content/uploads/20230714_081609.jpg,07:00 ~ 22:00,연중무휴,테이블 10 / 좌석 26석,불가,,114897,
779,9350,백운현대점,빽다방,인천광역시,인천 부평구 경원대로 1238 이화빌딩 1층,070-4032-1013,https://theborndb.theborn.co.kr/wp-content/uploads/20230714_081715.jpg,"월~토 08:00 ~ 21:30
일요일 09:00 ~ 21:30",연중무휴,없음,불가,,112523,
780,9348,목동41타워점,빽다방,서울특별시,"서울시 양천구 목동동로 293, 1층 1-10호(목동, 현대41타워)",02-2644-7140,https://theborndb.theborn.co.kr/wp-content/uploads/20230714_081859.jpg,"평일 07:30 ~ 22:00
주말 09:00 ~ 22:00",연중무휴,없음,불가,,,
781,9346,논현영동시장점,빽다방,서울특별시,서울 강남구 논현동 164-11(강남대로 506) 1층 109호,070-4035-3183,https://theborndb.theborn.co.kr/wp-content/uploads/20230714_082052.jpg,"평일 08:00 ~ 22:00
주말 09:30 ~ 22:00",연중무휴,없음,불가,,112580,
782,9344,구리인창점,빽다방,경기도,경기 구리시 인창동 412-12 (건원대로91),031-522-4113,https://theborndb.theborn.co.kr/wp-content/uploads/20230714_082233.jpg,08:00 ~ 22:30,연중무휴,테이블 31개 / 좌석 62석,건물 주차장 이용 가능 (유료),,112582,
783,9320,대구내당점,빽다방,대구광역시,"대구 서구 내당동 219-15번지, 1층",053-563-2177,https://theborndb.theborn.co.kr/wp-content/uploads/20230627_082244.jpg,"평일 08:00 ~ 22:00
주말 09:00 ~ 22:00",연중무휴,테이블 5개 / 좌석 10석,불가,,112520,
784,9318,익산부송오투점,빽다방,전라북도,익산 부송동 216-84 101호/102호,063-831-9555,https://theborndb.theborn.co.kr/wp-content/uploads/20230714_082529.jpg,08:00 ~ 22:00,연중무휴,테이블 13개 / 좌석 26석,불가,,112524,
785,9314,남양주사능점,빽다방,경기도,경기 남양주시 진건읍 용정리 768-7(사릉로442번길 25) 1층 101호,070-5097-1535,https://theborndb.theborn.co.kr/wp-content/uploads/20230714_083417.jpg,08:00 ~ 23:00,연중무휴,테이블 12개 / 좌석 24석,불가,,112581,
786,9311,천호힐데스하임점,빽다방,서울특별시,"서울 강동구 올림픽로 78길 30 (천호동 437-5) 힐데스하임천호 근생 8, 9호",02-470-1651,https://theborndb.theborn.co.kr/wp-content/uploads/20230714_083614.jpg,"평일 08:00 ~ 19:30
주말 09:00 ~ 19:30",연중무휴,테이블 11개 / 좌석 26석,지하주차장 이용 가능,,112507,
787,9309,전주에코세병호점,빽다방,전라북도,전라북도 전주시 덕진구 송천동2가 1301-2,070-5088-2660,https://theborndb.theborn.co.kr/wp-content/uploads/20230714_083834.jpg,"평일 08:00 ~ 21:30
주말/공휴일 08:30 ~ 21:30",연중무휴,테이블 12개 / 좌석 24석,건물 주차장 이용 가능 (무료),,112485,
788,9283,대전태평쌍용예가점,빽다방,대전광역시,대전 중구 평촌로 102 (유천동) 1층,070-5066-3498,https://theborndb.theborn.co.kr/wp-content/uploads/20230714_084101.jpg,"평일 08:00 ~ 22:00
주말 09:00 ~ 22:00",연중무휴,테이블 2개 / 좌석 4석,불가,,112484,
789,9280,다산현대캠퍼스몰점,빽다방,경기도,경기도 남양주시 다산동 6143 (다산순환로 20) 1층 E01-22호,031-869-3339,https://theborndb.theborn.co.kr/wp-content/uploads/20220929_010802.jpg,"평일 08:00 ~ 21:30
주말,공휴일 09:00 ~ 21:30",연중무휴,테이블 12개 / 좌석 24석,가능 (무료),,112443,
790,9277,부천옥길호반점,빽다방,경기도,"경기도 부천시 옥길동 777-4, 서영아너시티 1차 108호",070-5088-1970,https://theborndb.theborn.co.kr/wp-content/uploads/20220929_002328.jpg,08:00 ~ 21:30,연중무휴,테이블 6개 / 좌석 12석,불가,,112522,
791,9268,부산사직점,빽다방,부산광역시,부산 동래구 사직북로 4 자이언츠파크 102호,051-502-7750,https://theborndb.theborn.co.kr/wp-content/uploads/20220928_020223.jpg,"평일 08:00 ~ 20:00
주말 08:30 ~ 20:00",연중무휴,Take-Out 전용 (테이블 및 좌석 없음),불가,,112586,
792,9266,일산하이파크시티점,빽다방,경기도,경기 고양시 일산서구 덕이동 1541(하이파크3로78번길) 리더스프라자 101호,031-994-5055,https://theborndb.theborn.co.kr/wp-content/uploads/20220928_015909.jpg,08:00 ~ 22:00,연중무휴,테이블 8개 / 좌석 16석,건물 옆 공터 주차 가능,,112535,
793,9264,수원곡반정동점,빽다방,경기도,경기 수원시 권선구 곡반정로65번길 25,070-4833-1225,https://theborndb.theborn.co.kr/wp-content/uploads/20220928_015350.jpg,"월~토 08:00 ~ 20:30
일요일 08:00 ~ 19:00",연중무휴,테이블 8개 / 좌석 16석,불가,,112403,
794,9261,광주학운점,빽다방,광주광역시,광주광역시 동구 의재로 71-1,070-4006-5232,https://theborndb.theborn.co.kr/wp-content/uploads/20220928_011407.jpg,08:00 ~ 20:30,연중무휴,테이블 8개 / 좌석 16석,불가,,114087,
795,9233,평택동삭센트럴파크점,빽다방,경기도,경기 평택시 지제동삭2로 181-36,070-5227-3235,https://theborndb.theborn.co.kr/wp-content/uploads/20220926_022206.jpg,"평일 08:00 ~ 20:00(라스트오더 19:30)
주말 09:00 ~ 19:00(라스트오더 18:30)",연중무휴,"테이블 21개 / 좌석 42석, 다이닝 테이블 / 8좌석",건물 뒤편 주차장 이용 가능,,114867,
796,9229,대구칠곡학정점,빽다방,대구광역시,대구 북구 학정동 941-5,053-325-6789,https://theborndb.theborn.co.kr/wp-content/uploads/20230627_082528.jpg,08:00 ~ 20:00,연중무휴,테이블 10개 / 좌석 20석,건물 뒤편 주차장 이용 가능,,112432,
797,9226,빽다방 빵연구소 연세대SK국제학사점,빽다방,서울특별시,"서울특별시 서대문구 신촌동 134, 연세대학교 신촌캠퍼스 sk국제학사 지하2층",02-393-2238,https://theborndb.theborn.co.kr/wp-content/uploads/20220922_083817.jpg,"평일 08:00 ~ 17:00
토요일 08:00 ~ 13:30",일요일,테이블 24개 / 좌석 48석,가능,,112218,
798,9222,등촌성당점,빽다방,서울특별시,"서울시 강서구 공항대로 41길 51, 1층 101호, 102호",02-3663-4067,https://theborndb.theborn.co.kr/wp-content/uploads/20220921_082540.jpg,"평일 08:00 ~ 21:30
주말 08:30 ~ 21:30",연중무휴,테이블 9개 / 좌석 18석,불가,,112451,
799,9220,대구봉무공원점,빽다방,대구광역시,"대구 동구 팔공로 242-13 (봉무동, 연세메디컬센터) 1층 109호",053-213-2893,https://theborndb.theborn.co.kr/wp-content/uploads/20220921_052430.jpg,08:30 ~ 20:00,연중무휴,"테이블 10개 / 좌석 20석, 바테이블 4석",건물 주차장 이용 가능,,112418,
800,9216,세종한뜰마을4단지점,빽다방,세종특별자치시,"세종시 어진동 520 한신더휴리저브2 111호,112호",070-4006-4320,https://theborndb.theborn.co.kr/wp-content/uploads/20230627_080907.jpg,"평일 08:00 ~ 20:00
주말 08:00 ~ 18:00",매주 일요일,테이블 9개 / 좌석 18석,가능,,112400,
801,9214,인천검단파라곤점,빽다방,인천광역시,인천광역시 서구 이음2로 29 (상가 603동 306호),070-7782-7667,https://theborndb.theborn.co.kr/wp-content/uploads/20220921_000558.jpg,08:00 ~ 20:00,연중무휴,테이블 6개 / 좌석 12석,3대 가능,,112307,
802,9181,강원횡성점,빽다방,강원도,강원 횡성군 문정로 19번길 4,033-343-2537,https://theborndb.theborn.co.kr/wp-content/uploads/20220920_004025.jpg,"평일 08:00 ~ 21:00
주말 09:00 ~ 21:00",매월 마지막주 월요일 휴무,테이블 19개 / 좌석 35석,불가,,112534,
803,9175,대전한밭대점,빽다방,대전광역시,"대전광역시 유성구 학하서로121번길 45-2, 1층",070-8691-3809,https://theborndb.theborn.co.kr/wp-content/uploads/20220919_030106.jpg,08:00 ~ 23:00,연중무휴,"테이블 4개, 바테이블 4개 / 좌석 12석",불가,,112417,
804,9153,제주함덕점,빽다방,제주도,제주도 제주시 조함해안로 450 (2~4층),064-784-8102,https://theborndb.theborn.co.kr/wp-content/uploads/20220915_050646.jpg,09:00 ~ 19:00,연중무휴,"2층 8석
3~5층 각 24석",가능,,112458,
805,9149,전주용소점,빽다방,전라북도,"전북 전주시 덕진구 시천로 17, 1층 (107호)",070-4010-4872,https://theborndb.theborn.co.kr/wp-content/uploads/20220915_050451.jpg,10:30 ~ 22:00,연중무휴,테이블 22개 / 좌석 44석,2대 가능,,112370,
806,9146,대구매천시장점,빽다방,대구광역시,"대구시 북구 매천동 306번지, 1층",070-4077-3952,https://theborndb.theborn.co.kr/wp-content/uploads/20220915_050134.jpg,07:00 ~ 22:00,연중무휴,테이블 9개 / 24좌석,공용 주차장 이용 가능,,112442,
807,9139,광명G타워점,빽다방,경기도,경기도 광명시 소하로 190 1층 G타워,02-899-6256,https://theborndb.theborn.co.kr/wp-content/uploads/20220907_082847.jpg,"평일 07:00 ~ 20:00
토요일 08:00 ~ 20:00
일요일 09:00 ~ 19:30",연중무휴,테이블 10개 / 좌석 20석,상가 주차장 이용 가능,,112441,
808,9118,춘천온의점,빽다방,강원도,강원도 춘천시 춘천로 17번길 31 (더스위트캐슬 107호-108호 1층),070-4837-1291,https://theborndb.theborn.co.kr/wp-content/uploads/20220907_032810.jpg,"평일 08:00 ~ 22:30
주말 09:00 ~ 22:30",연중무휴,테이블 17개 / 좌석 37석 (바테이블 3개),불가,,112413,
809,9107,남양주2청사점,빽다방,경기도,경기 남양주시 다산동 3073-1(다산지금로16번길 43) 1층 106호,031-553-2297,https://theborndb.theborn.co.kr/wp-content/uploads/20220907_024623.jpg,07:30 ~ 21:00,연중무휴,테이블 4개 / 좌석 8석,매장 옆 공영 주차장 이용 가능,,114510,
810,9105,고덕역점,빽다방,서울특별시,서울 강동구 동남로75길 13-7,02-442-9159,https://theborndb.theborn.co.kr/wp-content/uploads/20220907_002457.jpg,08:00 ~ 22:30,연중무휴,테이블 20개 / 좌석 42석,불가,,112521,
811,9102,천안신안점,빽다방,충청남도,"충청남도 천안시 동남구 충절로 21, 1층",041-565-3206,https://theborndb.theborn.co.kr/wp-content/uploads/20220907_002226.jpg,"월~토 08:00 ~ 20:40
일요일 09:00 ~ 20:40",연중무휴,테이블 8개 / 좌석 16석,가능,,114469,
812,9096,제주삼도일동점,빽다방,제주도,제주특별자치도 제주시 삼도일동 788-1 1층,070-4366-0812,https://theborndb.theborn.co.kr/wp-content/uploads/20220902_003422.jpg,07:00 ~ 21:00,연중무휴,테이블 6개 / 좌석 12석,불가,,112395,
813,9090,전주서곡지구점,빽다방,전라북도,전북 전주시 완산구 세내로544 1층,070-8691-4070,https://theborndb.theborn.co.kr/wp-content/uploads/20230410_072509.jpg,"월~토 08:00 ~ 22:00
일요일 08:00 ~ 20:00",연중무휴,테이블 8개 / 좌석 16석,불가,,112498,
814,9088,목포용해이로점,빽다방,전라남도,전남 목포시 용해동 234-7,070-4010-5265,https://theborndb.theborn.co.kr/wp-content/uploads/20220831_073017.jpg,"월~토 08:00 ~ 22:00
일요일 08:30 ~ 22:00",연중무휴,테이블 18개 / 좌석 36석,가능,,112457,
815,9086,강원양양점,빽다방,강원도,강원 양양군 양양읍 양양로 57 (남문리) 1층,033-672-7774,https://theborndb.theborn.co.kr/wp-content/uploads/20220831_063909.jpg,08:00 ~ 22:00,연중무휴,테이블 8개 / 좌석 16석,불가,,112420,
816,9084,오산세마역점,빽다방,경기도,경기도 오산시 세마역로 95 (세교동),070-8648-0117,https://theborndb.theborn.co.kr/wp-content/uploads/20220831_044735.jpg,"월-금 07:00 ~ 22:00
토 07:30 ~ 22:00
일 07:30 ~ 21:30",연중무휴,테이블 23개 / 좌석 46석,가능 (1시간 무료),,115038,
817,9082,동탄카림3차점,빽다방,경기도,"경기도 화성시 동탄순환대로12길 85, 제3653동 제지1층 제비108호,109호 (산척동, 그린힐 반도유보라 아이비파크 10)",010-7356-9549,https://theborndb.theborn.co.kr/wp-content/uploads/20220831_044513.jpg,"평일 08:00 ~ 21:00
주말 08:30 ~ 21:00",연중무휴,테이블 17개 / 좌석 36석,상가 주차장 이용 가능 (1단지),,115061,
818,9080,부천상동하얀마을점,빽다방,경기도,"경기도 부천시 상동 556-3번지, 1층",070-4047-4674,https://theborndb.theborn.co.kr/wp-content/uploads/20220831_044316.jpg,08:00 ~ 22:00,연중무휴,대기석 2석,매장 뒤 주차 가능,,112380,
819,9078,운서영종대로점,빽다방,인천광역시,인천광역시 중구 운서동 3098-1 1층,032-746-0196,https://theborndb.theborn.co.kr/wp-content/uploads/20220831_044051.jpg,07:00 ~ 23:00,연중무휴,테이블 7개 / 좌석 14석,불가,,112378,
820,9076,포천신읍점,빽다방,경기도,경기도 포천시 중앙로 103,031-536-2229,https://theborndb.theborn.co.kr/wp-content/uploads/20240520_024340.png,"평일 08:00 ~ 22:00
주말,공휴일 09:00 ~ 22:00",연중무휴,테이블 12개 / 좌석 24석,불가,,113952,
821,9074,제주화북남문점,빽다방,제주도,제주도 제주시 화북1동 1984-9 1층,070-4010-8526,https://theborndb.theborn.co.kr/wp-content/uploads/20220831_043518.jpg,"월~토요일 08:00 ~ 22:00
일요일 09:00 ~ 21:00",연중무휴,테이블 7개 / 좌석 14석,매장 뒤 주차 가능,,112429,
822,9072,진접롯데시네마점,빽다방,경기도,경기 남양주시 진접읍 해밀예당1로 36,070-4099-8090,https://theborndb.theborn.co.kr/wp-content/uploads/20220831_043238.jpg,"평일 08:00 ~ 22:00
주말 09:00 ~ 22:00",연중무휴,테이블 8개 / 좌석 20석 (바테이블 4석),불가,,112412,
823,9059,조치원신흥점,빽다방,세종특별자치시,세종시 조치원읍 대첩로 68,044-865-2272,https://theborndb.theborn.co.kr/wp-content/uploads/20230627_081014.jpg,08:00 ~ 22:00,연중무휴,테이블 14개 / 좌석 40석,불가,,114966,
824,9057,전주우아한시티점,빽다방,전라북도,"전라북도 전주시 덕진구 우아동3가 747-81, 우아한시티 상가 19호",070-4012-3949,https://theborndb.theborn.co.kr/wp-content/uploads/20220829_005010.jpg,"평일 08:00 ~ 22:00
주말 08:30 ~ 21:00",연중무휴,테이블 9개 / 좌석 18석,가능,,114221,
825,9055,대전갑천만년점,빽다방,대전광역시,대전광역시 서구 만년동 6번지 102호,070-4010-4990,https://theborndb.theborn.co.kr/wp-content/uploads/20220829_004342.jpg,"평일 07:50 ~ 21:00
토요일 08:30 ~ 21:00
일요일 08:30 ~ 20:00",연중무휴,"테이블 7개, 14석 / 바테이블1개, 3석",불가,,112377,
826,9052,한성대입구역점,빽다방,서울특별시,"서울 성북구 삼선교로 2-1, 1층",070-4066-0670,https://theborndb.theborn.co.kr/wp-content/uploads/20220829_003621.jpg,"평일 07:30 ~ 22:30
주말 08:30 ~ 22:30",연중무휴,테이블 14개 / 좌석 28석,불가,,112409,
827,9050,금천정훈단지점,빽다방,서울특별시,"서울 금천구 독산로 211 (독산동, 세진아파트) 1층 101호",070-8648-1140,https://theborndb.theborn.co.kr/wp-content/uploads/20220829_003329.jpg,08:00 ~ 21:00,연중무휴,테이블 11개 / 좌석 25석,불가,,112374,
828,9047,강릉내곡점,빽다방,강원도,"강원 강릉시 범일로 631, 1층",033-651-1996,https://theborndb.theborn.co.kr/wp-content/uploads/20220829_003113.jpg,08:00 ~ 22:00,연중무휴,테이블 9개 / 좌석 18석,"매장 옆, 앞 잠시 주차 가능",,112456,
829,9045,익산동산제일점,빽다방,전라북도,전북 익산시 평동로 725 동산동 동산제일2차아파트상가 102호,063-858-7775,https://theborndb.theborn.co.kr/wp-content/uploads/20220829_002840.jpg,"평일 08:00 ~ 21:30
주말 08:00 ~ 22:00",연중무휴,테이블 14개 / 좌석 24석,건물 뒤편 주차장 이용 가능,,112384,
830,9043,송도스마트밸리점,빽다방,인천광역시,"인천광역시 연수구 송도동 214, 송도 BRC 스마트밸리 지식산업센터 F동 207호(상가동)",032-710-9159,https://theborndb.theborn.co.kr/wp-content/uploads/20220829_002540.jpg,"평일 08:00 ~ 19:00
토 10:00 ~ 15:00",일요일,테이블 13개 / 좌석 35석,건물 주차장 이용 가능,,112346,
831,9025,진주초장점,빽다방,경상남도,경남 진주시 초북로 50 (초전동 1699-3) 103호,055-753-0818,https://theborndb.theborn.co.kr/wp-content/uploads/20220822_085534.jpg,10:00 ~ 21:00(아이스크림 마감 20:30),연중무휴,테이블 12개 / 좌석 24석,불가,,112361,
832,9023,빽다방 빵연구소 부산미남역점,빽다방,부산광역시,"부산광역시 동래구 우장춘로 7 (온천동, 보민빌딩)",051-557-1100,https://theborndb.theborn.co.kr/wp-content/uploads/20220822_084456.jpg,"평일 08:00 ~ 21:00
주말 08:00 ~ 22:00",연중무휴,테이블 32개 / 좌석 64석,불가,,112291,
833,9007,춘천우두택지점,빽다방,강원도,강원도 춘천시 우두동 1118-1  (신축건물 1층 109호),070-4099-5149,https://theborndb.theborn.co.kr/wp-content/uploads/20220819_045633.jpg,09:00 ~ 19:00,연중무휴,테이블 7개 / 좌석 14석,불가,,112438,
834,9005,정읍수성점,빽다방,전라북도,전북 정읍시 수성로 40,063-700-7025,https://theborndb.theborn.co.kr/wp-content/uploads/20220818_044521.jpg,08:00 ~ 22:00,연중무휴,테이블 6개 / 좌석 12석,불가,,112393,
835,9002,주안센트레빌점,빽다방,인천광역시,"인천광역시 미추홀구 주안동 22-14, 1층 101호+102호",070-4012-3399,https://theborndb.theborn.co.kr/wp-content/uploads/20220818_002128.jpg,"평일 07:30 ~ 22:00
주말 08:30 ~ 22:00",연중무휴,테이블 13개,불가,,112299,
836,8989,분당정자역점,빽다방,경기도,"경기 성남시 분당구 성남대로 331번길 13,1층 108호",031-719-6889,https://theborndb.theborn.co.kr/wp-content/uploads/20220816_015150.jpg,07:00 ~ 22:00,연중무휴,테이블 7개 / 좌석 16석,건물 주차장 이용 가능,,112366,
837,8986,인천산곡푸르지오점,빽다방,인천광역시,인천광역시 부평구 산곡동 124-25,032-713-7982,https://theborndb.theborn.co.kr/wp-content/uploads/20220816_014834.jpg,08:00 ~ 22:00,연중무휴,테이블 7개 / 좌석 14석,"주차 타워 이용 가능
매장 앞 잠시 주차 가능",,112428,
838,8979,영종운서스카이점,빽다방,인천광역시,"인천광역시 중구 흰바위로 284, 디딤돌프라자 1층 (103호)",032-751-7519,https://theborndb.theborn.co.kr/wp-content/uploads/20220810_011131.jpg,08:00 ~ 20:00,연중무휴,테이블 18개/ 좌석 36석,건물 주차장 이용 가능,,112381,
839,8975,전남함평점,빽다방,전라남도,전남 함평군 함평읍 기각리 1001-5,070-4099-7949,https://theborndb.theborn.co.kr/wp-content/uploads/20220809_051812.jpg,08:00 ~ 21:00,연중무휴,테이블 19개 / 좌석 38석,불가,,112279,
840,8965,대구공평네거리점,빽다방,대구광역시,대구 중구 공평로 71 1층,070-4006-0270,https://theborndb.theborn.co.kr/wp-content/uploads/20220809_014317.jpg,"평일 08:00 ~ 22:00
토요일 10:00 ~ 23:00
일요일 10:00 ~ 21:00",연중무휴,테이블 4개/ 좌석 10석,불가,,112288,
841,8954,서산테크노밸리점,빽다방,충청남도,충청남도 서산시 성연면 성연4로 27-28,041-584-5734,https://theborndb.theborn.co.kr/wp-content/uploads/20220804_002558.jpg,09:00 ~ 21:00,연중무휴,테이블 23개/ 좌석 46석,불가,,112326,
842,8949,다산테라타워점,빽다방,경기도,경기 남양주시 다산동 6250(다산지금로 202) 1층 129호,031-560-9922,https://theborndb.theborn.co.kr/wp-content/uploads/20220803_030718.jpg,"평일 08:00 ~ 22:00(라스트오더 21:00)
주말 09:00 ~ 21:00(라스트오더 20:00)",연중무휴,테이블 6개 / 좌석 12석,가능,,112389,
843,8929,대전법동점,빽다방,대전광역시,"대전 대덕구 법동 282-7, 1층",042-632-0400,https://theborndb.theborn.co.kr/wp-content/uploads/20220803_001726.jpg,08:00 ~ 21:00,연중무휴,테이블 4개 / 좌석 8석,불가,,112328,
844,8919,철원동송점,빽다방,강원도,강원 철원군 동송읍 이평리 680-93,070-4010-8811,https://theborndb.theborn.co.kr/wp-content/uploads/20220801_024113.jpg,09:30 ~ 21:50,연중무휴,테이블 2개 / 좌석 4석,불가,,112270,
845,8915,마곡리더스타워점,빽다방,서울특별시,서울 강서구 마곡동 800-5(공항대로 228) 리더스타워 1층 111호,02-2039 -3312,https://theborndb.theborn.co.kr/wp-content/uploads/20220727_002411.jpg,"평일 07:30 ~ 18:00
토요일,공휴일 10:00 ~ 17:30",매주 일요일 / 2025.1.27~30,테이블 10개 / 좌석 20석,건물 주차장 이용 가능,,112275,
846,8911,동탄서영아너시티점,빽다방,경기도,"경기 화성시 동탄영천로 101, 132~133호",031-376-6703,https://theborndb.theborn.co.kr/wp-content/uploads/20220726_030917.jpg,"평일 08:30 ~ 21:30
주말 09:00 ~ 21:30",연중무휴,테이블 12개 / 좌석 46석,가능(지하 주차장),,114051,
847,8909,전주사대부고점,빽다방,전라북도,"전라북도 전주시 덕진구 백제대로639, 1층 뺵다방",070-4333-0078,https://theborndb.theborn.co.kr/wp-content/uploads/20220726_024826.jpg,08:00 ~ 22:00,연중무휴,테이블 13개 / 좌석15석,불가,,112327,
848,8897,아산호서대점,빽다방,충청남도,충남 아산시 배방읍 호서로79번길 15,070-4799-3644,https://theborndb.theborn.co.kr/wp-content/uploads/20220721_050004.jpg,"평일 09:00 ~ 20:00
주말 11:00 ~ 20:00",연중무휴,테이블 24개 / 좌석 48석,불가,,114556,
849,8880,수원호매실칠보점,빽다방,경기도,"경기 수원시 권선구 금호로 56, 1층 102호",031-294-8253,https://theborndb.theborn.co.kr/wp-content/uploads/20220721_030711.jpg,"평일 08:00 ~ 22:00
주말 08:30 ~ 22:00",연중무휴,테이블 21개 / 좌석 50석,건물 주차장 이용 가능,,112276,
850,8878,대전스마트시티점,빽다방,대전광역시,대전 유성구 도룡동 4-8  1층 120호,070-4833-1705,https://theborndb.theborn.co.kr/wp-content/uploads/20220722_070240.jpg,"평일 07:30 ~ 21:30
주말 08:00 ~ 21:30",연중무휴,테이블 9개 / 좌석 18석,불가,,112215,
851,8876,안산반월공단점,빽다방,경기도,경기도 안산시 단원구 산단로 296  대우테크노피아 1층 제에이106호,070-4006-1707,https://theborndb.theborn.co.kr/wp-content/uploads/20220721_002057.jpg,"평일 07:00 ~ 20:00
토요일 08:00 ~ 17:00
일요일 08:00 ~ 16:00",연중무휴,테이블 8개 / 좌석 16석,가능,,114517,
852,8874,부산지사동점,빽다방,부산광역시,부산광역시 강서구 과학산단2로 20번길 6 (지사동 1196-2),051-971-9466,https://theborndb.theborn.co.kr/wp-content/uploads/20220720_065003.jpg,08:00 ~ 21:00,연중무휴,테이블 4개 / 8좌석,불가,,112280,
853,8872,경북성주점,빽다방,경상북도,"경상북도 성주군 성주읍 성주로3283, M타워 1층 빽다방",054-932-0707,https://theborndb.theborn.co.kr/wp-content/uploads/20220719_011927.jpg,"평일 08:00 ~ 21:00
주말/공휴일 09:00 ~ 20:00",연중무휴,테이블 15개 / 좌석 38석,가능,,112220,
854,8866,충북대병원점,빽다방,충청북도,"충북 청주시 서원구 개신동 52-3, 1층",070-4333-1833,https://theborndb.theborn.co.kr/wp-content/uploads/20220714_004050.jpg,08:00 ~ 22:00,연중무휴,"테이블 17개, 단체 테이블 8인석 1개 / 좌석 40석",18대 가능,,112190,
855,8864,인천당하점,빽다방,인천광역시,인천 서구 청마로167번길 3,032-567-7479,https://theborndb.theborn.co.kr/wp-content/uploads/20220713_065547.jpg,08:00 ~ 22:30,연중무휴,테이블 11개 / 좌석 22석,지하주차장 이용 가능,,112293,
856,8862,제주평화로SK점,빽다방,제주도,"제주특별자치도 제주시 해안동 2171, 1층",070-4010-1851,https://theborndb.theborn.co.kr/wp-content/uploads/20220713_044535.jpg,"월~토 07:00 ~ 19:00
일요일,공휴일 07:30 ~ 18:30",연중무휴,테이블 4개 / 좌석 8석,건물 주차장 이용 가능,,112189,
857,8860,대전유성도안점,빽다방,대전광역시,"대전 유성구 도안대로 512-16  (1층, 104호)",042-822-0988,https://theborndb.theborn.co.kr/wp-content/uploads/20220713_025635.jpg,08:00 ~ 22:00,연중무휴,테이블 8개 / 좌석 16석,가능,,112217,
858,8858,시흥목감조남점,빽다방,경기도,경기 시흥시 조남동 657 키움프라자 111호,070-4833-0219,https://theborndb.theborn.co.kr/wp-content/uploads/20240828_053043.png,"월~토 08:00 ~ 20:30
일요일 09:00 ~ 20:30",연중무휴,테이블 5개 / 좌석 10석,가능(지하주차장),,112234,
859,8856,마곡수명산점,빽다방,서울특별시,"서울 강서구 내발산동 750-12 (웨스턴빌딩 1층, 103호)",070-7525-0808,https://theborndb.theborn.co.kr/wp-content/uploads/20220713_004611.jpg,"평일 07:30 ~ 22:30
주말 07:30 ~ 22:00",연중무휴,테이블 5개 / 10 좌석,불가,,112221,
860,8851,대전유성센트럴점,빽다방,대전광역시,"대전 유성구 계룡로 132번길 10  , 센트럴프라자 1층 105호",042-710-2522,https://theborndb.theborn.co.kr/wp-content/uploads/20230302_011827.png,"월-토요일 08:00 ~ 21:00
공휴일 및 일요일 09:00 ~ 21:00",연중무휴,테이블 6개 / 좌석 12석,가능,,112202,
861,8844,천안백석대점,빽다방,충청남도,충남 천안시 동남구 문암로 80 1층,010-3061-3634,https://theborndb.theborn.co.kr/wp-content/uploads/20220711_032038.jpg,"평일 11:30 ~ 19:00
주말 11:30 ~ 16:30",주말,테이블 13개 / 좌석 26석,가능(매장 옆),,112184,
862,8841,순천왕지점,빽다방,전라남도,전남 순천시 조례동 1833-5,070-4010-2424,https://theborndb.theborn.co.kr/wp-content/uploads/20220711_031758.jpg,08:00 ~ 22:00,연중무휴,테이블 9개 / 18좌석,불가,,112278,
863,8832,동탄역시범단지점,빽다방,경기도,경기도 화성시 청계동 514-2 서진프라자 105호,070-4010-1850,https://theborndb.theborn.co.kr/wp-content/uploads/20220707_005158.jpg,08:00 ~ 22:00,연중무휴,테이블 5개 / 10좌석,불가,,114754,
864,8830,강서구청점,빽다방,서울특별시,"서울특별시 강서구 화곡로 318-1, 1층",070-4333-0404,https://theborndb.theborn.co.kr/wp-content/uploads/20220707_004852.jpg,"평일 08:00 ~ 22:00
주말 09:00 ~ 22:00",연중무휴,테이블 9개 / 18좌석,불가,,112294,
865,8827,목동8단지점,빽다방,서울특별시,서울 양천구 목동서로 285 황금 프라자 1층 101호,070-4048-0523,https://theborndb.theborn.co.kr/wp-content/uploads/20220706_072805.jpg,07:30 ~ 22:00,연중무휴,테이블 8개 / 좌석 16석,가능,,114863,
866,8808,길음롯데클라시아점,빽다방,서울특별시,서울 성북구 길음동 508-16 롯데캐슬클라시아 상가동 117호,070-4010-1581,https://theborndb.theborn.co.kr/wp-content/uploads/20220701_002920.jpg,08:30 ~ 21:00,연중무휴,테이블 17개 / 좌석 34개,불가,,112292,
867,8806,서귀포성읍마을점,빽다방,제주도,제주특별자치도 서귀포시 표선면 성읍리 987-3 1층,,https://theborndb.theborn.co.kr/wp-content/uploads/20220701_002606.jpg,10:30 ~ 19:00,연중무휴,테이블 6개 / 좌석 12석,불가,,112200,
868,8804,숙대입구역점,빽다방,서울특별시,서울 용산구 갈월동 90-10,02-712-0094,https://theborndb.theborn.co.kr/wp-content/uploads/20220630_080502.jpg,07:30 ~ 22:00,연중무휴,take-out 매장(테이블 및 좌석 X),불가,,112289,
869,8802,아산탕정역점,빽다방,충청남도,"충남 아산시 탕정면 한들물빛도시로 70, 109호",041-424-0400,https://theborndb.theborn.co.kr/wp-content/uploads/20220630_075640.jpg,08:30 ~ 19:30,연중무휴,"테이블 5개, 10좌석 / 바테이블 1개, 4좌석",건물 주차장 이용 가능,,112219,
870,8800,성남도촌점,빽다방,경기도,"경기 성남시 중원구 도촌남로 27 (도촌동 566, 114호)",070-4027-4334,https://theborndb.theborn.co.kr/wp-content/uploads/20220630_075422.jpg,"평일 07:30 ~ 22:00
주말 08:30 ~ 22:00",연중무휴,테이블 9개 / 좌석 18석,지하주차장 이용 가능,,112163,
871,8798,속초부영점,빽다방,강원도,강원 속초시 청대로 204번길 39 1층,033-636-1848,https://theborndb.theborn.co.kr/wp-content/uploads/20220630_074455.jpg,"월-토요일 08:00 ~ 21:00
일요일 09:00 ~ 21:00",연중무휴,바테이블 / 좌석 3석,불가,,114937,
872,8795,시흥배곧호반써밋점,빽다방,경기도,경기 시흥시 배곧동 228-3,070-7576-4769,https://theborndb.theborn.co.kr/wp-content/uploads/20220630_021422.jpg,"월-토요일 07:30 ~ 22:00
일요일 08:00 ~ 22:00",연중무휴,테이블 7개 / 좌석 14석,불가,,112251,
873,8793,천안두정대림포레나점,빽다방,충청남도,충남 천안시 서북구 두정동 북일로 21 단지내 상가 103호,041-566-8260,https://theborndb.theborn.co.kr/wp-content/uploads/20220630_010753.jpg,08:00 ~ 22:00,연중무휴,테이블 12개 / 좌석 24석,불가,,112224,
874,8791,부산정관행복타운점,빽다방,부산광역시,"부산광역시 기장군 정관읍 정관1로 18, 이지1차상가 125동 104호",051-727-8441,https://theborndb.theborn.co.kr/wp-content/uploads/20220630_004202.jpg,08:00 ~ 21:00,연중무휴,테이블 3개 / 좌석 6석,주차장 이용 가능 (6대),,112252,
875,8789,병점역점,빽다방,경기도,"경기도 화성시 떡전골로 96-4, 1층",070-8666-0030,https://theborndb.theborn.co.kr/wp-content/uploads/20220630_003822.jpg,"월-토요일 07:00 ~ 22:00
일요일 07:30 ~ 22:00",연중무휴,테이블 17개 / 좌석 32석,불가,,115039,
876,8787,수원파장점,빽다방,경기도,경기 수원시 장안구 파장로 62,031-252-0964,https://theborndb.theborn.co.kr/wp-content/uploads/20220630_003136.jpg,08:30 ~ 20:00,연중무휴,테이블 26개 / 좌석 52석,불가,,114942,
877,8784,연천역점,빽다방,경기도,"경기도 연천군 연천읍 연천로260번길 11, 1층",031-834-6555,https://theborndb.theborn.co.kr/wp-content/uploads/20220629_081117.jpg,09:00 ~ 21:00,연중무휴,테이블 10개 / 좌석 20석,없음 (연천역 5일장 주자창 이용 가능),,112187,
878,8782,안산월피공원점,빽다방,경기도,"경기도 안산시 상록구 예술광장로 11, 1층 101호",031-410-8472,https://theborndb.theborn.co.kr/wp-content/uploads/20220629_070515.jpg,08:00 ~ 22:00,연중무휴,테이블 3개 / 좌석 6석,불가,,112149,
879,8780,춘천후평점,빽다방,강원도,강원 춘천시 후석로 280,033-254-7177,https://theborndb.theborn.co.kr/wp-content/uploads/20250711_012240.jpg,09:00 ~ 22:00,연중무휴,테이블 18개 / 좌석 31석,불가,,114790,
880,8762,주안북부역점,빽다방,인천광역시,"인천 미추홀구 주안동 25-65  (5호,6호)",070-8680-0017,https://theborndb.theborn.co.kr/wp-content/uploads/20220627_020226.jpg,"평일 07:30 ~ 22:00
토요일 08:00 ~ 22:00
일요일 10:00 ~ 21:00
라스트오더 : 마감 15분 전",연중무,테이블 15개 / 좌석 30석,불,,114742,
881,8753,부평동아점,빽다방,인천광역시,"인천 부평구 부평문화로 55 (부평동, 와이디타워) 1층, 102호",032-511-0622,https://theborndb.theborn.co.kr/wp-content/uploads/20220624_023321.jpg,08:00 ~ 21:00,연중무휴,테이블 8개 / 좌석 16석,불가,,112192,
882,8751,빽다방 빵연구소 제주합동청사점,빽다방,제주도,제주도 제주시 도남동 663-12,064-722-3334,https://theborndb.theborn.co.kr/wp-content/uploads/20220624_023038.jpg,"평일 07:30 ~ 20:30
주말 08:00 ~ 20:30
음료주문 마감 20:15 / 베이커리 구매 ~21:00",연중무휴,테이블 13개 / 좌석 26,지하주차장 이용 가능,,115050,
883,8748,시흥능곡장현점,빽다방,경기도,경기 시흥시 능곡번영길 25,070-4365-7596,https://theborndb.theborn.co.kr/wp-content/uploads/20220623_080138.jpg,"월~토 08:00 ~ 22:00
일요일 09:00 ~ 21:00",연중무휴,테이블 6개 / 좌석 12석,불가,,112181,
884,8717,개롱역점,빽다방,서울특별시,서울 송파구 가락동 166-2 에스케이허브파크 113호,02-407-7057,https://theborndb.theborn.co.kr/wp-content/uploads/20220623_011537.jpg,"평일 08:00 ~ 19:00
주말 08:00 ~ 19:00",연중무휴,테이블 2개 / 4 좌석,불가,,114733,
885,8714,원주간현점,빽다방,강원도,강원특별자치도 원주시 지정면 간현리 1056-13 1층,033-901-2280,https://theborndb.theborn.co.kr/wp-content/uploads/20231006_025313.jpg,09:00 ~ 17:00,연중무휴,테이블 16개 / 좌석 32석,관광단지 주차장 이용,,112171,
886,8711,광주하남점,빽다방,광주광역시,광주 광산구 사암로 216번길 30,062-400-3303,https://theborndb.theborn.co.kr/wp-content/uploads/20220620_051143.jpg,"월~목 07:30 ~ 22:30
금요일 07:30 ~ 23:00
토요일 08:00 ~ 23:00
일요일 08:00 ~ 22:30",연중무휴,테이블 6개 / 좌석 12석,불가,,114285,
887,8709,상계보람점,빽다방,서울특별시,서울 노원구 상계동 456-129,02-6227-6952,https://theborndb.theborn.co.kr/wp-content/uploads/20220620_050933.jpg,08:30 ~ 22:00,연중무휴,테이블 13개 / 좌석 27석,불가,,112249,
888,8698,충남부여점,빽다방,충청남도,충남 부여군 부여읍 석탑로 53 1층,041-837-8050,https://theborndb.theborn.co.kr/wp-content/uploads/20220617_090017.jpg,08:00 ~ 22:00,연중무휴,4 쇼파 테이블 16좌석 / 17 사각 테이블 34좌석 / 바테이블 2인석,불가,,112151,
889,8691,장안뉴시티점,빽다방,서울특별시,"서울 동대문구 장한로 105 (장안동, 장안 NEW CITY) 1층",070-8691-1007,https://theborndb.theborn.co.kr/wp-content/uploads/20220616_004513.jpg,"평일 07:30 ~ 21:30
주말 08:30 ~ 21:30",연중무휴,테이블 14개 / 28 좌석,불가,,114729,
890,8683,대전지족점,빽다방,대전광역시,"대전광역시 유성구 지족로 374 (지족동, 옥타브상가)",070-4366-0277,https://theborndb.theborn.co.kr/wp-content/uploads/20220615_004247.jpg,08:00 ~ 21:00,연중무휴,테이블 10개 / 좌석 20석,불가,,114752,
891,8670,대전탄방역점,빽다방,대전광역시,"대전 서구 계룡로553번길 18 (탄방동, 조이빌딩) 1층",0507-1338-5439,https://theborndb.theborn.co.kr/wp-content/uploads/20220610_013737.jpg,08:00 ~ 22:00,연중무휴,테이블 9개 / 좌석 20석,가능,,114983,
892,8666,대전송강동점,빽다방,대전광역시,대전 유성구 봉산로 24 1층,010-8178-2396,https://theborndb.theborn.co.kr/wp-content/uploads/20220609_030812.jpg,"월-목요일 08:00 ~ 21:30
금-토요일 08:00 ~ 22:00
일요일 08:30 ~ 21:30",연중무휴,테이블 6개 / 좌석 14석,불가,,112133,
893,8664,송도닥터플러스몰점,빽다방,인천광역시,인천광역시 연수구 컨벤시아대로 230번길 54,070-8648-3525,https://theborndb.theborn.co.kr/wp-content/uploads/20220609_030537.jpg,07:30 ~ 20:30,연중무휴,테이블 8개 / 좌석 16석,가능,,114281,
894,8661,가정역SK리더스뷰점,빽다방,인천광역시,"인천 서구 가정로 437 (가정동, 루원시티 SK Leaders VIEW) 302동 B231호",032-222-9874,https://theborndb.theborn.co.kr/wp-content/uploads/20250930_014738.png,08:00 ~ 22:00,연중무휴,테이블 16개 / 좌석 32석,가능,,112225,
895,8659,고대구로병원점,빽다방,서울특별시,서울 구로구 구로동 730-60(구로동로 138),,https://theborndb.theborn.co.kr/wp-content/uploads/20220609_013121.jpg,"평일 07:30 ~ 22:00
주말 08:00 ~ 22:00",연중무휴,테이블 7개 / 좌석 14석,불가,,115095,
896,8619,군산조촌디오션점,빽다방,전라북도,"전북 군산시 궁포3로 12, 1층 103호",070-7782-9555,https://theborndb.theborn.co.kr/wp-content/uploads/20220602_001724.jpg,08:00 ~ 22:00,연중무휴,테이블 14개 /28 좌석,불가,,112140,
897,8617,아산탕정예미지점,빽다방,충청남도,충남 아산시 탕정면 매곡한들5길 6-4,070-7576-1721,https://theborndb.theborn.co.kr/wp-content/uploads/20220719_004951.jpg,09:00 ~ 20:00,연중무휴,테이블 8개 / 좌석 16석,가능,,114615,
898,8615,전주호성점,빽다방,전라북도,전라북도 전주시 덕진구 호성동1가 828-14,063-909-3600,https://theborndb.theborn.co.kr/wp-content/uploads/20240502_070741.png,08:00 ~ 22:00,연중무휴,테이블 7개 /14 좌석,불가,,112114,
899,8613,인천구월정각초점,빽다방,인천광역시,인천 남동구 구월동 1241-1,032-463-3113,https://theborndb.theborn.co.kr/wp-content/uploads/20220602_000835.jpg,08:00 ~ 23:00,연중무휴,테이블 9개 /18 좌석,불가,,112199,
900,8611,영종하늘달빛점,빽다방,인천광역시,인천 중구 하늘달빛로 94 (중산동) 1층,070-4099-4865,https://theborndb.theborn.co.kr/wp-content/uploads/20231215_060252.jpg,08:00 ~ 21:00,연중무휴,테이블 11개 / 좌석 22석,매장 이용시 무료 주차 가능,,112125,
901,8606,전남영광읍점,빽다방,전라남도,전남 영광군 영광읍 중앙로 166,070-4304-0645,https://theborndb.theborn.co.kr/wp-content/uploads/20220531_000944.jpg,07:30 ~ 21:00,연중무휴,테이블 2개 / 좌석 4석,불가,,112198,
902,8600,정읍중앙점,빽다방,전라북도,전라북도 정읍시 수성동 571-11,063-532-2306,https://theborndb.theborn.co.kr/wp-content/uploads/20220530_020634.jpg,08:00 ~ 20:00,연중무휴,테이블 11개 / 26 좌석,불가,,112248,
903,8589,안양메가트리아점,빽다방,경기도,"경기도 안양시 만안구 태평로 60번길 42, 1층",0507-1391-1677,https://theborndb.theborn.co.kr/wp-content/uploads/20240613_063956.png,08:00 ~ 22:00,연중무휴,테이블 14개 / 좌석 31석,건물 주차장 이용 가능,,114002,
904,8582,동탄프리미엄아울렛점,빽다방,경기도,경기 화성시 동탄기흥로257번가길 30-2 101호,031-8055-0609,https://theborndb.theborn.co.kr/wp-content/uploads/20220523_014151.jpg,"<하절기>
평일 07:30 ~ 21:30
주말 07:30 ~ 20:30

<동절기>
평일 08:00 ~ 21:00
주말 08:00 ~ 20:00",연중무휴,테이블 12개 / 좌석 24석,불가,,112132,
905,8562,안양대림대앞점,빽다방,경기도,경기 안양시 동안구 비산로 57 107호,031-464-0013,https://theborndb.theborn.co.kr/wp-content/uploads/20220516_021930.jpg,"월요일~토요일 08:00 ~ 21:00
일요일 08:00 ~ 19:00",매월 마지막 주 일요일,테이블 7개 / 14좌석,불가,,112139,
906,8560,경주보문점,빽다방,경상북도,"경북 경주시 보문로 549 (천군동) 1층, 107호",054-773-1140,https://theborndb.theborn.co.kr/wp-content/uploads/20220516_021717.jpg,09:00 ~ 21:00,연중무휴,테이블 10개 / 좌석 20석,가능,,114833,
907,8551,범계에이스점,빽다방,경기도,경기 안양시 동인구 시민대로109번길 29 1층 118호,070-7776-8081,https://theborndb.theborn.co.kr/wp-content/uploads/20220511_071805.jpg,"평일 07:30 ~ 19:00
토요일,공휴일 09:00 ~ 17:30",매주 일요일,테이블 16개 / 좌석 38석,가능,,112073,
908,8549,성남상대원센터엠점,빽다방,경기도,경기 성남시 중원구 사기막골로62번길 33,031-620-5887,https://theborndb.theborn.co.kr/wp-content/uploads/20220511_071329.jpg,"평일 08:00 ~ 20:00
주말 08:00 ~ 18:00",연중무휴,테이블 4개 / 좌석 8석,센터 내 주차장 이용 가능(유료),,112089,
909,8547,원주기업도시점,빽다방,강원도,"강원도 원주시 지정면 신지정로 322-1, 110호",033-735-5959,https://theborndb.theborn.co.kr/wp-content/uploads/20260226_050523.jpg,"평일 07:00 ~ 21:00
주말 08:00 ~ 21:00",연중무휴,테이블 8개 / 좌석 16석,불가,,115036,
910,8545,평택현촌점,빽다방,경기도,경기도 평택시 현촌 4길 6,031-8054-7740,https://theborndb.theborn.co.kr/wp-content/uploads/20220511_014025.jpg,"목-월요일 08:30 ~ 19:30
화-수요일 08:30 ~ 16:00",연중무휴,테이블 9개 / 좌석 18석,매장 주변 주차 가능,,112067,
911,8534,영등포시장역점,빽다방,서울특별시,서울 영등포구 국회대로50길 20 포레나영등포센트럴 상가동 117호,070-4353-1971,https://theborndb.theborn.co.kr/wp-content/uploads/20220509_001535.jpg,"평일 및 토요일 07:00 ~ 21:30
일요일 08:00 ~ 21:30
아이스크림 마감 20:00",연중무휴,테이블 7개 / 14좌석,불가,,112148,
912,8527,대전아이파크시티점,빽다방,대전광역시,대전광역시 유성구 상대복용로29번길 52,042-716-4116,https://theborndb.theborn.co.kr/wp-content/uploads/20240820_045118.png,"월~토 07:30 ~ 22:00
일요일 08:00 ~ 21:30",연중무휴,테이블 7개 / 좌석 14석,가능(지하주차장),,114192,
913,8525,세종첫마을점,빽다방,세종특별자치시,세종특별자치시 나성동 715 112호,044-863-4432,https://theborndb.theborn.co.kr/wp-content/uploads/20220504_051924.jpg,"평일 08:00 ~ 21:30
주말 08:00 ~ 19:30",연중무휴,테이블 11개 /  좌석 22석,상가 내 유료주차장 이용(매장주차권 확인시 2시간 무료),,112053,
914,8523,오산고인돌공원점,빽다방,경기도,"경기 오산시 문헌공로 3, 1층",070-7507-0925,https://theborndb.theborn.co.kr/wp-content/uploads/20220504_051702.jpg,"평일 08:00 ~ 22:00
주말 08:00 ~ 21:00",연중무휴,테이블 14개 / 좌석 28석,상가 주차장 이용 가능,,115043,
915,8521,순천연향3지구점,빽다방,전라남도,전남 순천시 연향동 1686-2 1층,061-722-4590,https://theborndb.theborn.co.kr/wp-content/uploads/20220504_051440.jpg,08:00 ~ 22:00,연중무휴,테이블 10개 / 20좌석,불가,,112079,
916,8519,경산사동점,빽다방,경상북도,경북 경산시 사동 31번지 102호,070-8648-0041,https://theborndb.theborn.co.kr/wp-content/uploads/20220504_051137.jpg,07:00 ~ 21:30,연중무휴,테이블 8개 / 16 좌석,불가,,112142,
917,8506,원주건강보험공단점,빽다방,강원도,"강원도 원주시 반곡동 1913-7 가든식스.(1층 102호,103호)",033-813-0776,https://theborndb.theborn.co.kr/wp-content/uploads/20220503_072452.jpg,08:00 ~ 21:00,연중무휴,테이블 10개 / 38 좌석,매장 앞 보도블럭 이용 가능,,112152,
918,8495,경북고령다산점,빽다방,경상북도,경북 고령군 다산면 평리6길 8,054-955-0706,https://theborndb.theborn.co.kr/wp-content/uploads/20220429_005613.jpg,09:00 ~ 20:30,연중무휴,"테이블 6개 / 12좌석
바테이블1개 / 3좌석
다이닝 테이블1개 / 7좌석",매장 뒤편 주차장 이용 가능,,112050,
919,8493,가산AP타워점,빽다방,서울특별시,서울 금천구 가산동 673(가산디지털1로 16) 가산skv1ap타워 105호,02-6138-2121,https://theborndb.theborn.co.kr/wp-content/uploads/20220428_085421.jpg,07:30 ~ 19:00,"주말, 공휴일",테이블 10개 / 좌석 20석,건물 주차장 이용 가능,,112005,
920,8489,진주혁신점,빽다방,경상남도,경상남도 진주시 충무공동 282-3 동행빌딩 105호,070-7537-3827,https://theborndb.theborn.co.kr/wp-content/uploads/20220428_054255.jpg,08:00 ~ 22:00,연중무휴,테이블 9개 / 좌석 18석,불가,,,
921,8487,전남장성점,빽다방,전라남도,전라남도 장성군 장성읍 영천리 1038-5 1층,061-393-7477,https://theborndb.theborn.co.kr/wp-content/uploads/20220428_032825.jpg,08:00 ~ 21:30,연중무휴,테이블 16개 / 좌석 32석,불가,,113771,
922,8485,부산남구청점,빽다방,부산광역시,부산광역시 남구 대연동 1766-10 ( 못골로 24-1 ),051-711-0803,https://theborndb.theborn.co.kr/wp-content/uploads/20220427_074107.jpg,07:30 ~ 22:00,연중무휴,테이블 6개 / 좌석 12석,불가,,112104,
923,8483,아산온중로점,빽다방,충청남도,충남 아산시 온중로 47 1동 101호,041-910-0033,https://theborndb.theborn.co.kr/wp-content/uploads/20220427_073926.jpg,10:00 ~ 21:00,연중무휴,테이블 11개 / 좌석 22석,불가,,114265,
924,8480,가산그레이트점,빽다방,서울특별시,서울 금천구 가산동 60-5 갑을그레이트밸리 105호,02-2104-3530,https://theborndb.theborn.co.kr/wp-content/uploads/20220427_070634.jpg,"평일 07:30 ~ 18:30
주말 09:30 ~ 18:30
공휴일 10:30 ~ 18:30",연중무휴,테이블 3개 / 좌석 3석,불가,,112049,
925,8478,완주봉동점,빽다방,전라북도,"전라북도 완주군 봉동읍 장기리 216-6, 1층",070-8672-6767,https://theborndb.theborn.co.kr/wp-content/uploads/20220427_002557.jpg,07:00 ~ 21:30,연중무휴,테이블 15개 / 좌석 30석,매장 뒤편 위치,,112039,
926,8470,의정부발곡역점,빽다방,경기도,경기도 의정부시 회룡로 178 발곡프라자 B19호,031-879-0410,https://theborndb.theborn.co.kr/wp-content/uploads/20240529_005115.png,08:00 ~ 22:00,연중무휴,테이블 7개 / 좌석 14석,불가,,113981,
927,8467,천안성거점,빽다방,충청남도,충청남도 천안시 서북구 성거읍 성거길 107 1층,041-557-2777,https://theborndb.theborn.co.kr/wp-content/uploads/20220425_043609.jpg,09:00 ~ 22:00,연중무휴,테이블 16개 / 좌석 32석,매장 앞 주차 가능,,112117,
928,8463,수원호매실능실점,빽다방,경기도,경기 수원시 권선구 호매실로104번길 24-76,031-548-4800,https://theborndb.theborn.co.kr/wp-content/uploads/20220422_021055.jpg,08:30 ~ 22:00,연중무휴,테이블 16개 / 좌석 32석,불가,,112111,
929,8461,제주도남점,빽다방,제주도,제주특별자치도 제주시 도남동 920-23,070-5056-3040,https://theborndb.theborn.co.kr/wp-content/uploads/20220422_003356.jpg,"평일 08:00 ~ 17:00
주말 09:00 ~ 17:00",연중무휴,테이블 9개 / 좌석 18석,매장 주변에 주차 가능,,114976,
930,8456,대구현풍테크노중리점,빽다방,대구광역시,대구 달성군 현풍읍 테크노상업로 48,053-611-4151,https://theborndb.theborn.co.kr/wp-content/uploads/20220420_053324.jpg,08:00 ~ 21:00,연중무휴,테이블 10개 / 좌석 20석,상가 주차장 이용 가능,,112090,
931,8454,빽다방 빵연구소 제주연동점,빽다방,제주도,제주시 연동 256-2 1층,064-805-8403,https://theborndb.theborn.co.kr/wp-content/uploads/20220419_015431.jpg,"평일 07:30 ~ 22:00
주말 08:00 ~ 21:00",연중무휴,테이블 20개 / 좌석 40석,2대 가능,,112019,
932,8419,원주흥업점,빽다방,강원도,"강원도 원주시 흥업면 흥업리 1830-3, 1층",033-813-2223,https://theborndb.theborn.co.kr/wp-content/uploads/20220414_063011.jpg,08:00 ~ 21:00,연중무휴,테이블 35개 / 좌석 70석,매장 주변에 주차 가능,,112082,
933,8406,미사센트럴자이점,빽다방,경기도,경기 하남시 풍산동 504,070-8633-2260,https://theborndb.theborn.co.kr/wp-content/uploads/20220414_022234.jpg,"월-토요일 08:00 ~ 21:00
일요일 08:00 ~ 21:00",연중무휴,테이블 8개 / 좌석 16석,가능,,114322,
934,8395,천안신방성지점,빽다방,충청남도,"충청남도 천안시 동남구 서부대로 268, 104~105호",041-575-0410,https://theborndb.theborn.co.kr/wp-content/uploads/20230421_014618.jpg,"08:00 ~ 21:00
아이스크림 마감 20:30",연중무휴,테이블 12개 / 좌석 14석,가능,,111917,
935,8390,성남상대원금상점,빽다방,경기도,경기 성남시 중원구 금상로96번길 2 1층 104호,031-778-7663,https://theborndb.theborn.co.kr/wp-content/uploads/20220413_075640.jpg,"평일 08:00 ~ 21:00
주말 08:30 ~ 21:00",연중무휴,테이블 9개 / 좌석 18석,불가,,112042,
936,8388,전주인후점,빽다방,전라북도,전북 전주시 덕진구 인후동 1가 846-6 101호,063-903-0413,https://theborndb.theborn.co.kr/wp-content/uploads/20220413_043659.jpg,08:30 ~ 23:00,연중무휴,테이블 6개 / 좌석 12석,건물 앞·뒤편 주차 가능,,112008,
937,8386,대전비래점,빽다방,대전광역시,대전 대덕구 비래동로15번길 2,070-5066-3609,https://theborndb.theborn.co.kr/wp-content/uploads/20220413_043308.jpg,08:00 ~ 22:00,연중무휴,테이블 19개 / 좌석 38석,불가,,115023,
938,8376,안양예술공원점,빽다방,경기도,경기도 안양시 만안구 예술공원로 138,031-360-5890,https://theborndb.theborn.co.kr/wp-content/uploads/20220408_002826.jpg,08:00 ~ 21:00,연중무휴,테이블 10개 / 좌석 20석,불가,,113830,
939,8373,오산세교금암점,빽다방,경기도,경기 오산시 수청로 199 1층,031-8055-8795,https://theborndb.theborn.co.kr/wp-content/uploads/20220407_003913.jpg,"08:00 ~ 21:00(라스트오더 20:50)
아이스크림 마감 20:30",연중무휴,테이블 11개 / 좌석 22석,지하주차장 이용 가능,,112007,
940,8369,대구칠곡팔거역점,빽다방,대구광역시,"대구 북구 팔거천동로 222, 102호",031-227-1025,https://theborndb.theborn.co.kr/wp-content/uploads/20220406_065701.jpg,"평일 07:50 ~ 21:30
주말 08:00 ~ 22:00",연중무휴,테이블 14개 / 좌석 28석,불가,,112085,
941,8367,밀양미리벌점,빽다방,경상남도,경상남도 밀양시 삼문동 719-7 (미리벌 중앙로 46),055-354-1261,https://theborndb.theborn.co.kr/wp-content/uploads/20220406_051511.jpg,"일-목 09:30 ~ 22:00
금, 토 09:30 ~ 22:30",연중무휴,테이블 11개 / 좌석 22석,불가,,112012,
942,8365,광양마동점,빽다방,전라남도,전남 광양시 마동 1053-5,070-5223-0979,https://theborndb.theborn.co.kr/wp-content/uploads/20220406_005522.jpg,08:00 ~ 22:00,연중무휴,테이블 18개 / 좌석 36석,주차 가능,,114714,
943,8355,광주첨단재활병원점,빽다방,광주광역시,"광주광역시 광산구 쌍암동 666-2, 104호",062-973-0851,https://theborndb.theborn.co.kr/wp-content/uploads/20220404_060305.jpg,"평일 08:00 ~ 21:00
토요일 08:00 ~ 20:00
일요일, 공휴일 09:00 ~ 20:00",연중무휴,테이블 14개 / 좌석 32석,가능(지하주차장),,112003,
944,8338,용마산역점,빽다방,서울특별시,서울시 중랑구 면목로 27길 4 (면목동 372-21),070-8672-1172,https://theborndb.theborn.co.kr/wp-content/uploads/20220331_063117.jpg,08:00 ~ 21:00,연중무휴,테이블 6개 / 좌석 12석,불가,,112000,
945,8336,목포상동점,빽다방,전라남도,"전라남도 목포시 옥암로 182, 1층​",070-8680-0600,https://theborndb.theborn.co.kr/wp-content/uploads/20220331_045904.jpg,​08:30 ~ 22:00,연중무휴,테이블 19개 / 좌석 38석,불가,,112001,
946,8334,강릉유천점,빽다방,강원도,강원 강릉시 선수촌로 79-7 102호,033-823-0066,https://theborndb.theborn.co.kr/wp-content/uploads/20220331_045554.jpg,07:00 ~ 22:00,연중무휴,테이블 17개 / 좌석 34석,불가,,112020,
947,8330,수원정자시장점,빽다방,경기도,경기 수원시 장안구 수성로 261번길 6,031-548-4460,https://theborndb.theborn.co.kr/wp-content/uploads/20220331_005957.jpg,08:00 ~ 21:00,연중무휴,테이블 10개 / 좌석 20석,불가,,100002,
948,8328,강릉포남점,빽다방,강원도,강원 강릉시 포남동 1186-1 1층,033-823-0330,https://theborndb.theborn.co.kr/wp-content/uploads/20220331_002513.jpg,07:00 ~ 22:00,연중무휴,테이블 14개 / 좌석 35석,가능,,112038,
949,8325,진주경상대후문점,빽다방,경상남도,경상남도 진주시 가좌동 868-25 (가좌길 17-1),070-8988-5886,https://theborndb.theborn.co.kr/wp-content/uploads/20220330_072729.jpg,"월~목요일 08:00 ~ 22:00
금요일 08:00 ~ 21:00
주말 09:00 ~ 21:00",연중무휴,테이블 14개 / 좌석 28석,불가,,112010,
950,8318,안성아양점,빽다방,경기도,경기도 안성시 옥산동 598(안성시 아양1로 77-10) 해천프라자 1동 103호,031-674-1594,https://theborndb.theborn.co.kr/wp-content/uploads/20220330_023326.jpg,"월~토 09:00 ~ 22:00
일요일 09:30 ~ 22:00",연중무휴,테이블 10개 / 좌석 20석,불가,,112011,
951,8316,신림대학점,빽다방,서울특별시,"서울 관악구 신림로23길 21 (신림동, 웰탑스터디독서실) 1층",070-8648-1222,https://theborndb.theborn.co.kr/wp-content/uploads/20220331_072315.jpg,"평일 07:30 ~ 22:30
주말 08:30 ~ 22:30",연중무휴,테이블 16개 / 좌석 32석 (붙박이 및 바테이블 포함),불가,,112045,
952,8310,부산광안하버뷰점,빽다방,부산광역시,부산광역시 수영구 민락수변로 49 광안KCC스위첸하버뷰 104호,070-5100-2840,https://theborndb.theborn.co.kr/wp-content/uploads/20220330_003420.jpg,09:00 ~ 21:00,연중무휴,테이블 4개 / 좌석 8석,불가,,112021,
953,8304,부산금정구청점,빽다방,부산광역시,부산광역시 금정구 부곡동 64-34 티아이더코어 101호,051-714-0299,https://theborndb.theborn.co.kr/wp-content/uploads/20230802_092732.jpg,"평일 07:30 ~ 20:00
주말 08:00 ~ 20:00",연중무휴,테이블 2개 / 좌석 4석,불가,,114774,
954,8302,대전노은3동점,빽다방,대전광역시,"대전 유성구 지족동 1025-1 1층,106호",042-710-9600,https://theborndb.theborn.co.kr/wp-content/uploads/20220520_015024.jpg,"월~토요일 08:00 ~ 21:00
일요일 및 공휴일 09:00 ~21:00",연중무휴,테이블 3개 / 좌석 6석,건물 주차장 이용 가능,,112009,
955,8300,수원곡선하늘채점,빽다방,경기도,경기 수원시 권선구 곡반정로 151 1층,070-7542-8075,https://theborndb.theborn.co.kr/wp-content/uploads/20220324_001440.jpg,"평일 08:00 ~ 22:00
주말 08:30 ~ 22:30",연중무휴,테이블 8개 / 좌석 20석,불가,,114789,
956,8298,경주대릉원점,빽다방,경상북도,경북 경주시 황남동192-4,054-741-0022,https://theborndb.theborn.co.kr/wp-content/uploads/20230213_000314.png,09:00 ~ 20:00,연중무휴,대기석 테이블 4개 / 대기 2석,가능,,112014,
957,8296,수유시장점,빽다방,서울특별시,서울 강북구 도봉로67길 8,02-989-3122,https://theborndb.theborn.co.kr/wp-content/uploads/20220324_000918.jpg,08:00 ~ 23:00,연중무휴,테이블 13개 / 좌석 26석,불가,,112024,
958,8288,천안신부동아점,빽다방,충청남도,충남 천안시 동남구 터미널9길 25,070-8670-4707,https://theborndb.theborn.co.kr/wp-content/uploads/20220323_045207.jpg,08:00 ~ 21:00,연중무휴,테이블 15개 / 좌석 30석,불가,,112034,
959,8283,평택법원점,빽다방,경기도,경기 평택시 평남로 1039 105호,031-8054-8945,https://theborndb.theborn.co.kr/wp-content/uploads/20220316_074146.jpg,"평일 08:00 ~ 22:00
주말 09:00 ~ 22:00",연중무휴,테이블 8개 / 좌석 16석,불가,,112040,
960,8281,석촌역점,빽다방,서울특별시,서울 송파구 백제고분로 385 102호,070-8676-1453,https://theborndb.theborn.co.kr/wp-content/uploads/20230502_094310.jpg,"평일 07:30 ~ 22:00
주말 08:30 ~ 22:00",연중무휴,테이블 6개 / 좌석 12석,불가,,112016,
961,8276,지축역점,빽다방,경기도,경기 고양시 덕양구 지축1로 39 지축프라자 104호,02-381-6373,https://theborndb.theborn.co.kr/wp-content/uploads/20250522_052022.png,"평일 07:30 ~ 22:00
주말 08:00 ~ 22:00",연중무휴,테이블 9개 / 좌석 18석,가능,,114604,
962,8274,군산시청점,빽다방,전라북도,전북 군산시 조촌4길 15 (조촌동) 1층,070-5056-0332,https://theborndb.theborn.co.kr/wp-content/uploads/20220314_004155.jpg,"평일 07:00 ~ 21:00
주말/공휴일 09:00 ~ 19:00",연중무휴,테이블 30개 / 좌석 60석,불가,,111882,
963,8265,태릉입구역점,빽다방,서울특별시,"서울 노원구 동일로 986, 104호",070-4077-2127,https://theborndb.theborn.co.kr/wp-content/uploads/20220311_003040.jpg,"평일 07:00 ~ 21:00
주말 08:00 ~ 21:00",연중무휴,테이블 5개 / 좌석 10석,불가,,113783,
964,8262,순천금당점,빽다방,전라남도,"전남 순천시 해룡면 장선배기길 141, 1층 104호",070-8670-3058,https://theborndb.theborn.co.kr/wp-content/uploads/20220310_083744.jpg,08:00 ~ 22:00,연중무휴,테이블 2개 / 좌석 4석,가능,,112017,
965,8260,서대문경희궁점,빽다방,서울특별시,"서울 종로구 경교장길 35 (평동, 경희궁자이 3단지) 1층 3135호",070-4355-3301,https://theborndb.theborn.co.kr/wp-content/uploads/20220310_083533.jpg,07:00 ~ 19:00,주말,없음,불가,,114675,
966,8258,대전갈마점,빽다방,대전광역시,대전광역시 서구 신갈마로 110-1(갈마동),0507-2093-9760,https://theborndb.theborn.co.kr/wp-content/uploads/20220310_083250.jpg,08:00 ~ 23:00,연중무휴,테이블 24개 / 좌석 24석,불가,,112018,
967,8256,창동역서부점,빽다방,서울특별시,서울 도봉구 노해로63다길 10,02-2135-1221,https://theborndb.theborn.co.kr/wp-content/uploads/20220310_082951.jpg,"평일 07:30 ~ 22:00
주말 08:00 ~ 22:00",연중무휴,테이블 2개 / 좌석 4석,불가,,111886,
968,8254,부천도당산업단지점,빽다방,경기도,경기 부천시 도당동 160-8,032-673-1117,https://theborndb.theborn.co.kr/wp-content/uploads/20220310_082754.jpg,평일 07:30 ~ 17:00(아이스크림 마감 16:00),"주말, 명절연휴",테이블 20개 / 좌석 41석,가능,,114929,
969,8252,대구효목점,빽다방,대구광역시,대구 동구 효목로 35,053-751-1219,https://theborndb.theborn.co.kr/wp-content/uploads/20220310_082549.jpg,08:00 ~ 22:00,연중무휴,테이블 8개 / 좌석 16석,불가,,111879,
970,8244,대전둔산청솔점,빽다방,대전광역시,대전 서구 둔산로 216 (1층 빽다방 ),070-5066-6160,https://theborndb.theborn.co.kr/wp-content/uploads/20220308_085022.jpg,"월-토요일 08:00 ~ 21:00
일요일 08:00 ~ 20:00",연중무휴,테이블 9개 / 좌석 18석,가능,,111823,
971,8242,전주아중점,빽다방,전라북도,전라북도 전주시 덕진구 아중로 175 102호,070-5100-1995,https://theborndb.theborn.co.kr/wp-content/uploads/20220816_015615.jpg,09:00 ~ 21:30,연중무휴,테이블 12개 / 좌석 24석,불가,,112338,
972,8235,문정역점,빽다방,서울특별시,서울 송파구 문정동 643-1(법원로 114),02-2283-1165,https://theborndb.theborn.co.kr/wp-content/uploads/20220307_015919.jpg,"평일 07:00 ~ 21:00
주말 09:00 ~ 17:00",주말,테이블 7개 / 좌석 12석,건물 주차장 이용 가능,,111883,
973,8208,삼송스칸센점,빽다방,경기도,경기 고양시 덕양구 삼송로 240(삼송동 294) 힐스테이트삼송역스칸센 A동 124호,070-4667-3560,https://theborndb.theborn.co.kr/wp-content/uploads/20230623_080547.jpg,08:00 ~ 22:00,연중무휴,테이블 6개 / 좌석 12석,가능,,111880,
974,8206,번동초교점,빽다방,서울특별시,서울 강북구 번동 310-4 1층,070-5030-2273,https://theborndb.theborn.co.kr/wp-content/uploads/20220228_031606.jpg,08:00 ~ 21:00,연중무휴,테이블 1개 / 좌석 2석,불가,,111824,
975,8204,화성병점2동점,빽다방,경기도,경기도 화성시 병점2로 65,070-5100-1950,https://theborndb.theborn.co.kr/wp-content/uploads/20220228_031130.jpg,"평일 08:00 ~ 21:00
주말 09:00 ~ 21:00",연중무휴,테이블 11 / 좌석 22석,가능(지하주차장),,114257,
976,8201,여수학동e편한점,빽다방,전라남도,전라남도 여수시 학동 1번지 일원 A동 102호,061-807-3644,https://theborndb.theborn.co.kr/wp-content/uploads/20220228_025905.jpg,09:00 ~ 21:00,연중무휴,테이블 3개 / 좌석 6석,상가 주차장 이용 가능,,111884,
977,8184,울산서부점,빽다방,울산광역시,울산광역시 동구 방어진순환도로 925,052-713-8355,https://theborndb.theborn.co.kr/wp-content/uploads/20220217_005623.jpg,09:00 ~ 21:00,연중무휴,테이블 3개 / 좌석 4석,불가,,111817,
978,8182,구로이앤씨6차점,빽다방,서울특별시,"서울특별시 구로구 디지털로31길 41 (구로동, 이앤씨벤처드림타워6차), 1층 108호",02-869-1777,https://theborndb.theborn.co.kr/wp-content/uploads/20220217_005416.jpg,"평일 07:00 ~ 18:00
주말 09:00 ~ 18:00",명절연휴,테이블 6개 / 좌석 12석,가능(유료),,115028,
979,8176,광명일직점,빽다방,경기도,경기도 광명시 일직동 510-7,02-899-9975,https://theborndb.theborn.co.kr/wp-content/uploads/20220216_045608.jpg,08:00 ~ 22:00,연중무휴,테이블 6개 / 좌석 12석,불가,,111815,
980,8170,대전맑은아침점,빽다방,대전광역시,대전광역시 서구 내동 17-11 1층 111~112호,042-710-6633,https://theborndb.theborn.co.kr/wp-content/uploads/20220215_031836.jpg,07:30 ~ 21:45,연중무휴,테이블 8개 / 좌석 16석,가능,,111820,
981,8168,상계역점,빽다방,서울특별시,서울특별시 노원구 중계동 606 1층 105호,02-2088-5805,https://theborndb.theborn.co.kr/wp-content/uploads/20220215_031614.jpg,09:00 ~ 22:30,연중무휴,테이블 5개 / 좌석 10석,가능,,111813,
982,8166,세종반곡점,빽다방,세종특별자치시,"세종특별자치시 한누리대로 1828,108호",044-862-4431,https://theborndb.theborn.co.kr/wp-content/uploads/20230627_081229.jpg,"평일 08:00 ~ 20:30
주말 08:30 ~ 20:30",연중무휴,테이블 10개 / 좌석 20석,지하주차장 이용 가능,,111816,
983,8163,건대동문회관점,빽다방,서울특별시,서울특별시 광진구 아차산로36길 5,070-7537-1508,https://theborndb.theborn.co.kr/wp-content/uploads/20241025_084515.png,"평일 07:30 ~ 22:00
주말 08:00 ~ 22:00",연중무휴,테이블 6개 / 좌석 12석,가능,,114835,
984,8159,정릉뉴타운점,빽다방,서울특별시,서울특별시 성북구 길음로9길 50 지2층8호 (길음동 1286외2필지 길음뉴타운 상가동 208호),02-2039-3644,https://theborndb.theborn.co.kr/wp-content/uploads/20220207_003002.jpg,08:00 ~ 21:00,연중무휴,테이블 3개 / 좌석 6석,"건물 주차장, 매장 앞 가능",,111818,
985,8152,용인마북점,빽다방,경기도,"경기도 용인시 기흥구 마북로 159, 1층 115호",031-8019-8779,https://theborndb.theborn.co.kr/wp-content/uploads/20220128_010159.jpg,08:00 ~ 22:00,연중무휴,테이블 11개 / 좌석 23석,가능,,114485,
986,8150,천안불당쌍용점,빽다방,충청남도,충청남도 천안시 서북구 불당11로 99 1층,041-622-3322,https://theborndb.theborn.co.kr/wp-content/uploads/20220128_000937.jpg,"월요일 08:30 ~ 20:00
화-일요일 08:30 ~ 21:00",연중무휴,테이블 3개 / 좌석 6석,불가,,111807,
987,8148,대전유성구청점,빽다방,대전광역시,대전광역시 유성구 어은동 110 동천빌딩 1층,042-716-4045,https://theborndb.theborn.co.kr/wp-content/uploads/20220128_000620.jpg,"평일 07:30 ~ 21:30
토요일 08:00 ~ 21:30
일요일 08:30 ~ 21:00",연중무휴,테이블 6개 / 좌석 12석,불가,,111812,
988,8143,구리수택점,빽다방,경기도,경기도 구리시 수택동 847-7(체육관로80번길 9) 1층,031-567-9990,https://theborndb.theborn.co.kr/wp-content/uploads/20220329_013608.jpg,"평일 08:30 ~ 21:30
주말 09:00 ~ 21:30",연중무휴,테이블 17개 / 좌석 46석,불가,,111811,
989,8134,풍산역점,빽다방,경기도,경기도 고양시 일산동구 중산동 1806 103호,070-4849-0027,https://theborndb.theborn.co.kr/wp-content/uploads/20220124_021650.jpg,07:30 ~ 21:00,연중무휴,테이블 7 / 좌석 16석,건물 주차장 이용 가능,,111809,
990,8129,제주애월좋은마트점,빽다방,제주도,제주특별자치도 제주시 애월읍 일주서로 6679 (신엄리) 1층,064-799-1144,https://theborndb.theborn.co.kr/wp-content/uploads/20220121_023943.jpg,08:00 ~ 21:00,연중무휴,"내부 테이블 6개 / 좌석 12석, 부 테이블 6개 / 좌석 12석",가능 (대형 마트 주차장 함께 사용),,114772,
991,8115,천안터미널점,빽다방,충청남도,"충청남도 천안시 동남구 만남로 15 (신부동, 민현빌딩)",041-523-5343,https://theborndb.theborn.co.kr/wp-content/uploads/20241224_085118.png,08:00 ~ 21:30,연중무휴,테이블 19개 / 좌석 38석,건물 주차장 이용 가능 (30분 무료),,111804,
992,8109,신당역점,빽다방,서울특별시,서울특별시 중구 퇴계로 423 (황학동),070-8691-1530,https://theborndb.theborn.co.kr/wp-content/uploads/20220117_081909.jpg,07:30 ~ 21:30,연중무휴,- (take-out 가능),불가,,111814,
993,8102,안산본오2동점,빽다방,경기도,경기도 안산시 상록구 각골로 68 (본오동) 1층,070-8691-2508,https://theborndb.theborn.co.kr/wp-content/uploads/20220112_070938.jpg,08:00 ~ 22:00,연중무휴,테이블 15개 / 좌석 30석,불가,,111735,
994,8098,세종종촌점,빽다방,세종특별자치시,세종특별자치시 종촌동 658 104호,044-864-3655,https://theborndb.theborn.co.kr/wp-content/uploads/20220112_050209.jpg,08:00 ~ 22:00,연중무휴,테이블 8개 / 좌석 16석,가능(유료),,111805,
995,8087,전주효자안행교점,빽다방,전라북도,전라북도 전주시 완산구 효자동1가 281-3 1층,063-222-0853,https://theborndb.theborn.co.kr/wp-content/uploads/20220110_003601.jpg,"[동절기(11월~2월)] 08:00 ~ 20:00 (아이스크림 마감 18:30)
[하절기] 08:00 ~ 21:00 (아이스크림 마감 19:30)",연중무휴,테이블 25개 / 좌석 50석,상가 주차장 이용 가능 (12대),,111808,
996,8085,빽다방 빵연구소 김해삼계한라비발디점,빽다방,경상남도,경상남도 김해시 삼계동 634,055-321-3332,https://theborndb.theborn.co.kr/wp-content/uploads/20220110_003345.jpg,09:00 ~ 21:00,연중무휴,테이블 35개 / 좌석 70석,15대 가능,,111829,
997,8080,대전용두선화점,빽다방,대전광역시,"대전광역시 중구 중앙로 23-17, 1층 상가 111호",042-223-1008,https://theborndb.theborn.co.kr/wp-content/uploads/20220106_012717.jpg,"평일 08:00 ~ 21:50
주말/공휴일 08:30 ~ 21:50",연중무휴,테이블 7개 / 좌석 14석,건물 주차장 이용 가능,,111732,
998,8072,대구대신자이점,빽다방,대구광역시,대구광역시 중구 달구벌대로 1955 상가302동 1층 빽다방,053-252-0248,https://theborndb.theborn.co.kr/wp-content/uploads/20230627_082859.jpg,08:00 ~ 22:00,연중무휴,테이블 9개 / 좌석 18석,불가,,111736,
999,8066,경산삼성현공원점,빽다방,경상북도,경상북도 경산시 남산면 인흥리 363-15,053-801-9906,https://theborndb.theborn.co.kr/wp-content/uploads/20220104_030118.jpg,09:30 ~ 19:30,연중무휴,,가능,,111720,
1000,8055,대구방촌상명점,빽다방,대구광역시,대구광역시 동구 화랑로 383,053-982-7893,https://theborndb.theborn.co.kr/wp-content/uploads/20211231_062222.png,"평일 07:00 ~ 21:30
주말 08:00 ~ 22:00",연중무휴,테이블 32개 / 좌석 64석,가능,,111725,
1001,8053,가산SKV1점,빽다방,서울특별시,"서울특별시 금천구 가산디지털1로 171, skv1센터 102호",02-6244-8885,https://theborndb.theborn.co.kr/wp-content/uploads/20250707_095230.jpg,"평일 07:00 ~ 18:00
토요일 09:00 ~ 16:00",일요일,테이블 12개 / 좌석 24석,가능,,114784,
1002,8051,송도아트포레점,빽다방,인천광역시,인천 연수구 송도동 84-2 A동 1층 111호,032-831-2085,https://theborndb.theborn.co.kr/wp-content/uploads/20211231_061410.png,"평일 08:00 ~ 21:40(라스트오더 21:30)
주말 09:00 ~ 21:30(라스트오더 21:20)",연중무휴,"테이블 9개, 바테이블 1개 / 좌석 15석",가능,,111721,
1003,8049,광명소하점,빽다방,경기도,경기도 광명시 소하로 81,02-897-9088,https://theborndb.theborn.co.kr/wp-content/uploads/20211231_061044.png,08:30 ~ 22:00,연중무휴,테이블 14개 /좌석 28석,건물 주차장 이용 가능,,111731,
1004,8045,부천시청역점,빽다방,경기도,경기 부천시 길주로 221 시티오피스 1층 102호,032-327-8242,https://theborndb.theborn.co.kr/wp-content/uploads/20211231_060300.png,"월-토요일 08:00 ~ 21:00
일요일 09:00 ~ 21:00",연중무휴,테이블 17개 / 좌석 34석,불가,,111724,
1005,8043,북서울꿈의숲점,빽다방,서울특별시,서울특별시 성북구 돌곶이로 220 코오롱하늘채아파트 상가 104동 106호,02-943-7555,https://theborndb.theborn.co.kr/wp-content/uploads/20211231_060108.png,08:00 ~ 22:00,연중무휴,테이블 9개 / 좌석 18석,상가 주차장 이용 가능,,111727,
1006,8041,군산대점,빽다방,전라북도,전라북도 군산시 황룡로 9,063-468-1379,https://theborndb.theborn.co.kr/wp-content/uploads/20211231_055624.png,08:00 ~ 22:00,연중무휴,테이블 12석 / 좌석 24석,불가,,111723,
1007,8031,회룡역점,빽다방,경기도,경기도 의정부시 호원동 51-2,031-875-0811,https://theborndb.theborn.co.kr/wp-content/uploads/20211224_014628.jpg,08:00 ~ 21:00,연중무휴,테이블 13개 / 좌석 24석,건물 주차장 이용 가능,,111728,
1008,8029,광교에듀타운점,빽다방,경기도,"경기도 수원시 영통구 이의동 1347-3, 에듀프라자 111호",070-7724-0024,https://theborndb.theborn.co.kr/wp-content/uploads/20211224_014058.jpg,"평일 08:00 ~ 21:00
주말 09:00 ~ 21:00",연중무휴,테이블 8개 / 좌석 18석,건물 주차장 이용 가능 (1시간),,106344,
1009,8025,충남계룡엄사점,빽다방,충청남도,충청남도 계룡시 엄사면 번영로 26,042-349-0096,https://theborndb.theborn.co.kr/wp-content/uploads/20211222_055212.jpg,09:00 ~ 21:00,연중무휴,테이블 7개 / 좌석 14석,불가,,111726,
1010,8021,숭실대점,빽다방,서울특별시,서울특별시 동작구 상도동 501(사당로 10) 지하1층,02-3280-3910,https://theborndb.theborn.co.kr/wp-content/uploads/20211222_030756.jpg,"월-금요일 07:30 ~ 20:30
토요일 09:00 ~ 20:30
공휴일 10:00 ~ 20:30",일요일,테이블 12개 / 좌석 24석,불가,,111733,
1011,8019,세종다정점,빽다방,세종특별자치시,세종특별자치시 다정중앙로 53,044-862-4432,https://theborndb.theborn.co.kr/wp-content/uploads/20211222_010848.jpg,09:00 ~ 21:00(아이스크림 마감 20:00),연중무휴,테이블 7개 / 좌석 17석,가능(지하주차장),,114124,
1012,8017,청주율량9단지점,빽다방,충청북도,충청북도 청주시 청원구 율중로 79번길 8(율량동),043-211-7600,https://theborndb.theborn.co.kr/wp-content/uploads/20230421_014942.jpg,"평일 07:30 ~ 21:30
주말 08:00 ~ 22:00",26.04.20 ~ 26.05.03 기간동안 휴업,테이블 18개 / 좌석 44석,불가,,111654,
1013,8002,지식정보단지역점,빽다방,인천광역시,"인천광역시 연수구 송도동 9-19, 에몬스프라자 1층 111호",032-215-7783,https://theborndb.theborn.co.kr/wp-content/uploads/20211216_010847.jpg,"평일 07:30 ~ 21:30(라스트오더 21:00)
주말 08:00 ~ 21:30(라스트오더 21:00)",연중무휴,테이블 10개 / 좌석 20석,가능,,111646,
1014,8000,진주평거수정초점,빽다방,경상남도,﻿경남 진주시 진양호로 74 1층,055-741-9655,https://theborndb.theborn.co.kr/wp-content/uploads/20211216_010626.jpg,08:20 ~ 21:00,연중무휴,테이블 12개 / 좌석 24석,가능,,114746,
1015,7998,쌍문세라믹점,빽다방,서울특별시,서울특별시 도봉구 도당로 10,02) 995-5551,https://theborndb.theborn.co.kr/wp-content/uploads/20220412_020447.jpg,08:30 ~ 21:30,연중무휴,테이블 13개 / 좌석 32석,가능,,111713,104768
1016,7963,울산삼산롯데점,빽다방,울산광역시,울산광역시 남구 삼산로 278번길 4,052-257-4009,https://theborndb.theborn.co.kr/wp-content/uploads/20211210_081902.jpg,08:30 ~ 21:30,연중무휴,테이블 4개 / 좌석 8석,불가,,111664,
1017,7961,무안목포대점,빽다방,전라남도,전라남도 무안군 청계면 도림길 87-23,061-452-4852,https://theborndb.theborn.co.kr/wp-content/uploads/20211210_081645.jpg,"월-토요일 07:30 ~ 21:00
일요일 08:30 ~ 21:00",연중무휴,테이블 16개 (바테이블 1) / 좌석 32석,매장 앞 주차 가능,,113842,104811
1018,7958,평택센트럴자이점,빽다방,경기도,경기도 평택시 상서재로 50 상가109호,070-4800-0773,https://theborndb.theborn.co.kr/wp-content/uploads/20211210_025609.jpg,06:30 ~ 23:00,연중무휴,테이블 6개 / 좌석 12석,불가,,115098,
1019,7945,대구대봉점,빽다방,대구광역시,대구광역시 중구 대봉로 222,053-422-7898,https://theborndb.theborn.co.kr/wp-content/uploads/20211207_070345.jpg,"평일 08:00 ~ 22:30
주말 09:00 ~ 22:30",연중무휴,테이블 30개 / 좌석 60석,불가,,111714,104754
1020,7932,인천숭의용마루점,빽다방,인천광역시,인천광역시 미추홀구 인주대로 74 (용현동),032-888-8409,https://theborndb.theborn.co.kr/wp-content/uploads/20211203_005539.jpg,08:00 ~ 22:00,연중무휴,"테이블 5개 / 좌석 10석
바테이블 1개 / 좌석 3석",불가,,111636,104791
1021,7930,부개주공점,빽다방,인천광역시,인천광역시 부평구 부흥로 416 101호 1층,032-511-7666,https://theborndb.theborn.co.kr/wp-content/uploads/20211203_005206.jpg,08:00 ~ 22:00,연중무휴,테이블  6개 / 좌석 12석,건물 뒤편 주차장 이용 가능,,111615,104739
1022,7928,칠곡석적중리점,빽다방,경상북도,경상북도 칠곡군 석적읍 북중리3길 45,054-973-7773,https://theborndb.theborn.co.kr/wp-content/uploads/20211203_005001.jpg,"월~금 08:30 ~ 21:00
주말 09:00 ~ 21:00",매월 넷째주 목요일,테이블 12개 / 좌석 24석,불가,,111637,104793
1023,7918,광명새마을시장점,빽다방,경기도,경기도 광명시 광명동 342-5 1층,02-2060-4512,https://theborndb.theborn.co.kr/wp-content/uploads/20211130_054641.jpg,"월~목 07:30 ~ 22:00
금요일 07:30 ~ 22:30
토요일 08:00 ~ 22:30
일요일 08:00 ~ 22:00",연중무휴,테이블 7개 / 좌석 14석,지하주차장 이용 가능,,111635,104790
1024,7912,양평중흥S클래스점,빽다방,서울특별시,"서울특별시 영등포구 선유서로24길 6 (양평동1가, 영등포 중흥 S-CLASS) 1층 106호",02-2675-5880,https://theborndb.theborn.co.kr/wp-content/uploads/20240112_083301.png,"평일 08:00 ~ 21:00
주말 09:00 ~ 22:00",연중무휴,테이블 11개 / 좌석 22석,건물내 지하주차장(1시간 무료),,113706,104763
1025,7910,해남군청점,빽다방,전라남도,전라남도 해남군 해남읍 성내리 21-1,061-535-0890,https://theborndb.theborn.co.kr/wp-content/uploads/20211125_085225.jpg,"평일 08:00 ~ 21:00
주말 09:00 ~ 21:00",연중무휴,"테이블 8개 / 좌석 16석
바테이블 1개 / 좌석 3석",불가,,111616,104752
1026,7908,수원화서시장점,빽다방,경기도,경기도 수원시 팔달구 동말로 53,0507-2093-8388,https://theborndb.theborn.co.kr/wp-content/uploads/20211125_085210.jpg,"평일 08:20 ~ 22:30
주말 08:50 ~ 22:30",연중무휴,테이블 28개 / 좌석 48석,건물 주차장 이용가능,,113813,104755
1027,7905,제주일도동문점,빽다방,제주도,제주특별자치도 제주시 일도일동 1047-1 1층,064-755-0100,https://theborndb.theborn.co.kr/wp-content/uploads/20211125_084427.jpg,"평일 08:00 ~ 21:30
주말 09:00 ~ 21:30",연중무휴,테이블 16개 / 좌석 30석,불가,,111612,104720
1028,7898,천안병천점,빽다방,충청남도,충청남도 천안시 동남구 병천면 아우내순대길 9,041-522-5126,https://theborndb.theborn.co.kr/wp-content/uploads/20211122_011852.jpg,08:00 ~ 21:00,연중무휴,테이블 22개 / 좌석 45석,매장 앞 이용 가능,,111507,104722
1029,7894,보광점,빽다방,서울특별시,서울특별시 용산구 보광로 47 1층 (보광동),02-794-5565,https://theborndb.theborn.co.kr/wp-content/uploads/20211118_074259.jpg,"평일 08:00 ~ 21:30
주말 09:00 ~ 21:30",연중무휴,테이블 15개 / 좌석 30석,불가,,111499,104712
1030,7888,전주반월점,빽다방,전라북도,전라북도 전주시 혁신로 697 108호,063-214-3926,https://theborndb.theborn.co.kr/wp-content/uploads/20211118_021746.jpg,09:00 ~ 21:00,연중무휴,테이블 14개 / 좌석 28석,건물 주차장 이용 가능,,114970,
1031,7886,인천만수역점,빽다방,인천광역시,인천광역시 남동구 구월로 366 (만수동) 1층,032-466-1539,https://theborndb.theborn.co.kr/wp-content/uploads/20211118_011125.jpg,"월~목 08:00 ~ 22:00
금~일 08:00 ~ 23:00",연중무휴,테이블 23개 / 좌석 56석,불가,,111617,104753
1032,7884,중화역점,빽다방,서울특별시,"서울특별시 중랑구 봉화산로 39, 1층 101호",02-433-5183,https://theborndb.theborn.co.kr/wp-content/uploads/20211118_010730.jpg,"평일 08:00 ~ 21:30
주말 및 공휴일 09:00 ~ 21:30",연중무휴,테이블 4개 / 좌석수 8석,인근 유료주차장 이용 가능,,111620,104759
1033,7872,동양미래대점,빽다방,서울특별시,"서울특별시 구로구 고척동 76-181, 1층 101호",02-3666-5444,https://theborndb.theborn.co.kr/wp-content/uploads/20211111_001415.jpg,"평일 08:00 ~ 22:00
주말 및 공휴일 09:00 ~ 22:00",연중무휴,테이블 3개 / 좌석 6석,불가,,111501,104714
1034,7870,공릉역점,빽다방,서울특별시,서울특별시 노원구 공릉동 395-8,02-975-5550,https://theborndb.theborn.co.kr/wp-content/uploads/20211110_080241.jpg,08:30 ~ 21:00,연중무휴,테이블 9개 / 좌석 22석,가능,,111522,104728
1035,7864,이천하이닉스점,빽다방,경기도,경기도 이천시 부발읍 경충대로 2100,070-7619-0077,https://theborndb.theborn.co.kr/wp-content/uploads/20211110_002209.jpg,07:00 ~ 22:00,연중무휴,대기석 테이블 2개 / 좌석 4석,매장 앞 유료주차장 이용 가능,,111506,104721
1036,7862,전주만성지구점,빽다방,전라북도,전라북도 전주시 덕진구 만성동로 59,070-7585-5595,https://theborndb.theborn.co.kr/wp-content/uploads/20211110_001852.jpg,"평일 08:00 ~ 22:00
주말 09:00 ~ 22:00",연중무휴,테이블 33개 / 좌석 66석,가능,,114323,104751
1037,7859,개봉역북부점,빽다방,서울특별시,서울특별시 구로구 경인로40길 41(개봉동 181-6),02-2688-2220,https://theborndb.theborn.co.kr/wp-content/uploads/20211109_235223.jpg,08:00 ~ 22:30,연중무휴,테이블 4개 / 좌석 8석,불가,,111613,104730
1038,7851,시흥매화점,빽다방,경기도,경기도 시흥시 매화로 46,070-4647-4695,https://theborndb.theborn.co.kr/wp-content/uploads/20211104_031842.jpg,08:00 ~ 22:00(라스트 오더 21:50),연중무휴,테이블 10개 / 좌석 20석,불가,,114782,104727
1039,7847,영천완산점,빽다방,경상북도,경상북도 영천시 시장로 53,054-335-8847,https://theborndb.theborn.co.kr/wp-content/uploads/20211103_015135.jpg,10:00 ~ 18:00,연중무휴,테이블 10개 / 좌석 20석,불가,,111498,104711
1040,7839,안산역점,빽다방,경기도,경기도 안산시 원곡동 798-6,031-495-7101,https://theborndb.theborn.co.kr/wp-content/uploads/20260401_072215.png,"평일 07:00 ~ 21:00
주말 09:00 ~ 21:00",연중무휴,테이블 5개 / 좌석 10석,불가,,115097,
1041,7836,봉담동화마을점,빽다방,경기도,경기 화성시 봉담읍 동화길 81-10 상도프라자 104호,031-227-1025,https://theborndb.theborn.co.kr/wp-content/uploads/20211101_004831.jpg,"평일 08:00 ~ 21:00
주말 09:00 ~ 20:00",연중무휴,테이블 8개 / 좌석 16석,건물 주차장 이용가능,,114791,104723
1042,7833,청주복대사거리점,빽다방,충청북도,충청북도 청주시 흥덕구 복대로 173,043-234-9980,https://theborndb.theborn.co.kr/wp-content/uploads/20211101_004044.jpg,"평일 08:30 ~ 21:00
주말 08:40 ~ 21:00",연중무휴,테이블 30개 / 좌석 60석,불가,,103107,104767
1043,7829,안양충훈부점,빽다방,경기도,경기도 안양시 만안구 석수동 785-16(충훈로 89) 1층 101호,031-341-0300,https://theborndb.theborn.co.kr/wp-content/uploads/20211101_003154.jpg,08:00 ~ 22:00,연중무휴,테이블 7개 / 좌석 14석,불가,,112246,104713
1044,7826,울산타임스퀘어점,빽다방,울산광역시,울산광역시 남구 야음동 789-14 울산타임스퀘어 121호,070-4284-8060,https://theborndb.theborn.co.kr/wp-content/uploads/20211101_002551.jpg,08:30 ~ 21:00,연중무휴,테이블 8개 / 좌석 16석,상가 주차장 이용 가능,,111504,104719
1045,7820,안산본오신안점,빽다방,경기도,경기도 안산시 상록구 본오동 871-6 성문빌딩 1층,070-4101-0060,https://theborndb.theborn.co.kr/wp-content/uploads/20211027_090454.jpg,09:00 ~ 22:00,연중무휴,테이블 16개 / 좌석 38석,건물 주변 주차 가능,,111495,104700
1046,7818,전주삼천흥건점,빽다방,전라북도,전라북도 전주시 삼천동 1가 300-3,063-901-5321,https://theborndb.theborn.co.kr/wp-content/uploads/20211027_085159.jpg,08:00 ~ 22:00,연중무휴,테이블 3개 / 좌석 6석,불가,,111420,104681
1047,7814,빽다방 빵연구소 전주평화점,빽다방,전라북도,전라북도 전주시 완산구 평화로 210,063-903-0805,https://theborndb.theborn.co.kr/wp-content/uploads/20211027_083900.jpg,08:00 ~ 22:50,연중무휴,테이블 33개 / 좌석 59석,12대 가능,,111095,104611
1048,7809,의정부가능역점,빽다방,경기도,경기 의정부시 평화로 633-3 (의정부동),031-821-7264,https://theborndb.theborn.co.kr/wp-content/uploads/20211027_005753.jpg,"월-토요일 08:00 ~ 22:00
일요일 10:00 ~ 21:00",연중무휴,테이블 14개 /좌석 28좌석,불가,,114741,104651
1049,7800,동탄호수공원점,빽다방,경기도,경기도 화성시 동탄순환대로 127-5,031-374-5937,https://theborndb.theborn.co.kr/wp-content/uploads/20211022_064729.jpg,08:00 ~ 22:00,연중무휴,테이블 7개 / 좌석 14석,지하주차장 이용 가능,,111423,104688
1050,7797,동탄역아이비파크점,빽다방,경기도,경기도 화성시 동탄광역환승로 73,031-374-0132,https://theborndb.theborn.co.kr/wp-content/uploads/20211022_064355.jpg,09:00 ~ 21:00,연중무휴,테이블 21개 / 좌석 42석,건물 주차장 이용 가능 (주차 대수 2대),,111421,104682
1051,7795,충북보은점,빽다방,충청북도,충청북도 보은군 보은읍 보은로 105,070-7585-3324,https://theborndb.theborn.co.kr/wp-content/uploads/20211022_063559.jpg,08:00 ~ 22:30,연중무휴,테이블 29개 / 좌석 58석,불가,,111486,
1052,7793,연희삼거리점,빽다방,서울특별시,"서울 서대문구 연희로 118, 1층 빽다방",02-2039-3454,https://theborndb.theborn.co.kr/wp-content/uploads/20211022_063359.jpg,"평일 08:30 ~ 20:00
주말 09:30 ~ 20:00",연중무휴,테이블 2개 / 좌석 4석,가능,,114927,
1053,7791,인천연안부두점,빽다방,인천광역시,인천 중구 축항대로86번길 23,032-889-7077,https://theborndb.theborn.co.kr/wp-content/uploads/20220308_085550.jpg,05:30 ~ 21:30,연중무휴,테이블 32개 / 좌석 68석,매장 앞 주정차 가능,,111946,104718
1054,7780,아산배방연화점,빽다방,충청남도,충청남도 아산시 배방읍 용연로 91,041-534-4318,https://theborndb.theborn.co.kr/wp-content/uploads/20211014_060045.jpg,08:00 ~ 21:00,연중무휴,테이블 6개 / 좌석 13석,매장 뒷편,,114851,104656
1055,7774,진주평거점,빽다방,경상남도,경상남도 진주시 순환로 539,055-920-8889,https://theborndb.theborn.co.kr/wp-content/uploads/20211012_082050.png,07:30 ~ 22:30(아이스크림 마감 21:30),연중무휴,테이블 10개 / 좌석 20석,불가,,111416,104669
1056,7772,천안차암점,빽다방,충청남도,"충청남도 천안시 서북구 3공단6로 58-8, 102호",070-8814-2712,https://theborndb.theborn.co.kr/wp-content/uploads/20211012_081841.png,"평일 08:00 ~ 21:00
주말 및 공휴일 09:00 ~ 21:00",연중무휴,테이블 9개 / 좌석 20석,가능,,111424,104701
1057,7769,대구상인화성파크점,빽다방,대구광역시,대구광역시 달서구 상인동 1596,053-633-0777,https://theborndb.theborn.co.kr/wp-content/uploads/20211007_101332.jpg,08:00 ~ 22:00,연중무휴,테이블 4개 / 좌석 8석,불가,,111415,104667
1058,7767,대구북구서변점,빽다방,대구광역시,대구광역시 북구 서변동 1787 (호국로 215),053-201-5507,https://theborndb.theborn.co.kr/wp-content/uploads/20211028_074619.png,08:00 ~ 22:00,연중무휴,테이블 5개 / 좌석 10석,불가,,111394,104655
1059,7765,인천선학역점,빽다방,인천광역시,인천광역시 연수구 학나래로118번길 47,032-816-9788,https://theborndb.theborn.co.kr/wp-content/uploads/20211007_100758.jpg,07:00 ~ 23:00,연중무휴,테이블 3개 / 좌석 6석,불가,,111395,104658
1060,7763,세종소담점,빽다방,세종특별자치시,세종특별자치시 한누리대로 2016번지 1층,044-862-9290,https://theborndb.theborn.co.kr/wp-content/uploads/20211007_100331.jpg,"일~목 08:30 ~ 21:30
금~토 08:30 ~ 22:00",연중무휴,테이블 12개 / 좌석 24석,건물 주차장 이용 가능,,111397,104668
1061,7761,안양석수중앙점,빽다방,경기도,경기도 안양시 만안구 안양로 483(석수동 319-1),031-8068-8868,https://theborndb.theborn.co.kr/wp-content/uploads/20211007_100053.jpg,08:00 ~ 22:00,연중무휴,테이블 11개 / 좌석 22석,불가,,114363,104640
1062,7759,중계씨앤미점,빽다방,서울특별시,서울특별시 노원구 동일로204가길 34,02-2243-1544,https://theborndb.theborn.co.kr/wp-content/uploads/20241023_052006.png,08:00 ~ 22:00,연중무휴,테이블 6개 / 좌석 12석,불가,,114301,104692
1063,7757,천안불당호반점,빽다방,충청남도,"충청남도 천안시 불당 34길 3-17, 1층",041-553-3113,https://theborndb.theborn.co.kr/wp-content/uploads/20211122_030456.jpg,08:00 ~ 21:00,연중무휴,테이블 10개 / 좌석 20석,지하주차장 이용 가능 (지하 1층),,111398,104670
1064,7747,돈암점,빽다방,서울특별시,서울특별시 성북구 동선동4가 98-2,02-953-2351,https://theborndb.theborn.co.kr/wp-content/uploads/20211006_031630.jpg,08:00 ~ 22:00,연중무휴,테이블 14개 / 좌석 28석,불가,,111391,104643
1065,7744,인천서운산업단지점,빽다방,인천광역시,"인천광역시 계양구 서운산단로 3길 4, sb타워 107호",032-555-9313,https://theborndb.theborn.co.kr/wp-content/uploads/20211006_031418.jpg,"평일 07:30 ~ 19:00(아이스크림 마감 18:00)
주말, 공휴일 09:00 ~ 18:00(아이스크림 마감 17:00)",연중무휴,테이블 7개 / 좌석 14석,지하주차장 이용 가능,,111392,104650
1066,7731,하남미사역점,빽다방,경기도,"경기도 하남시 미사강변동로 85(망월동1106), 힐스테이트 에코 미사 111호",031-796-2329,https://theborndb.theborn.co.kr/wp-content/uploads/20210930_084837.jpg,"일~목 08:00 ~ 22:30
금, 토 08:00 ~ 23:00",연중무휴,테이블 8개 / 좌석 11석,지하주차장 이용 가능,,111291,104649
1067,7729,대전용운에코포레점,빽다방,대전광역시,대전광역시 동구 용운동 297 1층,042-285-5552,https://theborndb.theborn.co.kr/wp-content/uploads/20210930_081401.jpg,09:00 ~ 22:00,연중무휴,테이블 10개 / 좌석 22석,가능,,111389,104637
1068,7726,동탄영천K밸리점,빽다방,경기도,경기 화성시 동탄첨단산업1로 14 동탄케이밸리 1층 112호,031-612-7161,https://theborndb.theborn.co.kr/wp-content/uploads/20210930_080659.jpg,"평일 07:30 ~ 19:00
주말 09:00 ~ 17:00",연중무휴,테이블 7개 / 좌석 14석,건물 주차장 이용 가능 (유료),,111303,104671
1069,7724,충북혁신도시진천점,빽다방,충청북도,충청북도 진천군 덕산읍 시가로 14,043-535-8672,https://theborndb.theborn.co.kr/wp-content/uploads/20210930_075553.jpg,"평일 08:00 ~ 21:00
주말,공휴일 09:00 ~ 21:00",연중무휴,테이블 15개 / 좌석 36석,불가,,111297,104657
1070,7712,청주테크노폴리스점,빽다방,충청북도,"충청북도 청주시 흥덕구 송화로184번길 4, 102호",043-260-2389,https://theborndb.theborn.co.kr/wp-content/uploads/20210929_060557.png,08:00 ~ 21:00,연중무휴,테이블 13개 / 좌석 27석,가능,,111294,104654
1071,7710,강남역CGV점,빽다방,서울특별시,서울특별시 강남구 테헤란로1길 48,02-566-5353,https://theborndb.theborn.co.kr/wp-content/uploads/20210929_055950.png,07:30 ~ 22:00,연중무휴,테이블 2개 / 좌석 4석,불가,,111393,104653
1072,7705,제주봉개DT점,빽다방,제주도,제주특별자치도 제주시 봉개동 598,064-755-8686,https://theborndb.theborn.co.kr/wp-content/uploads/20210924_055507.jpg,"평일 07:00 ~ 20:00
주말 07:00 ~ 21:00",연중무휴,테이블 41개 / 좌석 82석,12대 가능,,114844,
1073,7700,경북고령중앙점,빽다방,경상북도,경상북도 고령군 대가야읍 중앙로 13-1 (구. 헌문리234번지),054-906-9828,https://theborndb.theborn.co.kr/wp-content/uploads/20210923_011508.jpg,"평일 10:00 ~ 20:00
주말 09:30 ~ 20:00",연중무휴,Take-Out 전용,불가,,111273,104623
1074,7696,제주연동긱스타점,빽다방,제주도,"제주특별자치도 제주시 연동13길 3(연동,진선엘트빌) 1층",,https://theborndb.theborn.co.kr/wp-content/uploads/20210923_011128.jpg,24시간 운영,연중무휴,,불가,,111314,
1075,7693,충남금산점,빽다방,충청남도,충청남도 금산군 금산읍 비단로 319,041-754-5100,https://theborndb.theborn.co.kr/wp-content/uploads/20210923_010812.jpg,08:00 ~ 22:00,연중무휴,테이블 18개 / 좌석 36석,불가,,113782,104582
1076,7676,전주효자LH점,빽다방,전라북도,전라북도 전주시 완산구 효자동2가 1332-1,063-714-2119,https://theborndb.theborn.co.kr/wp-content/uploads/20210916_093404.jpg,08:00 ~ 22:00,연중무휴,테이블 22개 / 좌석 50석,불가,,111162,104600
1077,7671,서귀포하원점,빽다방,제주도,제주특별자치도 서귀포시 일주서로 443,064-803-0110,https://theborndb.theborn.co.kr/wp-content/uploads/20220217_044131.jpg,08:00 ~ 21:00,연중무휴,테이블 12개 / 좌석 24석(바테이블 1개),가능,,111284,104639
1078,7664,마곡역류마타워점,빽다방,서울특별시,서울특별시 강서구 마곡동 798-2(공항대로 164) 류마타워 105호,02-6080-2912,https://theborndb.theborn.co.kr/wp-content/uploads/20210910_032415.jpg,08:00 ~ 22:00,연중무휴,테이블 9개 / 좌석 18석,지하주차장 이용 가능 (유료),,111274,104624
1079,7657,전주본병원점,빽다방,전라북도,전북특별자치도 전주시 완산구 유연로 275,063-272-2922,https://theborndb.theborn.co.kr/wp-content/uploads/20210908_052224.jpg,"평일 08:00 ~ 21:00
토요일 08:00 ~ 21:00
일요일 09:00 ~ 21:00",연중무휴,테이블 15개 / 좌석 30석,불가,,114817,104613
1080,7655,대전보건대점,빽다방,대전광역시,대전 동구 우암로 329 1층(가양동),042-622-7780,https://theborndb.theborn.co.kr/wp-content/uploads/20210908_025917.jpg,08:00 ~ 22:00,연중무휴,테이블 12개 / 좌석 24석,"take-out 고객 주,정차 잠시 가능",,111385,104625
1081,7651,뚝섬역점,빽다방,서울특별시,서울특별시 성동구 성수동1가 14-51,02-6349-2800,https://theborndb.theborn.co.kr/wp-content/uploads/20210908_024700.jpg,"평일 07:30 ~ 19:30
토요일 10:00 ~ 19:00",매주 일요일,테이블 6개 / 좌석 12석,불가,,111283,104638
1082,7646,마곡역로뎀타워점,빽다방,서울특별시,"서울특별시 강서구 마곡동 799-1, 로뎀타워1층 127호",02­-6015-8860,https://theborndb.theborn.co.kr/wp-content/uploads/20210906_050511.jpg,07:30 ~ 21:00,연중무휴,테이블 8개 / 좌석 16석,가능 (유료),,111262,104602
1083,7642,석촌고분역점,빽다방,서울특별시,서울특별시 송파구 삼전동 101-9 (백제고분로 257),02-422-8526,https://theborndb.theborn.co.kr/wp-content/uploads/20210906_025730.jpg,08:00 ~ 21:30,연중무휴,테이블 4개 / 좌석 8석,불가,,111257,104586
1084,7640,송도랜드마크시티점,빽다방,인천광역시,"인천광역시 연수구 랜드마크로 68, 1층 40호",032-859-2006,https://theborndb.theborn.co.kr/wp-content/uploads/20240307_030142.png,"월~토 08:00 ~ 22:00(아이스크림 마감 21:00)
일요일 09:00 ~ 21:00(아이스크림 마감 20:00)",연중무휴,테이블 10개 / 좌석 22석,구매 시 1시간 제공(회차 30분이내 무료),,111272,104622
1085,7630,대구알파시티점,빽다방,대구광역시,대구광역시 수성구 시지동 584-1,053-791-4373,https://theborndb.theborn.co.kr/wp-content/uploads/20210901_095704.jpg,08:00 ~ 22:00,연중무휴,테이블 4개 / 좌석 8석,불가,,111271,104621
1086,7627,광주소촌점,빽다방,광주광역시,"광주광역시 광산구 소촌로 147, 1층 109호",062-943-8855,https://theborndb.theborn.co.kr/wp-content/uploads/20210901_095326.jpg,"월~토 08:00 ~ 22:00
일요일 09:00 ~ 22:00",연중무휴,테이블 8개 / 좌석 16석,매장 뒤 무료 주차,,111282,104636
1087,7614,부천U1센터점,빽다방,경기도,"경기도 부천시 조마루로385번길 92, 1층 116호(원미동)",032-240-6060,https://theborndb.theborn.co.kr/wp-content/uploads/20220523_085948.jpg,평일 07:00 ~ 19:30,주말 및 공휴일,테이블 14개 / 좌석 28석,불가,,111248,104569
1088,7610,삼양동사거리점,빽다방,서울특별시,서울특별시 강북구 삼양로 169 (미아동),02-980-3382,https://theborndb.theborn.co.kr/wp-content/uploads/20230428_052131.jpg,"평일 08:00 ~ 22:00
주말 09:00 ~ 22:00",연중무휴,테이블 8개 / 좌석 16석,불가,,111163,
1089,7608,옥정다올스퀘어점,빽다방,경기도,경기도 양주시 옥정동 1049-4( 옥정로 139) 다올스퀘어빌딩 1층 109호,031-857-9849,https://theborndb.theborn.co.kr/wp-content/uploads/20210830_093633.jpg,08:00 ~ 21:00,연중무휴,테이블 6개 / 좌석 13석,지하주차장 이용 가능,,111258,104588
1090,7607,봉화산역점,빽다방,서울특별시,서울 중랑구 신내로 211 금강리빙스텔 1층 121호,02-3421-7971,https://theborndb.theborn.co.kr/wp-content/uploads/20210831_064503.jpg,08:00 ~ 21:30,연중무휴,테이블 4개 / 좌석 8석,불가,,114779,104585
1091,7605,수원북문점,빽다방,경기도,"경기도 수원시 장안구 정조로 933번길 3, 1층",031-8031-5008,https://theborndb.theborn.co.kr/wp-content/uploads/20241230_090031.png,"일-목요일 08:00 ~ 20:00
금요일 08:00 ~ 20:30
토요일 08:00 ~ 21:00",연중무휴,테이블 13개 / 좌석 28석,불가,,114411,104570
1092,7593,구일역점,빽다방,서울특별시,"서울특별시 구로구 구일로 8길 56, 구일프라자 1층 102호(구로동)",02-858-1236,https://theborndb.theborn.co.kr/wp-content/uploads/20210825_081120.jpg,07:30 ~ 22:30,연중무휴,테이블 2개 / 좌석 4석 (대기 좌석 2석),불가,,111261,104599
1093,7591,전남광양덕례점,빽다방,전라남도,전라남도 광양시 덕례리 1773-6,,https://theborndb.theborn.co.kr/wp-content/uploads/20210825_061802.jpg,08:00 ~ 22:00,연중무휴,테이블 17개 / 좌석 34석,불가,,111254,
1094,7579,광주진월금당점,빽다방,광주광역시,광주광역시 남구 금당로 12-1,062-654-6286,https://theborndb.theborn.co.kr/wp-content/uploads/20210830_091503.jpg,"평일 08:00 ~ 20:30
주말 09:00 ~ 20:30",연중무휴,테이블 3개 / 좌석 6석,없음 (매장 앞 가능),,111154,104587
1095,7554,송도캐슬파크점,빽다방,인천광역시,인천광역시 연수구 송도동 8-20 번지,032-834-0816,https://theborndb.theborn.co.kr/wp-content/uploads/20210817_010820.jpg,"평일 08:00 ~ 22:00
주말 08:00 ~ 21:00",연중무휴,테이블 12개 / 좌석 24석,불가,,111275,104626
1096,7552,성남대원사거리점,빽다방,경기도,경기 성남시 중원구 둔촌대로 389번길 1,031-733-9030,https://theborndb.theborn.co.kr/wp-content/uploads/20251205_035235.jpg,08:00 ~ 21:00,연중무휴,테이블 4개 / 좌석 8석,불가,,114925,
1097,7550,천안목천점,빽다방,충청남도,충청남도 천안시 동남구 목천읍 충절로 896,041-566-4087,https://theborndb.theborn.co.kr/wp-content/uploads/20210817_005851.jpg,08:30 ~ 21:30,연중무휴,테이블 17개 / 좌석 34석,불가,,111126,
1098,7547,신서귀포점,빽다방,제주도,제주도 서귀포시 신중로 26-8,,https://theborndb.theborn.co.kr/wp-content/uploads/20210813_083236.jpg,08:00 ~ 22:00(라스트오더 21:00),연중무휴,,불가,,111042,
1099,7545,광주신창사거리점,빽다방,광주광역시,광주광역시 광산구 신창동 1220-1,062-962-1236,https://theborndb.theborn.co.kr/wp-content/uploads/20210813_043839.jpg,07:30 ~ 22:00,연중무휴,테이블  23석 / 좌석 46석,불가,,111125,104549
1100,7543,송도더테라스점,빽다방,인천광역시,인천광역시 연수구 송도동 316번지 147호,032-833-0805,https://theborndb.theborn.co.kr/wp-content/uploads/20210813_043639.jpg,08:00 ~ 23:00,연중무휴,테이블 11개 / 좌석 22석,가능,,111151,104583
1101,7538,세종다온주유소점,빽다방,세종특별자치시,"세종특별자치시 세종로 1328, 알뜰주유소",044-866-5184,https://theborndb.theborn.co.kr/wp-content/uploads/20210811_024947.jpg,"평일 06:30 ~ 19:30
주말 07:00 ~ 20:00",연중무휴,테이블 2개 / 바테이블 1개 / 좌석 9석,매장 후면 주차 가능,,111158,104594
1102,7534,힐스테이트동탄역점,빽다방,경기도,경기 화성시 동탄기흥로585 상가 126호,031-8043-4344,https://theborndb.theborn.co.kr/wp-content/uploads/20210810_052038.jpg,"평일 07:30 ~ 18:00
주말 09:00 ~ 18:00",연중무휴,테이블 14개 / 좌석 28석,가능,,111136,104562
1103,7523,청주개신점,빽다방,충청북도,충청북도 청주시 서원구 개신도 628,043-234-0628,https://theborndb.theborn.co.kr/wp-content/uploads/20210823_065033.jpg,09:00 ~ 22:00,연중무휴,테이블 19개 / 바테이블 2개 / 좌석 47석,불가,,111138,104564
1104,7521,김해율하점,빽다방,경상남도,"경상남도 김해시 율하3로 45, 101호 (율하동, 유성프라자2)",055-311-7111,https://theborndb.theborn.co.kr/wp-content/uploads/20210806_083231.jpg,08:00 ~ 22:00,연중무휴,테이블 7개 / 좌석 14석,불가,,111140,104567
1105,7519,태백중앙점,빽다방,강원도,강원도 태백시 황지로 164-1,033-552-1363,https://theborndb.theborn.co.kr/wp-content/uploads/20230710_012746.jpg,08:00 ~ 20:00,연중무휴,테이블 15개 / 좌석 31석,불가,,111018,104514
1106,7506,용인수지신봉점,빽다방,경기도,경기도 용인시 수지구 신봉2로 3,031-265-1189,https://theborndb.theborn.co.kr/wp-content/uploads/20210902_072107.jpg,08:00 ~ 22:00,연중무휴,테이블 5개 / 좌석 10석,불가,,114995,
1107,7504,수락산역점,빽다방,서울특별시,"서울특별시 노원구 상계동 1258, 오피앙상가 103호",02-939-0726,https://theborndb.theborn.co.kr/wp-content/uploads/20210803_090215.jpg,08:00 ~ 21:00,연중무휴,테이블 3개 / 좌석 6석,불가,,111109,104524
1108,7499,경산펜타힐즈점,빽다방,경상북도,경상북도 경산시 중산동 635-1 SM타워 117호,053-710-7771,https://theborndb.theborn.co.kr/wp-content/uploads/20231004_021152.jpg,09:00 ~ 22:30,연중무휴,테이블 7개 / 좌석 14석,불가,,111139,104566
1109,7489,중곡시장점,빽다방,서울특별시,서울특별시 광진구 중곡동 192-5(서울 광진구 면목로 145),02-6489-0393,https://theborndb.theborn.co.kr/wp-content/uploads/20210802_092417.jpg,08:00 ~ 22:00,연중무휴,테이블 6개 / 좌석 12석,불가,,111120,104539
1110,7482,청주복대점,빽다방,충청북도,충청북도 청주시 흥덕구 복대동 2926,043-237-5549,https://theborndb.theborn.co.kr/wp-content/uploads/20210730_075543.jpg,"월~목 08:30 ~ 22:00
금~일 08:30 ~ 22:30",연중무휴,테이블 10개 / 좌석 20석,불가,,111107,104520
1111,7479,청라SK뷰점,빽다방,인천광역시,"인천광역시 서구 옥빛로 4, 1층 101호 (청라동)",032-566-4807,https://theborndb.theborn.co.kr/wp-content/uploads/20220517_060847.jpg,07:30 ~ 22:00,연중무휴,테이블 9개 / 좌석 20석,불가,,114263,104516
1112,7477,용인한숲시티점,빽다방,경기도,경기도 용인시 처인구 남사읍 한숲로 54 (아곡리),031-322-1009,https://theborndb.theborn.co.kr/wp-content/uploads/20240827_075501.png,09:00 ~ 20:00,연중무휴,테이블 10개 / 좌석 20석,가능,,115003,
1113,7473,인천국제성모병원점,빽다방,인천광역시,"인천 서구 심곡동 295-1, 102-2호",032-566-8797,https://theborndb.theborn.co.kr/wp-content/uploads/20210729_081313.png,"평일 07:30 ~ 21:00
주말 08:00 ~ 20:00",연중무휴,테이블 20개 / 좌석 40석,가능,,115061,
1114,7471,진해자은점,빽다방,경상남도,"경상남도 창원시 진해구 냉천로 156, B102호",055-542-4277,https://theborndb.theborn.co.kr/wp-content/uploads/20210729_080808.png,09:00 ~ 20:30,연중무휴,테이블 9개 / 좌석 18석,가능(지하주차장),,114455,104552
1115,7464,천안백석환서점,빽다방,충청남도,충남 천안시 서북구 한들3로 78-3 (백석동) 1층,031-716-3888,https://theborndb.theborn.co.kr/wp-content/uploads/20231023_024114.jpg,"평일 08:30 ~ 21:30
주말 08:30 ~ 21:00",연중무휴,테이블 10개 / 좌석 20석,가능,,114481,104519
1116,7452,대전한민시장점,빽다방,대전광역시,대전광역시 서구 가장동 61-19,070-7514-2135,https://theborndb.theborn.co.kr/wp-content/uploads/20210722_065532.jpg,08:00 ~ 22:00,연중무휴,,불가,,111119,104538
1117,7449,송산그린시티점,빽다방,경기도,"경기도 화성시 수노을중앙로 126, 1층 102호 (새솔동)",031-355-1464,https://theborndb.theborn.co.kr/wp-content/uploads/20210722_060945.jpg,08:00 ~ 22:00,연중무휴,테이블 7개 / 좌석 14석,지하주차장 이용 가능,,111001,104479
1118,7447,일산강선점,빽다방,경기도,경기도 고양시 일산서구 중앙로 1413 (주엽동 106-3),031-911-9911,https://theborndb.theborn.co.kr/wp-content/uploads/20250527_030754.png,"월-토요일 07:30 ~ 21:00
일요일 08:00 ~ 20:30",연중무휴,테이블 2개 / 좌석 4석,가능(1시간),,114652,104521
1119,7445,대전정림점,빽다방,대전광역시,대전광역시 서구 정림로 62-1,042-584-2100,https://theborndb.theborn.co.kr/wp-content/uploads/20220804_003612.jpg,08:30 ~ 21:30,연중무휴,테이블 7개 / 좌석 14석,건물 주차장 이용 가능 (1시간 무료),,112431,104517
1120,7443,대전복수점,빽다방,대전광역시,대전 서구 복수동로 40,070-7756-4448,https://theborndb.theborn.co.kr/wp-content/uploads/20210728_070700.jpg,08:30 ~ 21:00,연중무휴,테이블 7개 / 좌석 14석,불가,,112119,104507
1121,7441,일산가좌마을점,빽다방,경기도,경기도 고양시 일산서구 가좌1로 63,031-921-4544,https://theborndb.theborn.co.kr/wp-content/uploads/20210719_072629.png,"평일 08:30 ~ 19:00
주말 08:30 ~ 21:00",연중무휴,테이블 16개 / 좌석 32석,지하주차장 이용 가능,,111026,104523
1122,7439,전주효천지구점,빽다방,전라북도,전라북도 전주시 완산구 효자동2가 1359-6,063-237-2737,https://theborndb.theborn.co.kr/wp-content/uploads/20210719_070931.jpg,09:00 ~ 22:30,연중무휴,테이블 32개 / 좌석 64석,15대 가능,,111007,104492
1123,7437,위례역점,빽다방,경기도,"경기도 성남시 수정구 위례서일로 34, 성희프라자 103호",070-8884-2021,https://theborndb.theborn.co.kr/wp-content/uploads/20210719_070832.png,"평일 07:30 ~ 21:30
주말 08:30 ~ 21:00",연중무휴,테이블 8개 / 좌석 16석,지하주차장 이용 가능 (유료),,111002,104482
1124,7427,평택포승점,빽다방,경기도,경기도 평택시 포승읍 여술2길 24,031-686-6008,https://theborndb.theborn.co.kr/wp-content/uploads/20210716_015825.jpg,09:30 ~ 20:00,연중무휴,테이블 8개 / 좌석 16석,불가,,111014,104505
1125,7425,김포사우점,빽다방,경기도,"경기도 김포시 사우중로 79 (북변동 825), 1층 103호",031-998-7405,https://theborndb.theborn.co.kr/wp-content/uploads/20210716_015528.jpg,09:00 ~ 21:30,연중무휴,테이블 8개 / 좌석 16석,불가 (인근 공영주차장),,111011,104500
1126,7422,대전만년점,빽다방,대전광역시,"대전광역시 서구 둔산대로 117번길 82, 그레이스K 2차 1층 101호 (만년동)",042-477-0111,https://theborndb.theborn.co.kr/wp-content/uploads/20210716_014757.jpg,08:00 ~ 22:00,연중무휴,테이블 12개 / 좌석 24석,건물 주차장 이용 가능,,111098,104483
1127,7420,대전문지점,빽다방,대전광역시,대전광역시 유성구 문지동 649-2,042-864-1224,https://theborndb.theborn.co.kr/wp-content/uploads/20210716_014550.jpg,"평일 09:00 ~ 22:00
주말 10:00 ~ 22:00",연중무휴,테이블 19개(바테이블 3개) / 좌석 54석,불가,,111013,104502
1128,7410,천안원성점,빽다방,충청남도,충청남도 천안시 동남구 버들로 127,041-522-3979​,https://theborndb.theborn.co.kr/wp-content/uploads/20210712_062351.jpg,10:00 ~ 21:00,연중무휴,테이블 19개 /  좌석 35석,불가,,111039,
1129,7395,작전현대점,빽다방,인천광역시,"인천 계양구 효서로 377 (작전동, 현대2차아파트) 1층",032-548-7774,https://theborndb.theborn.co.kr/wp-content/uploads/20210707_062137.jpg,07:00 ~ 21:00,연중무휴,테이블 20개 / 좌석 40석,불가,,114997,
1130,7391,청주율량사천점,빽다방,충청북도,충청북도 청주시 청원구 율봉로 95,043-215-3330,https://theborndb.theborn.co.kr/wp-content/uploads/20210706_070402.png,08:30 ~ 21:30,연중무휴,테이블 10개 / 좌석 20석,불가,,110985,104441
1131,7376,제주법조타워점,빽다방,제주도,"제주특별자치도 제주시 남광북1길 1 (이도이동, 제주법조타워)",064-725-1235,https://theborndb.theborn.co.kr/wp-content/uploads/20210701_082356.jpg,"평일 07:30 ~ 22:00
주말 09:00 ~ 22:00",연중무휴,테이블 16개 / 좌석 26석,가능,,110999,104467
1132,7374,대구침산오페라점,빽다방,대구광역시,대구광역시 북구 침산로 100,053-355-1101,https://theborndb.theborn.co.kr/wp-content/uploads/20240813_092911.png,08:30 ~ 21:30,연중무휴,테이블 8개 / 좌석 16석,가능,,114109,104480
1133,7363,광주첨단2지구점,빽다방,광주광역시,"광주광역시 북구 첨단연신로 107번길 15, 1층 101호(신용동)",062-572-9900,https://theborndb.theborn.co.kr/wp-content/uploads/20210630_081259.jpg,08:00 ~ 21:00,연중무휴,테이블 12개 / 좌석 22석,불가,,110980,104455
1134,7361,경남하동점,빽다방,경상남도,경상남도 하동군 하동읍 경서대로 136,055-882-8870,https://theborndb.theborn.co.kr/wp-content/uploads/20210630_080501.jpg,07:30 ~ 21:00(아이스크림 마감 20:00),연중무휴,테이블 7개 / 좌석 14석,불가,,110975,104375
1135,7359,대전신성점,빽다방,대전광역시,대전광역시 유성구 신성남로 61,042-862-3700,https://theborndb.theborn.co.kr/wp-content/uploads/20210630_080257.jpg,"월~토 08:00 ~ 22:00
일요일 08:00 ~ 21:00",연중무휴,테이블 4개 / 좌석 10석,가능,,114872,104476
1136,7356,먹골역점,빽다방,서울특별시,서울특별시 중랑구 묵동 174-4번지,02-979-2208,https://theborndb.theborn.co.kr/wp-content/uploads/20210630_075753.jpg,"평일 08:00 ~ 21:00
주말 08:00 ~ 22:00",연중무휴,테이블 7개 / 좌석 14석,1대 가능,,110899,104470
1137,7354,성남신구대점,빽다방,경기도,경기도 성남시 중원구 금광동 2399,031-741-4868,https://theborndb.theborn.co.kr/wp-content/uploads/20210630_075502.jpg,"평일 08:00 ~ 22:00
주말 09:00 ~ 22:00",연중무휴,테이블 18개 / 좌석 36석,불가,,110988,104468
1138,7348,당진기지시점,빽다방,충청남도,충청남도 당진시 송악읍 반촌로 70-17,070-7576-4334,https://theborndb.theborn.co.kr/wp-content/uploads/20210629_011509.jpg,"평일 08:00 ~ 22:00
주말 09:00 ~ 21:00",연중무휴,테이블 13개 / 좌석 29석,가능,,114910,
1139,7346,제주연동사거리점,빽다방,제주도,"제주특별자치도 제주시 선덕로1, 103호",064-743-0179,https://theborndb.theborn.co.kr/wp-content/uploads/20210628_031954.png,"평일 07:30 ~ 21:30
주말 07:30 ~ 21:00",연중무휴,테이블 4개 / 좌석 8석,가능,,110887,104443
1140,7336,수원권선시장점,빽다방,경기도,경기도 수원시 권선구 세권로 184,031-891-3708,https://theborndb.theborn.co.kr/wp-content/uploads/20210624_032101.jpg,07:30 ~ 22:00,연중무휴,테이블 6개 / 좌석 14석,가능,,114914,
1141,7334,왜관역점,빽다방,경상북도,경상북도 칠곡군 왜관읍 중앙로8길 7,054-920-7571,https://theborndb.theborn.co.kr/wp-content/uploads/20250321_084310.png,08:00 ~ 20:30,연중무휴,테이블 5개 / 좌석 12석,불가,,114882,
1142,7332,일산풍동점,빽다방,경기도,"경기도 고양시 일산동구 숲속마을로 44, 102호",031-903-4367,https://theborndb.theborn.co.kr/wp-content/uploads/20210623_082154.png,09:00 ~ 22:00,연중무휴,테이블 6개 / 좌석 12석,공영주차장,,110978,104451
1143,7330,빽다방 빵연구소 전주기지제호수점,빽다방,전라북도,전라북도 전주시 덕진구 중동로 104-16,063-211-7596,https://theborndb.theborn.co.kr/wp-content/uploads/20210623_081644.jpg,"평일 08:00 ~ 21:00
주말 08:00 ~ 22:00",연중무휴,테이블 40개 / 좌석 80석,지하주차장 이용 가능 (유료),,110951,104342
1144,7326,세종어반아트리움점,빽다방,세종특별자치시,"세종특별자치시 나성북로 30, 퍼스트원 105호",044-865-8099,https://theborndb.theborn.co.kr/wp-content/uploads/20230627_081548.jpg,"월~토 08:00 ~ 21:30
일요일 09:00 ~ 21:30",연중무휴,테이블 6개 / 좌석 12석,주차장 이용 가능 (유료),,110884,104440
1145,7319,충북진천점,빽다방,충청북도,충청북도 진천군 진천읍 상산로 73 (읍내리),043-534-5509,https://theborndb.theborn.co.kr/wp-content/uploads/20210621_013453.jpg,09:00 ~ 22:00,연중무휴,테이블 23개 / 좌석 42석,불가,,110880,104428
1146,7314,호구포역점,빽다방,인천광역시,"인천광역시 남동구 논현동 636-1, 제일프라자 1층 101호",032-428-3522,https://theborndb.theborn.co.kr/wp-content/uploads/20210616_064111.jpg,08:30 ~ 21:30,연중무휴,테이블 9개 / 좌석 18석,불가,,110891,104454
1147,7312,문경모전점,빽다방,경상북도,경상북도 문경시 모전로 61,054-552-2080,https://theborndb.theborn.co.kr/wp-content/uploads/20210628_015224.png,"평일 08:00 ~ 20:00
주말 08:30 ~ 20:00",연중무휴,테이블 24개 / 좌석 52석,가능,,110874,104385
1148,7302,빽다방 빵연구소 아산배방월천점,빽다방,충청남도,충청남도 아산시 배방읍 월천2길 96,041-533-3206,https://theborndb.theborn.co.kr/wp-content/uploads/20210614_030600.jpg,08:00 ~ 22:00,연중무휴,테이블 43개 / 좌석 92석,가능,,110970,104367
1149,7298,나주혁신점,빽다방,전라남도,전라남도 나주시 상야1길 7,0507-0289-9438,https://theborndb.theborn.co.kr/wp-content/uploads/20210614_024040.png,07:30 ~ 22:00,연중무휴,테이블 18개 / 좌석 20석,가능,,114683,104442
1150,7294,고양신원당점,빽다방,경기도,"경기도 고양시 덕양구 고양대로1384번길 7-5 (성사동, 서강프라자)",031-969-4246,https://theborndb.theborn.co.kr/wp-content/uploads/20210610_062810.jpg,"월~토 07:30 ~ 21:30
일요일 08:00 ~ 21:30",연중무휴,테이블 6개 / 좌석 12석,불가,,110973,104444
1151,7292,행당무학점,빽다방,서울특별시,서울특별시 성동구 행당동 317-63,02-2299-0226,https://theborndb.theborn.co.kr/wp-content/uploads/20210726_050727.png,"월-토요일 08:30 ~ 21:30
일요일 08:30 ~ 21:00",연중무휴,바테이블 2개 / 좌석 7석,불가,,110877,
1152,7284,아산역점,빽다방,충청남도,충남 아산시 배방읍 희망로46번길 19-3 104호,070-8657-0195,https://theborndb.theborn.co.kr/wp-content/uploads/20230808_043314.jpg,09:00 ~ 21:00,연중무휴,테이블 6개 / 좌석 12석,지하주차장 이용 가능 (유료),,110878,104414
1153,7280,인천원창북항점,빽다방,인천광역시,인천 서구 원창동 381-68 그리니프라자 104호,032-579-8490,https://theborndb.theborn.co.kr/wp-content/uploads/20240205_064241.png,"평일 07:40 ~ 20:00
토요일 08:30 ~ 20:00
일요일 09:00 ~ 20:00",연중무휴,테이블 13개 / 좌석 26석,불가,,113713,104433
1154,7276,아산순천향대학교점,빽다방,충청남도,충청남도 아산시 신창면 읍내리 582-10,041-910-4999,https://theborndb.theborn.co.kr/wp-content/uploads/20210602_072223.jpg,"평일 08:30 ~ 18:00
주말 09:00 ~ 18:00",연중무휴,테이블 37개 / 좌석 74석,불가,,110881,104430
1155,7273,용인둔전점,빽다방,경기도,경기도 용인시 처인구 포곡읍 둔전리 155-5,031-333-5388,https://theborndb.theborn.co.kr/wp-content/uploads/20210602_044751.jpg,09:00 ~ 22:00,연중무휴,테이블 5개 / 좌석 10석,불가,,110875,104397
1156,7271,일산위시티점,빽다방,경기도,경기 고양시 일산동구 위시티2로11번길 11,0507-0284-4807,https://theborndb.theborn.co.kr/wp-content/uploads/20210601_061117.jpg,"평일 07:30 ~ 21:30
주말 08:00 ~ 21:30",연중무휴,테이블 13개 / 좌석수 28석,불가,,110870,104429
1157,7269,금호금남시장점,빽다방,서울특별시,서울특별시 성동구 금호동 4가 567,02-6015-1838,https://theborndb.theborn.co.kr/wp-content/uploads/20210601_022038.jpg,08:00 ~ 20:50,연중무휴,테이블 4개 / 좌석 8석,불가,,110866,104427
1158,7260,전북부안점,빽다방,전라북도,전북 부안군 부안읍 번영로 123,063-582-0817,https://theborndb.theborn.co.kr/wp-content/uploads/20210531_054458.jpg,08:00 ~ 21:00,연중무휴,테이블 6개 / 좌석 22석,불가,,110869,104398
1159,7258,서귀포올레중앙점,빽다방,제주도,제주 서귀포시 중정로61번길 19,064-733-4780,https://theborndb.theborn.co.kr/wp-content/uploads/20210531_053858.jpg,08:30 ~ 21:00,연중무휴,테이블 10개 / 좌석 20석,불가,,110862,104384
1160,7256,갈산역점,빽다방,인천광역시,인천광역시 부평구 부평대로 293,032-650-5758,https://theborndb.theborn.co.kr/wp-content/uploads/20210531_053322.jpg,"평일 07:00 ~ 21:00
토요일 08:00 ~ 18:30",일요일,테이블 11개 / 좌석 23석,지하주차장 이용 가능,,110863,104411
1161,7254,광주호남대점,빽다방,광주광역시,광주광역시 광산구 선운로 8,062-943-2456,https://theborndb.theborn.co.kr/wp-content/uploads/20210915_101407.png,06:30 ~ 22:00,연중무휴,테이블 25개 / 좌석 66석,가능,,110792,104405
1162,7249,군산나운점,빽다방,전라북도,전라북도 군산시 나운동 95-17,063-462-0724,https://theborndb.theborn.co.kr/wp-content/uploads/20210527_015712.jpg,07:30 ~ 23:00,연중무휴,테이블 13개 / 좌석 26석,가능,,110861,104386
1163,7246,대구월배점,빽다방,대구광역시,대구 달서구 조암로 149 (대천동) 1층,053-632-1010,https://theborndb.theborn.co.kr/wp-content/uploads/20210527_015343.jpg,08:00 ~ 22:00,연중무휴,테이블 10개 / 좌석 20석,불가,,115058,
1164,7243,강원화천점,빽다방,강원도,강원도 화천군 화천읍 중앙로 9,033-442-7773,https://theborndb.theborn.co.kr/wp-content/uploads/20210526_050602.jpg,09:00 ~ 22:00,연중무휴,테이블 21개 / 좌석 42석,불가,,110867,104404
1165,7238,진주역점,빽다방,경상남도,"경상남도 진주시 관문로 7, 율곡스퀘어 프런티어",055-761-9020,https://theborndb.theborn.co.kr/wp-content/uploads/20210526_011403.jpg,08:00 ~ 22:00,연중무휴,테이블 7개 / 좌석 13석,가능,,114069,104350
1166,7236,신용산해링턴점,빽다방,서울특별시,서울 용산구 서빙고로 17(한강로3가) 해링턴스퀘어 판매시설동 1층 9호,02-797-9110,https://theborndb.theborn.co.kr/wp-content/uploads/20220701_014601.jpg,07:00 ~ 22:00,연중무휴,Take-Out 전용 매장 (좌석 X),불가,,112332,104349
1167,7222,장위뉴타운점,빽다방,서울특별시,서울 성북구 장월로 140 (장위동) 1층,02-941-1016,https://theborndb.theborn.co.kr/wp-content/uploads/20220628_051202.jpg,08:00 ~ 22:00,연중무휴,테이블 14개 / 좌석 28석 / 바테이블 1,불가,,112228,104327
1168,7219,안산초지역푸르지오점,빽다방,경기도,경기도 안산시 단원구 화랑로 150(원곡동) 초지역메이저타운 푸르지오-에코상가2동 106호,031-405-1005,https://theborndb.theborn.co.kr/wp-content/uploads/20210524_022713.jpg,08:00 ~ 22:00,연중무휴,테이블 4개 / 좌석 8석,불가,,110783,104388
1169,7214,화순광덕점,빽다방,전라남도,전라남도 화순군 화순읍 중앙로 93,061-371-0099,https://theborndb.theborn.co.kr/wp-content/uploads/20210520_100055.jpg,08:00 ~ 22:00,연중무휴,테이블 8개 / 좌석 16석,가능,,114200,104376
1170,7212,청대사거리점,빽다방,충청북도,충청북도 청주시 청원구 직지대로 890,043-902-0122,https://theborndb.theborn.co.kr/wp-content/uploads/20210520_095834.jpg,09:00 ~ 21:00,"신정, 설날당일, 추석당일",테이블  2개 / 좌석 4석,불가,,110771,104362
1171,7202,전북진안점,빽다방,전라북도,전라북도 진안군 진안읍 진무로 1105-1,063-432-0763,https://theborndb.theborn.co.kr/wp-content/uploads/20210514_045842.jpg,"평일 07:00 ~ 21:00
주말 07:00 ~ 20:00",연중무휴,테이블 7개 / 좌석 14석,불가(인근 공영주차장有),,110668,104359
1172,7200,경산진량점,빽다방,경상북도,경상북도 경산시 진량읍 공단1로 2(진량읍 신상리),053-854-8767,https://theborndb.theborn.co.kr/wp-content/uploads/20230907_010734.jpg,09:00 ~ 22:00,연중무휴,테이블 7개 / 좌석 15석,불가,,110775,104370
1173,7195,부평금호점,빽다방,인천광역시,인천광역시 부평구 원길로 34,070-7537-2559,https://theborndb.theborn.co.kr/wp-content/uploads/20210513_044809.jpg,09:00 ~ 21:00,연중무휴,테이블 8개 / 좌석 16석,불가,,110790,104399
1174,7193,미사스마트밸리점,빽다방,경기도,경기도 하남시 풍산동 490-2(미사강변서로 16) R111호,031-5175-7111,https://theborndb.theborn.co.kr/wp-content/uploads/20210513_044528.jpg,"평일 08:00 ~ 19:00(라스트오더 18:50)
토요일 10:00 ~ 19:00
일요일 10:00 ~ 17:00",연중무휴,테이블 8개(바테이블 1개) / 좌석 19석,가능 (1시간 무료),,110774,104368
1175,7185,대전판암역점,빽다방,대전광역시,대전광역시 동구 옥천로 177,042-282-0507,https://theborndb.theborn.co.kr/wp-content/uploads/20210512_094502.jpg,08:00 ~ 22:00,연중무휴,테이블 1개 / 좌석 3석,불가,,110787,104396
1176,7179,대구동호점,빽다방,대구광역시,대구광역시 동구 신서동 538-1 동화해오름타운 101동 4호,053-965-2224,https://theborndb.theborn.co.kr/wp-content/uploads/20210614_020537.jpg,"평일 07:00 ~ 21:30
주말,공휴일 08:00 ~ 21:30",연중무휴,테이블 6개 / 좌석 12석,불가,,110793,104412
1177,7173,부평남부역점,빽다방,인천광역시,인천광역시 부평구 경인로 948,032-522-0414,https://theborndb.theborn.co.kr/wp-content/uploads/20210511_014754.jpg,"월-토요일 07:30 ~ 22:00
일요일 08:00 ~ 22:00",연중무휴,테이블 6개 / 좌석 12석,지하주차장 이용 가능,,110760,104358
1178,7171,대구용산점,빽다방,대구광역시,대구광역시 달서구 용산서로 9,070-7543-7783,https://theborndb.theborn.co.kr/wp-content/uploads/20210511_015038.jpg,"평일 08:00 ~ 22:00
주말 09:00 ~ 22:00",연중무휴,테이블 8개 / 좌석 16석,불가,,114178,104357
1179,7137,아산테크노밸리점,빽다방,충청남도,충청남도 아산시 둔포면 석곡리 1671 108호,041-546-8751,https://theborndb.theborn.co.kr/wp-content/uploads/20210503_021723.jpg,09:00 ~ 21:00,연중무휴,테이블 12개 / 좌석 24석,가능,,110755,104363
1180,7135,경주로데오점,빽다방,경상북도,경상북도 경주시 계림로 110-2,054-745-6070,https://theborndb.theborn.co.kr/wp-content/uploads/20210503_021520.jpg,"평일 08:00 ~ 21:00
주말 08:30 ~ 21:30",연중무휴,테이블 7개 / 좌석 14석,불가,,114325,104372
1181,7133,고양향동점,빽다방,경기도,경기도 고양시 덕양구 향동동 꽃마을로 4,070-7819-4494,https://theborndb.theborn.co.kr/wp-content/uploads/20210503_021336.jpg,"평일 08:00 ~ 21:00
주말 09:00 ~ 22:00",연중무휴,테이블 9개 / 좌석 18석,불가,,110752,104374
1182,7127,김천구미역점,빽다방,경상북도,경상북도 김천시 혁신1로 50 율곡스퀘어 ktx 117호,054-434-0717,https://theborndb.theborn.co.kr/wp-content/uploads/20210511_015450.jpg,"평일 08:00 ~ 21:00
주말 09:00 ~ 21:00",연중무휴,테이블 14개 / 좌석 26석,불가,김천구미역 도보 3분 거리,111709,104344
1183,7125,여수진남관점,빽다방,전라남도,전라남도 여수시 동문로 9,061-666-7629,https://theborndb.theborn.co.kr/wp-content/uploads/20210429_045041.jpg,09:00 ~ 21:00,연중무휴,테이블 10개 / 좌석 21석,불가,진남관 앞 도보 1분,110753,104348
1184,7105,상봉역점,빽다방,서울특별시,"서울특별시 중랑구 상봉동 113-4, 102호",02-433-0993,https://theborndb.theborn.co.kr/wp-content/uploads/20210503_012721.jpg,"월-목요일 07:30 ~ 21:00
금-토요일 07:30 ~ 22:00
일요일 08:00 ~ 22:00",연중무휴,테이블 6개 / 좌석 12석,불가,,110669,104360
1185,7103,송파사거리점,빽다방,서울특별시,서울시 송파구 가락로 113 금도빌딩 1층,,https://theborndb.theborn.co.kr/wp-content/uploads/20210426_063332.jpg,"평일 08:00 ~ 21:30
주말 09:00 ~ 21:00",연중무휴,테이블 18개 / 좌석 36석,불가,,114950,
1186,7101,대전도마네거리점,빽다방,대전광역시,대전광역시 서구 도산로 38,042-348-1113,https://theborndb.theborn.co.kr/wp-content/uploads/20210426_063219.jpg,"월~토 08:00 ~ 21:00
일요일 09:00 ~ 21:00",연중무휴,테이블 8개 / 좌석 16석,불가,,110651,
1187,7099,광주일곡점,빽다방,광주광역시,광주광역시 북구 설죽로 516 1층,062-572-6699,https://theborndb.theborn.co.kr/wp-content/uploads/20210426_063122.jpg,09:00 ~ 21:30,연중무휴,테이블 8개 / 좌석 16석,2대 가능,,110751,104345
1188,7097,목포용당점,빽다방,전라남도,전라남도 목포시 영산로 257,061-272-0011,https://theborndb.theborn.co.kr/wp-content/uploads/20210426_062721.jpg,09:00 ~ 22:00,연중무휴,테이블 12개 / 좌석 24석,불가,,110747,104297
1189,7095,익산모현점,빽다방,전라북도,전라북도 익산시 모현동1가 822,063-854-7700,https://theborndb.theborn.co.kr/wp-content/uploads/20210426_062007.jpg,08:30 ~ 22:30,연중무휴,테이블 12개 / 좌석 24석,불가,,110652,104330
1190,7092,수원황골마을점,빽다방,경기도,경기도 수원시 영통구 영통로 511,031-202-5988,https://theborndb.theborn.co.kr/wp-content/uploads/20210426_061533.jpg,08:00 ~ 22:00,연중무휴,테이블 6개 / 좌석 12석,불가,,110745,104304
1191,7090,용인동천점,빽다방,경기도,경기도 용인시 수지구 동천동 887번지 1층 108호,031-262-9696,https://theborndb.theborn.co.kr/wp-content/uploads/20210423_095920.jpg,"평일 08:00 ~ 21:00
토요일 09:10 ~ 20:00",일요일,테이블 10개 / 좌석 20석,가능,수지중학교 인근,110750,104307
1192,7088,서산해미점,빽다방,충청남도,충청남도 서산시 해미면 남문2로 123 (읍내리),041-688-8884,https://theborndb.theborn.co.kr/wp-content/uploads/20210423_095741.jpg,09:00 ~ 21:00,연중무휴,테이블 25개 / 좌석 50석,가능,해미읍성 인근,114890,
1193,7086,청주강서점,빽다방,충청북도,"충청북도 청주시 흥덕구 강서로 115, 1층 103, 104호",043-237-2326,https://theborndb.theborn.co.kr/wp-content/uploads/20210423_095245.jpg,08:00 ~ 23:00,연중무휴,테이블 21개 / 좌석 42석,인근 유료 주차장 이용,청주시외버스터미널 도보 50m,114887,
1194,7081,홍성내포청사점,빽다방,충청남도,충청남도 홍성군 홍북읍 청사로48번길 4,041-635-0822,https://theborndb.theborn.co.kr/wp-content/uploads/20210423_094710.jpg,"평일 08:00 ~ 22:00(아이스크림 마감 21:30)
주말 08:00 ~ 21:30(아이스크림 마감 21:00)",연중무휴,테이블 13개 / 좌석 26석,가능,,110643,104318
1195,7078,충북증평점,빽다방,충청북도,충북 증평군 증평읍 중앙로 197 1층 102호,043-836-8999,https://theborndb.theborn.co.kr/wp-content/uploads/20231229_050944.jpg,"평일 08:00 ~ 20:00
주말,공휴일 10:00 ~ 22:00",연중무휴,테이블 21개 / 좌석 56석 / 바테이블 8석,불가,,113618,104303
1196,7056,의정부금오점,빽다방,경기도,경기도 의정부시 청사로47번길 7-24 (금오동),031-851-1800,https://theborndb.theborn.co.kr/wp-content/uploads/20210409_030157.jpg,08:00 ~ 22:00,연중무휴,테이블 10개 / 좌석 21석,불가,의정부 홈플러스 맞은편 먹자골목 안쪽,114706,104305
1197,7041,김포감정점,빽다방,경기도,경기도 김포시 중봉로 12,031-998-3737,https://theborndb.theborn.co.kr/wp-content/uploads/20210405_013543.jpg,08:00 ~ 22:00,연중무휴,테이블 22개 / 좌석 43석,가능,,114636,104299
1198,7039,진주금산점,빽다방,경상남도,경남 진주시 금산면 중천로 80 (장사리),055-758-1428,https://theborndb.theborn.co.kr/wp-content/uploads/20210405_012556.jpg,"평일 07:30 ~ 21:00
주말 08:00 ~ 21:00",연중무휴,테이블 8개 / 좌석 17석,건물내 주차장 이용,,114934,
1199,7037,경남함양점,빽다방,경상남도,경상남도 함양군 함양읍 용평리 691-3,055-963-0316,https://theborndb.theborn.co.kr/wp-content/uploads/20210405_012141.jpg,09:00 ~ 21:00,연중무휴,"테이블 15개 (바테이블 1개) / 좌석 30석 (바의자3석), 대기석 1석",불가,,110556,104263
1200,7035,도봉구민회관점,빽다방,서울특별시,서울특별시 도봉구 도봉로 551,02- 902-1711,https://theborndb.theborn.co.kr/wp-content/uploads/20210402_030843.png,08:00 ~ 21:30,연중무휴,테이블 1개 / 좌석 2석,건물 주차타워 이용 가능,,112422,104277
1201,7033,용답로데오점,빽다방,서울특별시,서울특별시 성동구 용답중앙15길 18,02-2215-2284,https://theborndb.theborn.co.kr/wp-content/uploads/20210401_054155.png,"평일 07:15 ~ 21:00
주말 08:00 ~ 21:00",연중무휴,테이블 5개 / 좌석 10석,불가,,110627,104278
1202,7031,동묘역점,빽다방,서울특별시,서울시 종로구 종로334,02-745-7080,https://theborndb.theborn.co.kr/wp-content/uploads/20210401_053702.png,"평일 07:30 ~ 19:00
주말 09:00 ~ 19:00",연중무휴,테이블 2개  / 좌석 4석,불가,,112590,104217
1203,7029,군포첨단점,빽다방,경기도,경기도 군포시 번영로 40,031-462-0307,https://theborndb.theborn.co.kr/wp-content/uploads/20210401_050926.png,"평일 08:00 ~ 21:30
토요일 08:00 ~ 21:00
일요일 09:00 ~ 20:00",연중무휴,테이블 12개 / 좌석 24석,불가,,110636,104301
1204,7027,홍대거리점,빽다방,서울특별시,서울특별시 마포구 어울마당로 75,02-336-3221,https://theborndb.theborn.co.kr/wp-content/uploads/20210401_044626.png,09:00 ~ 23:00,연중무휴,테이블 6개 / 좌석 12석,불가,,110635,104300
1205,7025,안성중앙로점,빽다방,경기도,경기도 안성시 중앙로379번길 4,031-677-9633,https://theborndb.theborn.co.kr/wp-content/uploads/20241220_072033.png,"월~토 08:30 ~ 22:00
일요일 09:00 ~ 21:00",연중무휴,테이블 9개 / 좌석 18석,불가,,110638,101985
1206,7021,대림역점,빽다방,서울특별시,서울시 영등포구 도림로 144,02-832-8188,https://theborndb.theborn.co.kr/wp-content/uploads/20210330_033004.png,"평일 07:30 ~ 20:30
일요일 08:30 ~ 20:30",연중무휴,테이블 16개 / 좌석 32석,불가,,113759,104306
1207,7019,석계중앙점,빽다방,서울특별시,서울 성북구 한천로78길 63,02-960-7686,https://theborndb.theborn.co.kr/wp-content/uploads/20210330_032510.png,"평일 07:30 ~ 21:30
주말 07:30 ~ 22:00",연중무휴,테이블 6개 / 좌석 12석,불가,,110559,104269
1208,7011,목포석현점,빽다방,전라남도,전라남도 목포시 영산로 626,061-283-2979,https://theborndb.theborn.co.kr/wp-content/uploads/20210329_023705.png,09:00 ~ 22:00,연중무휴,테이블 17개 / 좌석 35석,불가,,110632,104287
1209,7008,용인구성언남점,빽다방,경기도,"경기도 용인시 기흥구 구성로 102, 1층 114호",031-286-0316,https://theborndb.theborn.co.kr/wp-content/uploads/20210329_021432.png,09:00 ~ 21:00,연중무휴,테이블 10개 / 좌석 20석,가능,,110543,104224
1210,7006,무안남악시장점,빽다방,전라남도,전라남도 무안군 삼향읍 남악5로48번길 5,061-283-5114,https://theborndb.theborn.co.kr/wp-content/uploads/20210329_020846.png,08:00 ~ 22:00,연중무휴,테이블 22개 / 좌석 44석,불가,,110563,104274
1211,7001,인천가좌점,빽다방,인천광역시,인천광역시 서구 원적로 96  1층,032-572-9185,https://theborndb.theborn.co.kr/wp-content/uploads/20250108_090934.png,08:00 ~ 20:00,연중무휴,없음 (테이크아웃 매장),불가,인천가좌 시장 입구,114412,104272
1212,6980,삼미시장점,빽다방,경기도,경기도 시흥시 삼미시장4길 18,070-7537-0726,https://theborndb.theborn.co.kr/wp-content/uploads/20210315_073256.png,평일 08:30 ~ 20:00(아이스크림 마감 19:00),연중무휴,테이블 11개 / 좌석 24석,불가,,110555,104262
1213,6976,청라호수공원점,빽다방,인천광역시,"인천 서구 청라루비로 99 (청라동, 대우메디피아빌딩), 1층 105호",032-561-5989,https://theborndb.theborn.co.kr/wp-content/uploads/20210315_065233.png,07:00 ~ 22:00,연중무휴,테이블 20개 / 좌석 40석,지하주차장 이용 가능(유료),,114814,104275
1214,6972,고창군청점,빽다방,전라북도,전라북도 고창군 고창읍 읍내리 229-9,063 -561-6333,https://theborndb.theborn.co.kr/wp-content/uploads/20210312_052430.png,08:00 ~ 22:00,연중무휴,"테이블 7개, 바테이블 1개 / 좌석 18석",불가,,110557,104267
1215,6962,포항우현점,빽다방,경상북도,경북 포항시 북구 아치로 9 (우현동) 1층,054-254-0105,https://theborndb.theborn.co.kr/wp-content/uploads/20210310_023254.png,08:00 ~ 22:00,연중무휴,테이블 6개 / 좌석 12석,불가,,114763,
1216,6960,세종아름점,빽다방,세종특별자치시,세종특별자치시 아름동 1293 해피라움 105호,044-715-5699,https://theborndb.theborn.co.kr/wp-content/uploads/20230627_081731.jpg,"평일 08:30 ~ 21:00
주말 09:00 ~ 21:00",연중무휴,테이블 8개 / 좌석 16석,지하주차장 이용 가능,해피리움 1차,110486,
1217,6958,화양사거리점,빽다방,서울특별시,서울특별시 성동구 성수동2가 281-16(아차산로17길 57),02-6466-5599,https://theborndb.theborn.co.kr/wp-content/uploads/20210310_022832.jpg,"평일 07:30 ~ 21:30
주말 08:00 ~ 20:00",연중무휴,테이블 16개 / 좌석 32석,불가,화양사거리 인근,110541,104207
1218,6956,수지성복점,빽다방,경기도,경기도 용인시 수지구 성복1로 106,031-261-0181,https://theborndb.theborn.co.kr/wp-content/uploads/20220713_002624.jpg,08:00 ~ 22:00,연중무휴,테이블 13개 / 좌석 26석,상가 주차장 이용 가능 (1시간 이내),,112300,
1219,6954,서정리역점,빽다방,경기도,경기도 평택시 서정동 318-15(정암로 6),031-664-9989,https://theborndb.theborn.co.kr/wp-content/uploads/20210310_022553.jpg,"평일 08:00 ~ 22:00
주말/공휴일 09:00 ~ 21:00",연중무휴,테이블 7개 / 좌석 15석,불가,서정리역 1번출구 도보 50m,110553,104257
1220,6951,나주듀플렉스호텔점,빽다방,전라남도,전라남도 나주시 배멧2길 13 듀플렉스호텔 1층,061-332-4502,https://theborndb.theborn.co.kr/wp-content/uploads/20210310_022302.jpg,"평일 08:00 ~ 20:00
주말 09:00 ~ 20:00",연중무휴,테이블 16개 (바테이블 2개) / 32석 (바테이블14석),가능,나주 별가람신도시 듀블렉스호텔,111715,104280
1221,6948,영천시청점,빽다방,경상북도,경상북도 영천시 충효로 74,054-337-8045,https://theborndb.theborn.co.kr/wp-content/uploads/20210310_022403.png,07:30 ~ 23:30,연중무휴,테이블 12개 / 좌석 24석,불가,,110550,
1222,6946,신정네거리역점,빽다방,서울특별시,서울시 양천구 중앙로 276 1층,02-2643-0101,https://theborndb.theborn.co.kr/wp-content/uploads/20210310_015259.png,"평일 07:30 ~ 20:30
일요일 08:30 ~ 20:30",연중무휴,테이블 9개 / 좌석 17석,불가,,110558,104268
1223,6944,전주에코시티점,빽다방,전라북도,전북 전주시 덕진구 세병로 22 1층 103호,063-275-5632,https://theborndb.theborn.co.kr/wp-content/uploads/20210310_012232.jpg,09:00 ~ 21:00,연중무휴,테이블 14개 / 좌석 28석,불가,전주에코시티 포레나 아파트 앞,110540,102418
1224,6942,대전건양대병원점,빽다방,대전광역시,대전광역시 서구 관저동 1896,042-716-0910,https://theborndb.theborn.co.kr/wp-content/uploads/20210309_093029.jpg,07:30 ~ 21:00,연중무휴,테이블 24개 / 좌석 56석,가능,대전 건양대 병원 후문 50m,114337,104264
1225,6925,청라좋은병원점,빽다방,인천광역시,"인천광역시 서구 청라에메랄드로 84, 청라딜라이트2차 104호",032-278-5511,https://theborndb.theborn.co.kr/wp-content/uploads/20230302_012825.png,"평일 08:00 ~ 21:00
주말 08:00 ~ 22:00",연중무휴,테이블 6개 / 좌석 16석,해당 상가 지하 주차장 이용 가능,청라좋은병원 맞은편 도보 1분,111738,104255
1226,6921,제주동광육거리점,빽다방,제주도,제주특별자치도 서귀포시 안덕면 신화역사로 502,064-794-0060,https://theborndb.theborn.co.kr/wp-content/uploads/20210222_024925.jpg,07:40 ~ 21:30,연중무휴,테이블 11개 / 좌석 25석 (바테이블 1개),불가,제주동광육거리 인근,110487,104242
1227,6919,제주연북로점,빽다방,제주도,제주특별자치도 제주시 과원북4길 19 (노형동) 1층,,https://theborndb.theborn.co.kr/wp-content/uploads/20210222_024515.jpg,"평일 07:00 ~ 21:00
주말 08:00 ~ 21:00",연중무휴,테이블 14개 / 좌석 14석 (바테이블 6석),불가,,114978,
1228,6917,태전한아람초점,빽다방,경기도,"경기도 광주시 태봉로 145-1, 1층 104호 (태전동, 세진상가)",031-767-2691,https://theborndb.theborn.co.kr/wp-content/uploads/20210219_052131.jpg,07:40 ~ 23:00,연중무휴,테이블 6석 / 좌석 12석 (바테이블 2석),매장 뒤쪽,태전한아람초등학교 건너편 건물,110493,104260
1229,6915,강동구청점,빽다방,서울특별시,서울시 강동구 성내로3길 1,0507-0288-9558,https://theborndb.theborn.co.kr/wp-content/uploads/20241031_063621.png,"평일 07:30 ~ 22:00
주말 08:00 ~ 22:00",연중무휴,테이블 4개 / 좌석 4석,불가,강동구청역 2번 출구 도보 50m,114284,104218
1230,6913,삼호대불점,빽다방,전라남도,전라남도 영암군 삼호읍 대불주거5로 6,061-464-9903,https://theborndb.theborn.co.kr/wp-content/uploads/20210219_051452.jpg,09:00 ~ 22:00,연중무휴,테이블 7개 / 좌석 17석,불가,영암삼호대불산단 중흥S클래스 리버티 아파트 앞,110472,104212
1231,6911,정읍상동점,빽다방,전라북도,전라북도 정읍시 상동 183-5,063-538-6669,https://theborndb.theborn.co.kr/wp-content/uploads/20210219_051104.jpg,08:00 ~ 22:00,연중무휴,테이블 15개 / 좌석 30석 (바테이블 3석),불가,우미아파트 앞,110474,104214
1232,6907,오창과학단지점,빽다방,충청북도,충청북도 청주시 청원구 오창읍 오창중앙로 121,043-212-6441,https://theborndb.theborn.co.kr/wp-content/uploads/20210218_021445.jpg,07:00 ~ 22:00,연중무휴,테이블 11개 / 좌석 15석,가능(지하 주차장),오창과학단지 인근 (도보 5분거리),114028,104256
1233,6891,대구서구청점,빽다방,대구광역시,대구 서구 국채보상로 254 (평리동) 1층,070-8877-7979,https://theborndb.theborn.co.kr/wp-content/uploads/20220407_052659.jpg,07:30 ~ 21:00,연중무휴,테이블 6개 / 좌석 12석,불가,,115114,
1234,6886,가오리역점,빽다방,서울특별시,서울특별시 강북구 수유동 339-6,02-991-0037,https://theborndb.theborn.co.kr/wp-content/uploads/20210208_010842.jpg,08:00 ~ 22:00,연중무휴,테이블 13개 / 좌석 26석,불가,우이신설선 가오리역 2번 출구 후방 100M,110482,104235
1235,6882,아산탕정점,빽다방,충청남도,충청남도 아산시 탕정면 탕정면로8번길 33-14 (명암리),041-544-2022,https://theborndb.theborn.co.kr/wp-content/uploads/20250203_064039.png,"평일 07:00 ~ 23:00
주말 08:00 ~ 23:00",연중무휴,테이블 14개 / 좌석 32석,불가,,114503,104186
1236,6873,천안시청점,빽다방,충청남도,충청남도 천안시 서북구 불당동 1489(불당25로 208),041-522-6677,https://theborndb.theborn.co.kr/wp-content/uploads/20210201_011101.jpg,"월-토요일 08:00 ~ 21:00
일요일/공휴일 09:00 ~ 21:00",연중무휴,테이블 9 / 좌석 18,불가,천안시청 인근,110464,104181
1237,6867,덕양구청점,빽다방,경기도,경기도 고양시 덕양구 화정로 53-1 글로리아 프라자 105호,031-962-1003,https://theborndb.theborn.co.kr/wp-content/uploads/20210129_014851.jpg,08:00 ~ 21:00,연중무휴,바테이블 1개 / 좌석 4석,지하주차장 이용 가능,화정역 3번출구 도보 3분거리,110476,104216
1238,6851,춘천한림대점,빽다방,강원도,강원도 춘천시 삭주로 64 (교동 15-3),033-241-2501,https://theborndb.theborn.co.kr/wp-content/uploads/20210127_051014.jpg,"평일 08:00 ~ 22:00
주말 09:00 ~ 22:00",연중무휴,테이블 8개 / 좌석 16석,불가,한림대학교 정문 앞,110458,104090
1239,6805,대전중구청점,빽다방,대전광역시,대전광역시 중구 대흥동 469-5(보문로 258),070-4647-2914,https://theborndb.theborn.co.kr/wp-content/uploads/20210111_024651.jpg,"평일 07:30 ~ 22:30
주말 08:00 ~ 22:30",연중무휴,테이블 20개 / 좌석 36석,불가,,110459,104144
1240,6801,아산북수점,빽다방,충청남도,"충청남도 아산시 배방읍북수서로 34, 105호",041-910-0410,https://theborndb.theborn.co.kr/wp-content/uploads/20210108_044013.jpg,10:00 ~ 21:00,매주 월요일,테이블 5개 / 좌석 10석 (바테이블 2석),가능,,114430,104122
1241,6797,상도e편한점,빽다방,서울특별시,서울특별시 동작구 만양로6 이편한세상 상도노빌리티 1층 106호,02-817-5588,https://theborndb.theborn.co.kr/wp-content/uploads/20210107_025326.jpg,08:00 ~ 22:00(아이스크림 마감 20:00),연중무휴,테이블 3 (6석) / 바테이블 1 (4석),불가,상도역 3번 출구에서 도보 3분,110389,104175
1242,6795,무안오룡점,빽다방,전라남도,"전라남도 무안군 일로읍 오룡중앙둥로 37, 1층 111·112호(오룡 에듀포레 푸르지오)",061-281-7215,https://theborndb.theborn.co.kr/wp-content/uploads/20210106_045856.jpg,08:00 ~ 21:00,연중무휴,15 테이블 / 30 좌석 (바테이블 3),불가,일로농협 옆가게,112031,104130
1243,6777,판교역점,빽다방,경기도,"경기도 성남시 분당구 대왕판교로 606번길 31, 1층 104호",031-706-6888,https://theborndb.theborn.co.kr/wp-content/uploads/20210104_031602.jpg,"평일 07:00 ~ 21:30
토요일 08:00 ~ 21:30
일요일 08:30 ~ 20:00",연중무휴,7 테이블 / 14 좌석,불가,판교역 1번출구로 도보 183m 지점 위치,110290,104143
1244,6775,방학역점,빽다방,서울특별시,서울특별시 도봉구 도봉로 153길 20,02-954-8748,https://theborndb.theborn.co.kr/wp-content/uploads/20210104_031228.jpg,"평일 08:30 ~ 22:00
주말 및 공휴일 09:00 ~ 22;00",연중무휴,테이블 8개 / 좌석 16석,불가,신도봉시장으로 도보 110m 지점 위치,110363,104141
1245,6773,수유역점,빽다방,서울특별시,서울특별시 강북구 번동 418-3 (도봉로 352),02-998-3344,https://theborndb.theborn.co.kr/wp-content/uploads/20210104_030840.jpg,07:30 ~ 23:00,연중무휴,7 테이블 / 14 좌석,불가,수유역 1번 출구 인근,110354,110413
1246,6770,대전중리점,빽다방,대전광역시,대전광역시 대덕구 중리북로 41,042-672-2010,https://theborndb.theborn.co.kr/wp-content/uploads/20210104_030148.jpg,"월~토 09:00 ~ 21:00
일요일 10:00 ~ 21:00",연중무휴,7 테이블 / 14 좌석,불가,"중리중학교, 중리고등학교에서 도보 5분거리",110364,104124
1247,6744,영종운서역점,빽다방,인천광역시,인천광역시 중구 운서동 2803-1,032-746-9274,https://theborndb.theborn.co.kr/wp-content/uploads/20201223_092104.jpg,07:30 ~ 23:00,연중무휴,테이블 12개 / 좌석 30석,가능 (1시간 이용),공항철도 운서역 도보50m,110279,104127
1248,6742,대전관저더샵점,빽다방,대전광역시,"대전광역시 서구 관저로 23, 1층 105호(관저동)",042-541-6478,https://theborndb.theborn.co.kr/wp-content/uploads/20201223_091749.jpg,09:00 ~ 21:00,명절당일,테이블 4 / 좌석 8 (바테이블 3인),불가,금동초등학교 사거리 도보 50m,110281,104129
1249,6740,인천계양맛길점,빽다방,인천광역시,"인천광역시 계양구 도두리로 33, 102호",032-556-0602,https://theborndb.theborn.co.kr/wp-content/uploads/20201223_091550.jpg,"월-토요일 09:00 ~ 21:00
일요일 09:00 ~ 20:00",연중무휴,테이블 12개 / 좌석 24석,지하주차장 이용 가능,까치공원 앞,110353,104160
1250,6723,안양박달시장점,빽다방,경기도,경기 안양시 만안구 양화로 130,031-443-1040,https://theborndb.theborn.co.kr/wp-content/uploads/20201221_011659.jpg,08:40 ~ 22:00 (라스트오더 22:00),연중무휴,테이블 12개 / 좌석 23석,불가,,114930,
1251,6721,충북영동점,빽다방,충청북도,충청북도 영동군 영동읍 계산로 3,043-742-7890,https://theborndb.theborn.co.kr/wp-content/uploads/20201218_085749.jpg,10:00 ~ 21:00,연중무휴,테이블 26 / 좌석 40,불가,,110352,104003
1252,6705,부평장제로점,빽다방,인천광역시,"인천광역시 부평구 장제로 99, 벨라루체 104",032-710-2680,https://theborndb.theborn.co.kr/wp-content/uploads/20210730_092720.jpg,08:00 ~ 21:30,연중무휴,테이블 10개 / 좌석 20석,불가,,110265,104102
1253,6701,다산롯데캐슬점,빽다방,경기도,"경기도 남양주시 다산중앙로146번길 22 (다산동, 다산진건지구 상업2-6-1)",031) 564-0701,https://theborndb.theborn.co.kr/wp-content/uploads/20220311_003557.jpg,08:00 ~ 22:00,연중무휴,테이블 7개 / 좌석 16석,해당 상가 지하 주차장 이용 가능,,110261,104098
1254,6697,망우역사거리점,빽다방,서울특별시,"서울특별시 중랑구 망우동 479, 한일씨너스빌리젠시 1단지",02-433-8825,https://theborndb.theborn.co.kr/wp-content/uploads/20201209_090408.jpg,"월-목요일 07:30 ~ 23:00
금요일 07:30 ~ 23:30
주말 09:00 ~ 23:30",연중무휴,테이블 4개 / 좌석 9석,불가,,110346,104092
1255,6695,양주고읍점,빽다방,경기도,경기 양주시 고읍남로 7 센터 656 105호,031-846-4536,https://theborndb.theborn.co.kr/wp-content/uploads/20201209_085959.jpg,"평일 08:00 ~ 21:00
주말 08:00 ~ 21:00",연중무휴,테이블 11개 / 좌석 22석,건물 주차장 이용 가능 (유료/2시간 무료),양주새마을금고 고읍지점 맞은 편,110262,104099
1256,6693,세종대후문점,빽다방,서울특별시,서울특별시 광진구 군자로 108,02-463-6665,https://theborndb.theborn.co.kr/wp-content/uploads/20201208_051757.jpg,08:00 ~ 21:00,연중무휴,테이블 6 / 좌석 12,불가,세종대학교 후문 도보 3분,110244,104075
1257,6691,포항문덕점,빽다방,경상북도,"경상북도 포항시 남구 오천읍 원동로 24, 1층",054-293-0333,https://theborndb.theborn.co.kr/wp-content/uploads/20201208_051007.jpg,08:00 ~ 22:00,연중무휴,테이블 18개 / 좌석 37석,가능,,113978,104088
1258,6670,서수원홈플러스점,빽다방,경기도,"경기도 수원시 권선구 금곡동 1124-1, 1층  S타워 105호",031-227-9777,https://theborndb.theborn.co.kr/wp-content/uploads/20201202_012440.jpg,09:00 ~ 21:00,연중무휴,테이블 11개 / 좌석 25석,건물 지하주차장,,110259,104096
1259,6662,별내북부점,빽다방,경기도,"경기도 남양주시 별내3로 322, 1층 104호",031-527-2389,https://theborndb.theborn.co.kr/wp-content/uploads/20201130_090829.jpg,09:00 ~ 20:00,연중무휴,테이블 10개 / 좌석 20석,가능,,113991,104101
1260,6660,김포풍무사거리점,빽다방,경기도,경기도 김포시 풍무로 112,031-998-7545,https://theborndb.theborn.co.kr/wp-content/uploads/20210225_100101.jpg,"평일 08:30 ~ 21:00
토요일 09:00 ~ 20:30
일요일,공휴일 10:00 ~ 20:00",연중무휴,테이블 14개 / 좌석 28석,가능,,113964,104093
1261,6658,대전정부청사점,빽다방,대전광역시,"대전광역시 서구 둔산중로 134번길 29,  1층 청사프라자 160호",042-331-9795,https://theborndb.theborn.co.kr/wp-content/uploads/20201130_044523.jpg,"평일 07:30 ~ 21:00
주말 08:30 ~ 20:00",연중무휴,테이블 12 / 좌석 24 / 바테이블 좌석 12,지하주차장 이용 가능,,110255,103496
1262,6656,산본학원가점,빽다방,경기도,경기도 군포시 산본로 394 대림프라자 106호,031-396-7322,https://theborndb.theborn.co.kr/wp-content/uploads/20220902_044919.jpg,08:00 ~ 21:00,연중무휴,테이블 8개 / 좌석 16석,지하주차장 이용 가능,,112415,104089
1263,6653,일산백마점,빽다방,경기도,"경기도 고양시 일산동구 일산로208, 한일파킹타운 103호",031-813-8423,https://theborndb.theborn.co.kr/wp-content/uploads/20201130_013918.jpg,"평일 08:30 ~ 21:00
주말 09:30 ~ 21:00",연중무휴,테이블 8 /좌석 16,매장 뒤편 주차구역 1~2대 가능,,110245,104076
1264,6651,돈암아리랑점,빽다방,서울특별시,서울특별시 성북구 아리랑로 75,02-924-3050,https://theborndb.theborn.co.kr/wp-content/uploads/20210823_063248.jpg,08:30 ~ 21:30,연중무휴,테이블 16 / 좌석 33,가능,,110239,104050
1265,6638,대구만촌점,빽다방,대구광역시,"대구광역시 수성구 교학로 58, 1층 (만촌동)",053-742-6221,https://theborndb.theborn.co.kr/wp-content/uploads/20201123_052638.jpg,"평일 08:00 ~ 21:00
주말 09:00 ~ 21:30",연중무휴,테이블 15 / 좌석 26,불가,,110238,104045
1266,6636,대구범어KBS점,빽다방,대구광역시,"대구광역시 수성구 범어로 73 (범어동, 범어에스케이뷰 아파트 2단지)",053) 752-3357,https://theborndb.theborn.co.kr/wp-content/uploads/20201123_013245.jpg,"월~토 09:30 ~ 22:30
일요일 09:30 ~ 22:00",연중무휴,테이블 5 / 좌석 10,불가,,110240,104059
1267,6634,인천학익점,빽다방,인천광역시,"인천광역시 미추홀구 매소홀로 355, 학익프라자 106호",032-876-6010,https://theborndb.theborn.co.kr/wp-content/uploads/20201123_012735.jpg,08:00 ~ 22:30,연중무휴,테이블 11개 / 좌석 22석,지하주차장 이용 가능,,110191,104077
1268,6621,구미확장단지점,빽다방,경상북도,"경상북도 구미시 산동면 신당1로2길 13, 110호 (신당리 1433)",054-474-1198,https://theborndb.theborn.co.kr/wp-content/uploads/20201118_053736.jpg,09:00 ~ 21:00,매월 셋째 주 일요일,테이블 9개 / 좌석 15석,불가,,110237,104040
1269,6619,부천강남시장점,빽다방,경기도,경기도 부천시 옥산로 155 (도당동 283-18),032-676-3334,https://theborndb.theborn.co.kr/wp-content/uploads/20211125_082657.jpg,08:00 ~ 22:00,연중무휴,테이블 10개 / 좌석 20석,건물 주차장 이용 가능,,111640,104034
1270,6592,대구서부정류장역점,빽다방,대구광역시,대구광역시 달서구 구마로 264 (송현동),053-623-8862,https://theborndb.theborn.co.kr/wp-content/uploads/20201105_084016.jpg,"월~토 08:10 ~ 22:00
일요일 09:30 ~ 22:00",연중무휴,테이블 8개 / 좌석 11석,불가,,110183,104044
1271,6585,파주야당역점,빽다방,경기도,경기도 파주시 경의로 1074,031-949-3788,https://theborndb.theborn.co.kr/wp-content/uploads/20201102_052832.jpg,08:00 ~ 22:00,연중무휴,테이블 12개 / 좌석 23석,가능,경의중앙선 야당역 인근(도보 2분 거리),114336,104051
1272,6583,세종대평점,빽다방,세종특별자치시,"세종특별자치시 한누리대로 2236, A 140호",044-272-3457,https://theborndb.theborn.co.kr/wp-content/uploads/20201102_052258.jpg,08:00 ~ 22:00,연중무휴,테이블 8개 / 좌석 16석,가능,해들마을 6단지 상가,110174,104011
1273,6581,암사역점,빽다방,서울특별시,서울특별시 강동구 올림픽로 770,02-488-0079,https://theborndb.theborn.co.kr/wp-content/uploads/20201102_051754.jpg,08:00 ~ 22:00,연중무휴,테이블 6 / 좌석 12,불가,암사역 2번 출구 인근,110168,104042
1274,6560,청주지웰시티점,빽다방,충청북도,충청북도 청주시 흥덕구 대농로 39(청주 솔밭초등학교 앞),043-238-4002,https://theborndb.theborn.co.kr/wp-content/uploads/20240926_075735.png,08:00 ~ 21:30,연중무휴,테이블 13개 / 좌석 26석,가능(유료),,﻿115072,
1275,6558,경남창녕점,빽다방,경상남도,"경상남도 창녕군 창녕읍 군청길 23 (술정리), 1층",055-532-8090,https://theborndb.theborn.co.kr/wp-content/uploads/20201019_093633.jpg,09:00 ~ 21:00(아이스크림 마감 19:00),연중무휴,테이블 17 / 좌석 32 (대기석 4),매장 앞 2대 가능,,110101,104020
1276,6554,천안성성점,빽다방,충청남도,"충청남도 천안시 서북구 성성8로 2-34, 우리타워 101호",041-554-2020,https://theborndb.theborn.co.kr/wp-content/uploads/20201019_074146.jpg,08:00 ~ 22:00,연중무휴,테이블 7 / 좌석 14,불가,,110104,104033
1277,6552,강변역점,빽다방,서울특별시,서울특별시 광진구 강변역로4길 10,02-447-0423,https://theborndb.theborn.co.kr/wp-content/uploads/20201019_073804.jpg,08:00 ~ 21:30,연중무휴,테이블 5개 / 좌석 10석,지하주차장 이용 가능,,111536,104060
1278,6550,인천청라커낼점,빽다방,인천광역시,인천광역시 서구 청라커낼로 260번길 15,032-567-3618,https://theborndb.theborn.co.kr/wp-content/uploads/20201019_073533.jpg,"평일 08:00 ~ 22:30
주말 08:00 ~ 22:00",연중무휴,테이블 10개 / 좌석 23석 (바테이블 4석),가능(지하주차장),,110163,104041
1279,6545,서원대점,빽다방,충청북도,충청북도 청주시 서원구 서원남로 50-5 (서원대 후문),043-903-1199,https://theborndb.theborn.co.kr/wp-content/uploads/20201016_011919.jpg,"평일 08:00 ~ 22:00
주말 10:00 ~ 21:00",연중무휴,"테이블 10개 / 좌석 20석
다이닝테이블 1개 / 좌석 8석
바테이블 4개",불가,,110099,104013
1280,6528,순천오천점,빽다방,전라남도,"전남 순천시 오천6길 16, 104호",061-741-5987,https://theborndb.theborn.co.kr/wp-content/uploads/20201007_030310.jpg,08:00 ~ 22:00(아이스크림 마감 20:30),연중무휴,테이블 18 / 좌석 36 (다이닝 테이블 좌석 8),건물 주차타워 이용 가능,,112379,104019
1281,6517,망월사역점,빽다방,경기도,"경기도 의정부시 호원동 459, 신일엘리시움 1층 108호",031-871-0410,https://theborndb.theborn.co.kr/wp-content/uploads/20201005_085508.jpg,08:30 ~ 21:00,연중무휴,테이블 14개 / 좌석 28석,가능 (상가 지하주차장 이용),,114913,
1282,6515,다산중앙점,빽다방,경기도,"경기도 남양주시 다산중앙로123번길 9, 로데오프라자 102호",031-554-5545,https://theborndb.theborn.co.kr/wp-content/uploads/20250328_091155.png,08:00 ~ 23:00,연중무휴,테이블 11개 / 좌석 22석,가능,,114625,104014
1283,6494,김제터미널점,빽다방,전라북도,"전라북도 김제시 동서로 232, 1층 101호(요촌동)",063-545-2922,https://theborndb.theborn.co.kr/wp-content/uploads/20200929_055005.jpg,08:00 ~ 22:00,명절 당일,테이블 4개 / 좌석 8석 (바테이블 4석),매장 뒤 공터,,110088,104029
1284,6472,미사강변점,빽다방,경기도,"경기도 하남시 미사강변대로226번길 14, 에스프라자 미사 1층",031-791-7091,https://theborndb.theborn.co.kr/wp-content/uploads/20200921_025952.jpg,09:00 ~ 20:00,연중무휴,테이블 11 / 좌석 23(바테이블 좌석 3),불가,,110068,103992
1285,6467,대전죽동점,빽다방,대전광역시,"대전광역시 유성구 죽동로 295, 101호",042-822-7755,https://theborndb.theborn.co.kr/wp-content/uploads/20200916_052629.jpg,"평일 08:00 ~ 21:00
주말,공휴일 09:00 ~ 21:00",명절 당일,테이블 9개 / 좌석 18석,불가,,110013,103976
1286,6458,시흥은행점,빽다방,경기도,"경기도 시흥시 은행로 155번길 5, 1층 103호",031-315-2007,https://theborndb.theborn.co.kr/wp-content/uploads/20200909_030952.jpg,"평일 07:00 ~ 21:00
주말 08:00 ~ 21:00",연중무휴,테이블 17개 / 좌석 34석,불가,,110971,103962
1287,6447,전주하가점,빽다방,전라북도,"전라북도 전주시 덕진구 가련사로 7, 102호 (덕진동2가)",063-274-8100,https://theborndb.theborn.co.kr/wp-content/uploads/20200903_055153.jpg,09:00 ~ 21:00(아이스크림 마감 20:30),연중무휴,테이블 30개 / 좌석 15석,지하주차장 이용 가능 (지하 1층/주차장 협소),,109999,103970
1288,6433,동대문역점,빽다방,서울특별시,"서울특별시 종로구 종로 289, 1층(창신동)",02-766-0950,https://theborndb.theborn.co.kr/wp-content/uploads/20200831_043735.jpg,08:00 ~ 22:30,연중무휴,테이블 10 / 좌석 20,불가,,100686,101947
1289,6422,사천정동점,빽다방,경상남도,경상남도 사천시 정동면 진삼로 1394-1,055-854-6264,https://theborndb.theborn.co.kr/wp-content/uploads/20200825_052934.jpg,09:00 ~ 22:00,연중무휴,테이블 10 / 좌석 23 (바테이블 3),불가,,109992,103947
1290,6411,시흥은계점,빽다방,경기도,"경기도 시흥시 은계남로 12, 호반써밋상가 148호",031-316-8808,https://theborndb.theborn.co.kr/wp-content/uploads/20211027_084446.jpg,08:00 ~ 22:00,연중무휴,테이블 11개 / 좌석 22석,가능,,111512,103946
1291,6409,연신내사거리점,빽다방,서울특별시,서울특별시 은평구 통일로 840,02-356-9548,https://theborndb.theborn.co.kr/wp-content/uploads/20200821_050715.jpg,"월~토 08:00 ~ 22:00
일요일 09:00 ~ 21:00",연중무휴,테이블 8 / 좌석 16,불가,,109896,103917
1292,6395,월곡래미안점,빽다방,서울특별시,"서울 성북구 오패산로 98 ,1층 빽다방",02-910-8800,https://theborndb.theborn.co.kr/wp-content/uploads/20200818_011426.jpg,08:00 ~ 21:00,연중무휴,테이블 13개 / 좌석 27석,가능,,114520,103929
1293,6393,수원SKV1점,빽다방,경기도,"경기도 수원시 권선구 평동로79번길 45, 112호 (평동, 수원SKV1 모터스 건물 1층)",031-227-0314,https://theborndb.theborn.co.kr/wp-content/uploads/20200813_084042.jpg,"평일 08:00 ~ 19:00
토요일 10:00 ~ 19:00
(아이스크림 마감 18:00)",일요일,테이블 13개(바테이블 5개) / 좌석 26석,건물 주차장 이용 가능,,109893,103914
1294,6387,백석역점,빽다방,경기도,"경기도 고양시 일산동구 일산로 46, 1층 107호 (백석동, 남정씨티프라자)",031-905-2888,https://theborndb.theborn.co.kr/wp-content/uploads/20200811_100223.jpg,07:30 ~ 23:00,연중무휴,테이블 10 / 좌석 20,가능 (건물주차장 이용),,109909,103932
1295,6383,경주용황점,빽다방,경상북도,"경상북도 경주시 용황로 74, 협성휴포레용황아파트 상가",054-748-3393,https://theborndb.theborn.co.kr/wp-content/uploads/20200807_052508.jpg,08:00 ~ 22:00,연중무휴,테이블 12 / 좌석 24석,불가,,115041,
1296,6380,답십리사거리점,빽다방,서울특별시,서울특별시 동대문구 답십리동 243-2 (전농로 97-1),02-2245-8993,https://theborndb.theborn.co.kr/wp-content/uploads/20200807_013755.jpg,08:00 ~ 21:00,연중무휴,테이블 10 / 좌석 15,불가,답십리사거리 국민은행 옆,109883,103904
1297,6378,송정역점,빽다방,서울특별시,서울특별시 강서구 공항대로 23,02-2661-4822,https://theborndb.theborn.co.kr/wp-content/uploads/20200807_010617.jpg,08:00 ~ 22:00,연중무휴,테이블 1개 / 좌석 2석,불가,5호선 송정역 1번출구 100m,113727,103903
1298,6374,산본사거리점,빽다방,경기도,경기도 군포시 고산로 694-1,031-385-3563,https://theborndb.theborn.co.kr/wp-content/uploads/20200806_030232.jpg,"평일 08:00 ~ 22:00
주말 08:30 ~ 22:00",연중무휴,테이블 14개 / 좌석 28석,불가,,109894,103915
1299,6370,천안직산점,빽다방,충청남도,충청남도 천안시 서북구 직산읍 삼은3길 13,041-581-1900,https://theborndb.theborn.co.kr/wp-content/uploads/20200806_025342.jpg,09:00 ~ 22:30,연중무휴,테이블 9 / 좌석 18,불가,,109892,103913
1300,6363,천안신방점,빽다방,충청남도,충청남도 천안시 동남구 통정4로 6,​041-578-7700,https://theborndb.theborn.co.kr/wp-content/uploads/20250102_055140.png,08:00 ~ 22:00 (라스트오더 21:30),연중무휴,테이블 19개 / 좌석 38석,가능,,114850,103911
1301,6348,대전월평역점,빽다방,대전광역시,대전광역시 서구 월평중로 20,042-488-8889,https://theborndb.theborn.co.kr/wp-content/uploads/20200803_030735.jpg,09:00 ~ 22:00,연중무휴,테이블 9 / 좌석 19 (바테이블 3),불가,,109880,
1302,6333,목포옥암점,빽다방,전라남도,"전라남도 목포시 당가두로 18, 옥암지구 1호공원 앞",061-283-0118,https://theborndb.theborn.co.kr/wp-content/uploads/20200727_053318.jpg,08:00 ~ 21:00,연중무휴,테이블 14개 / 좌석 28석,불가,,114368,103889
1303,6330,청주금천광장점,빽다방,충청북도,충청북도 청주시 상당구 산성로 98번길 35 (청주금천광장 옆),043-284-5556,https://theborndb.theborn.co.kr/wp-content/uploads/20200724_055402.jpg,09:30 ~ 22:00,연중무휴,테이블 10개 / 좌석 20석(+ 바테이블 좌석 4석),불가,,109874,103891
1304,6327,일산문화공원점,빽다방,경기도,경기도 고양시 일산동구 중앙로1275번길 38-10 (고양등기소 옆),031-932-3369,https://theborndb.theborn.co.kr/wp-content/uploads/20200724_054735.jpg,"평일 08:00 ~ 19:30
주말 09:00 ~ 19:30",연중무휴,테이블 7개 / 좌석 14석,지하주차장 이용 가능,,109868,
1305,6321,옥길퀸즈파크점,빽다방,경기도,경기도 부천시 옥길로 118  퀸즈파크 B동 105호,032-343-7472,https://theborndb.theborn.co.kr/wp-content/uploads/20240205_064722.png,"평일,토요일 08:00 ~ 22:00
일요일 09:00 ~ 22:00",연중무휴,테이블 6개 / 좌석 14석,퀸즈파크 B동 주차장,,113699,103912
1306,6316,시흥배곧타운점,빽다방,경기도,"경기도 시흥시 배곧4로 30, 배곧타운 1상가",031-499-9328,https://theborndb.theborn.co.kr/wp-content/uploads/20200721_082834.jpg,"평일 09:00 ~ 20:00
주말 09:00 ~ 19:30",매주 월요일,테이블 8개 / 좌석 21석,불가,,109873,103890
1307,6298,청주오송점,빽다방,충청북도,"충청북도 청주시 흥덕구 오송읍 오송생명5로 179, 102호",043-236-1577,https://theborndb.theborn.co.kr/wp-content/uploads/20200713_075302.jpg,08:00 ~ 22:00,연중무휴,테이블 15개 / 좌석 30석,가능,,115071,
1308,6268,쌍문역점,빽다방,서울특별시,서울특별시 도봉구 도봉로 479,02-902-7971,https://theborndb.theborn.co.kr/wp-content/uploads/20200706_061442.jpg,"평일 08:00 ~ 22:00(아이스크림 마감 21:00)
주말 09:00 ~ 22:00(아이스크림 마감 21:00)",연중무휴,3테이블 6좌석,불가,,109801,103854
1309,6265,가산두산위브점,빽다방,서울특별시,서울특별시 금천구 가산로 99,02-830-4559,https://theborndb.theborn.co.kr/wp-content/uploads/20200706_061122-e1594015909273.png,09:00 ~ 21:00,연중무휴,테이블 3개 / 좌석 7석,가능,,114061,103859
1310,6258,대구대실역점,빽다방,대구광역시,"대구광역시 달성군 다사읍 달구벌대로 866, 1층 105호",053-592-3242,https://theborndb.theborn.co.kr/wp-content/uploads/20200706_055933-e1594015290143.png,"월~토 08:00 ~ 22:00
일요일 09:00 ~ 22:00",연중무휴,테이블 13개 / 바테이블 1개 / 좌석 24,불가,,100180,101945
1311,6256,인천작전역점,빽다방,인천광역시,인천광역시 계양구 효서로 233,032-555-8175,https://theborndb.theborn.co.kr/wp-content/uploads/20200630_013909.jpg,"월~토 08:00 ~ 21:00
일요일, 공휴일 09:00 ~ 21:00",연중무휴,테이블 12개 / 좌석 26석,불가,,109795,103856
1312,6254,선정릉역점,빽다방,서울특별시,서울특별시 강남구 봉은사로54길 9,02-568-9365,https://theborndb.theborn.co.kr/wp-content/uploads/20240502_071255.png,"평일 08:00 ~ 17:00
토요일 08:00 ~ 15:00","매주 일요일, 공휴일",없음 (테이크아웃 전용매장),가능,,114994,
1313,6225,하남풍산점,빽다방,경기도,경기 하남시 덕풍동 744  111호,031-792-2523,https://theborndb.theborn.co.kr/wp-content/uploads/20200617165613.png,08:00 ~ 22:00,연중무휴,테이블 5/ 좌석 10,건물 내 30분 주차 무료,,109745,603838
1314,6223,양주옥정신도시점,빽다방,경기도,경기도 양주시 옥정동 966-10  폴리프라자 3 104호,031-863-8470,https://theborndb.theborn.co.kr/wp-content/uploads/20200617165026.png,09:00 ~ 22:00,연중무휴,테이블 6개 / 좌석 12석,건물 내 1시간 무료 주차,,109792,603830
1315,6221,송파하비오점,빽다방,서울특별시,"서울시 송파구 문정동 618 파크하비오 204동 117,118호",02-400-3379,https://theborndb.theborn.co.kr/wp-content/uploads/20200617164352.png,08:00 ~ 21:30,연중무휴,10테이블 / 24좌석,단지 內 1시간 무료,,109793,603832
1316,6213,구산역점,빽다방,서울특별시,서울특별시 은평구 연서로 129 (구산동 1-15),02-353-6011,https://theborndb.theborn.co.kr/wp-content/uploads/20200617162140.png,"월-토요일 08:00 ~ 22:00
일요일/공휴일 09:00 ~ 22:00",연중무휴,테이블 7개 / 좌석 13석,불가,,110661,603837
1317,6197,원주무실동점,빽다방,강원도,"강원도 원주시 능라동길 51, 시네씨티타워 1층",033-736-0111,https://theborndb.theborn.co.kr/wp-content/uploads/20200601_013029-e1590975041358.jpg,"평일 08:00 ~ 22:00
주말 09:00 ~ 22:30",연중무휴,테이블 17개 / 좌석 31석,지하주차장 이용 가능 (2시간 무료/카운터에서 주차확인 필수),,109720,103818
1318,6154,구미인동점,빽다방,경상북도,경북 구미시 인의동 375-2,054-715-7774,https://theborndb.theborn.co.kr/wp-content/uploads/20220906_001600.jpg,"평일 08:00 ~ 22:00
주말 09:00 ~ 22:00",연중무휴,테이블 14개 / 좌석 29석(바테이블 3인),불가,,112450,603819
1319,6135,전주KBS점,빽다방,전라북도,전북 전주시 완산구 마전로 7,063-222-1021,https://theborndb.theborn.co.kr/wp-content/uploads/20200506_075648.jpg,"평일 08:00 ~ 21:30
주말 08:00 ~ 20:30",연중무휴,테이블 21개 / 좌석 42석,매장 뒤편 주차 가능,,112124,603816
1320,6129,개봉역점,빽다방,서울특별시,서울시 구로구 개봉동 203-7,02-2613-2220,https://theborndb.theborn.co.kr/wp-content/uploads/20200504_053625.jpg,07:30 ~ 22:30,연중무휴,8테이블/16좌석수,가능,,109665,603788
1321,6123,청주율량주성점,빽다방,충청북도,충북 청주시 청원구 율량로 187,043-298-3232,https://theborndb.theborn.co.kr/wp-content/uploads/20200504_012609.jpg,08:30 ~ 22:30,연중무휴,22 테이블 / 45 좌석(바테이블 3인),2대 가능,,109662,603764
1322,6117,합정역점,빽다방,서울특별시,서울 마포구 월드컵로1길 14 (합정동) B-112-1호,02-336-7106,https://theborndb.theborn.co.kr/wp-content/uploads/20200424_051946.jpg,"평일 07:30 ~ 20:00
주말/공휴일 09:00 ~ 20:00",연중무휴,테이블 8개 / 좌석 16석,가능,,109616,603790
1323,6110,영주가흥동점,빽다방,경상북도,경상북도 영주시 대동로34번길 2,054-631-9990,https://theborndb.theborn.co.kr/wp-content/uploads/20200420_062411.jpg,"평일 09:00 ~ 21:00(아이스크림 마감 20:00)
주말 09:30 ~ 21:00(아이스크림 마감 20:00)",연중무휴,15테이블 / 30좌석,매장 뒤쪽,,110257,603778
1324,6108,평택안중점,빽다방,경기도,경기 평택시 안현로서8길 57,031-683-0916,https://theborndb.theborn.co.kr/wp-content/uploads/20200420_062048.jpg,09:00 ~ 21:00 (아이스크림 마감 20:00),연중무휴,테이블 15개 / 좌석 22 석,불가,,109608,603775
1325,6096,마포경찰서점,빽다방,서울특별시,서울시 마포구 아현동 618-8 (마포대로 179),02-363-6383,https://theborndb.theborn.co.kr/wp-content/uploads/20200413_005935.jpg,"평일 07:30 ~ 21:00
주말/공휴일 08:30 ~ 21:00",연중무휴,테이블 6개 / 좌석 12석,불가,,109610,603777
1326,6094,선유도역점,빽다방,서울특별시,서울시 영등포구 양평동4가 114-1,02-2631-1600,https://theborndb.theborn.co.kr/wp-content/uploads/20200410_061122.jpg,07:30 ~ 22:30,연중무휴,테이블 4개 / 좌석 8석,불가,,109605,603770
1327,6081,목포터미널점,빽다방,전라남도,전남 목포시 영산로 515 (상동),061-272-1862,https://theborndb.theborn.co.kr/wp-content/uploads/20200406_064315.jpg,08:00 ~ 22:00,연중무휴,8 테이블 / 16 좌석,불가,,109599,603754
1328,6072,대전목원대점,빽다방,대전광역시,대전광역시 서구 도안북로93번길 31,042-826-2028,https://theborndb.theborn.co.kr/wp-content/uploads/20241016_080307.png,08:30 ~ 22:00,연중무휴,테이블 12개 / 좌석 24석,가능,,114274,603755
1329,6069,인천루원시티점,빽다방,인천광역시,"인천 서구 봉오재3로 96, 새롬프라자 1층",032-565-8857,https://theborndb.theborn.co.kr/wp-content/uploads/20200403_034046.jpg,08:30 ~ 22:00,연중무휴,9테이블/18좌석 (바테이블 4개),지하주차장 이용 가능,,109609,603776
1330,6067,굽은다리역점,빽다방,서울특별시,서울시 강동구 명일동 346-1,02-428-8797,https://theborndb.theborn.co.kr/wp-content/uploads/20220329_013412.jpg,"평일 07:30 ~ 21:30
주말 08:30 ~ 21:30",연중무휴,테이블 17개 / 좌석 34석,불가,,109584,603742
1331,6061,시흥세종프라자점,빽다방,경기도,경기도 시흥시 정왕동 1882-4 세종프라자 119호,031-431-0218,https://theborndb.theborn.co.kr/wp-content/uploads/20200331_104022.jpg,08:30 ~ 22:25,연중무휴,테이블 3개 / 좌석 6석,불가,,109579,603753
1332,6055,빽다방 빵연구소 인천동춘점,빽다방,인천광역시,"인천광역시 연수구 앵고개로 256, 1층 107호,108호(동춘동)",032-817-7779,https://theborndb.theborn.co.kr/wp-content/uploads/20200330_072714.jpg,"월~토요일 08:00 ~ 22:30
일요일 08:00 ~ 22:00",연중무휴,15테이블 / 30좌석 (바테이블 7개),매장 앞 공영주차장(유료),,109587,603727
1333,6051,창동역점,빽다방,서울특별시,"서울 도봉구 마들로11길 57, 102호",02-995-7711,https://theborndb.theborn.co.kr/wp-content/uploads/20220628_043814.jpg,"평일 08:00 ~ 22:00
주말 09:00 ~ 22:00",연중무휴,테이블 5개 / 좌석 10석,불가,,114072,603743
1334,6047,인천굴포천역2호점,빽다방,인천광역시,"인천광역시 부평구 장제로 224,1층",032-504-5757,https://theborndb.theborn.co.kr/wp-content/uploads/20200326_071118.jpg,"평일 07:00 ~ 22:30
주말 08:00 ~ 11:00",연중무휴,테이블 3개 / 좌석 6석,불가,,114230,603713
1335,6045,남원중앙점,빽다방,전라북도,"전라북도 남원시 남문로 447,1층 104호(하정동)",063-625-1125,https://theborndb.theborn.co.kr/wp-content/uploads/20200325_112432.jpg,화-일요일 09:00 ~ 21:00,매주 월요일,10 테이블 / 20 좌석 (바테이블 2개),매장 옆 주차장 30분 무료주차,,109520,603717
1336,6029,강서블루나인점,빽다방,서울특별시,"서울특별시 강서구 양천로 583 (염창동,우림블루나인비즈니스센터) 지하1층",02-2093-2066,https://theborndb.theborn.co.kr/wp-content/uploads/20210930_081021.jpg,"평일 07:30 ~ 21:00(아이스크림 마감 20:00)
주말 08:30 ~ 21:00(아이스크림 마감 19:30)",연중무휴,테이블 12개 / 좌석 27석,지하주차장 이용 가능,,111406,603719
1337,6023,상왕십리역점,빽다방,서울특별시,서울특별시 성동구 왕십리로 363-1 (하왕십리동),02-2291-7080,https://theborndb.theborn.co.kr/wp-content/uploads/20240320_053746.png,"월~토 08:00 ~ 21:30
일요일 08:00 ~ 21:00",연중무휴,테이블 11개 / 좌석 22석,불가,,114567,603707
1338,6007,낙성대역점,빽다방,서울특별시,서울 관악구 남부순환로 1919 (봉천동) 1층,02-884-5585,https://theborndb.theborn.co.kr/wp-content/uploads/20200305_092006.jpg,07:30 ~ 22:30,연중무휴,"바테이블 1개, 테이블 1개 / 좌석 7석",매장 뒤편 주차 가능(3월중순~),,110514,
1339,5995,원주혁신도시점,빽다방,강원도,﻿강원특별자치도 원주시 양지로 26 (반곡동) 1층,033-746-4660,https://theborndb.theborn.co.kr/wp-content/uploads/20250930_013435.png,"평일 07:00 ~ 21:00
주말 09:00 ~ 20:00",연중무휴,테이블 5개 / 좌석18석,건물주차장 이용 가능 (2시간 무료),,114855,
1340,5993,송림오거리점,빽다방,인천광역시,"인천광역시 동구 송림로 91, 1층(송림동)",032-773-2891,https://theborndb.theborn.co.kr/wp-content/uploads/20200302_052522.jpg,"평일 08:00 ~ 19:00
주말 및 공휴일 09:00 ~ 19:00",연중무휴,9 테이블 / 18 좌석,불가,,109506,603699
1341,5990,예산터미널점,빽다방,충청남도,"충남 예산군 예산읍 역전로140번길 2, 1층",0507-1332-7806,https://theborndb.theborn.co.kr/wp-content/uploads/20220926_022702.jpg,09:00 ~ 21:30,연중무휴,테이블 10개 / 좌석 20석,불가,,112445,603718
1342,5983,세종시청점,빽다방,세종특별자치시,"세종특별자치시 한누리대로 2143, 101호 (보람동, 금강시티타워)",044-863-5036,https://theborndb.theborn.co.kr/wp-content/uploads/20200224_032735.jpg,"평일 07:30 ~ 22:00
주말 08:00 ~ 22:00",연중무휴,테이블 26개 / 좌석 48석,가능(유료),,109505,603684
1343,5980,올림픽북단점,빽다방,서울특별시,서울시 광진구 아차산로 480,02-2201-1888,https://theborndb.theborn.co.kr/wp-content/uploads/20200224_010836.jpg,08:30 ~ 22:00,연중무휴,테이블 5개 / 좌석 11개,가능,,113888,603698
1344,5967,성남의료원점,빽다방,경기도,"경기도 성남시 수정구 수정로 176-1, 1층 일부호(신흥동)",031-757-8010,https://theborndb.theborn.co.kr/wp-content/uploads/20200219_012315.jpg,"평일 07:15 ~ 22:00
주말 08:45 ~ 22:00",연중무휴,테이블 11개 / 좌석 22석,불가,,114721,603703
1345,5961,충북옥천점,빽다방,충청북도,충청북도 옥천군 옥천읍 중앙로 45-1,043-732-5887,https://theborndb.theborn.co.kr/wp-content/uploads/20200214_101645.jpg,09:00 ~ 20:00,연중무휴,테이블 11개 / 좌석 22석,불가,,109437,103662
1346,5959,마두역점,빽다방,경기도,경기 고양시 일산동구 중앙로 1189,​031-901-3345,https://theborndb.theborn.co.kr/wp-content/uploads/20200214_101238.jpg,"평일 07:00 ~ 20:00(라스트오더 19:30)
토요일 08:00 ~ 19:00(라스트오더 18:30)
일요일 09:00 ~ 18:30(라스트오더 18:00)",연중무휴,테이블 8개 / 좌석 16석,불가,,114436,103690
1347,5950,구로KT점,빽다방,서울특별시,서울특별시 관악구 남부순환로 1377 (신림동),02-858-4366,https://theborndb.theborn.co.kr/wp-content/uploads/20250219_082730.png,"월~토 08:00 ~ 20:30
일요일  09:00 ~ 20:30",연중무휴,테이블 12개 / 좌석 21석,불가,,114544,603685
1348,5932,오류동역남부점,빽다방,서울특별시,서울 구로구 오류동 148-2,02-2060-6610,https://theborndb.theborn.co.kr/wp-content/uploads/20200205_063058.jpg,07:00 ~ 20:00,연중무휴,11테이블 / 22좌석,불가,,109432,603633
1349,5921,빽다방 빵연구소 제주사수본점,빽다방,제주도,제주 제주시 도두이동 1679,064-711-0228,https://theborndb.theborn.co.kr/wp-content/uploads/20200203_003315.jpg,10:00 ~ 21:00(라스트오더 20:30),연중무휴,테이블 53개(단체 테이블 4개) / 좌석 106석,가능,,111898,603659
1350,5904,울산옥동점,빽다방,울산광역시,울산광역시 남구 거마로 15,052-258-0285,https://theborndb.theborn.co.kr/wp-content/uploads/20200120_101210.jpg,09:00 ~ 22:00,연중무휴,테이블 12개 / 좌석 24석,불가,,114409,603651
1351,5902,목포용해점,빽다방,전라남도,전남 목포시 연산백련로 13,061-279-1828​,https://theborndb.theborn.co.kr/wp-content/uploads/20200120_054147.jpg,08:00 ~ 23:00,연중무휴,테이블 17개 / 좌석 34석,불가,,114234,603644
1352,5890,용인죽전점,빽다방,경기도,"경기도 용인시 수지구 현암로 154, 1층 108호(죽전동, 거풍프라자)",031-889-1533,https://theborndb.theborn.co.kr/wp-content/uploads/20220901_060653.jpg,"평일 08:30 ~ 20:00
주말 09:00 ~ 20:00",연중무휴,테이블 7개 / 좌석 15석,불가,,114480,603652
1353,5870,구의역점,빽다방,서울특별시,서울 광진구 아차산로 380,02 444 4855,https://theborndb.theborn.co.kr/wp-content/uploads/20191230_085035.jpg,"평일 07:30 ~ 22:00
주말 08:00 ~ 22:00",연중무휴,테이블 4개 / 좌석 8석,불가,,109348,603634
1354,5865,울산송정중앙점,빽다방,울산광역시,울산광역시 북구 송정16길 28,052 294 8882,https://theborndb.theborn.co.kr/wp-content/uploads/20191230_083201.jpg,"평일 08:30 ~ 22:00
주말 10:00 ~ 22:00",연중무휴,15테이블 30석,가능,,109342,603645
1355,5863,평택고덕역점,빽다방,경기도,"경기도 평택시 고덕여염12길 68, 1층",031-611-8777,https://theborndb.theborn.co.kr/wp-content/uploads/20191230_082340.jpg,"평일 09:00 ~ 22:00
주말/공휴일 11:00 ~ 19:00",연중무휴,5테이블 15석,매장 옆 5대,,109299,603621
1356,5813,방이시장점,빽다방,서울특별시,서울 송파구 백제고분로48길 6,02-415-1500,https://theborndb.theborn.co.kr/wp-content/uploads/20191119_052848.png,08:00 ~ 22:00,연중무휴,테이블 5개 / 좌석 10석,불가,,109232,603590
1357,5784,천안성환중앙점,빽다방,충청남도,충청남도 천안시 서북구 성환읍 성환2로 105,041-903-0410,https://theborndb.theborn.co.kr/wp-content/uploads/20191101_011703.jpg,08:00 ~ 21:30,연중무휴,테이블 10개 / 좌석 20석,불가,,114518,603587
1358,5744,영종하늘도시점,빽다방,인천광역시,"인천 중구 하늘별빛로 75 (중산동) 로얄페스타, 105호",032-752-0207,https://theborndb.theborn.co.kr/wp-content/uploads/20231215_055834.jpg,08:00 ~ 22:00,연중무휴,테이블 13개 / 좌석 26석,가능,,109140,603567
1359,5717,순천대점,빽다방,전라남도,"전남 순천시 삼산2길 33, 1층",061-754-9286,https://theborndb.theborn.co.kr/wp-content/uploads/20191007_095728.jpg,"평일 09:00 ~ 21:00 (아이스크림 마감 20:00)
주말 10:00 ~ 21:00 (아이스크림 마감 20:00)",연중무휴,테이블 22개 / 좌석 38석,불가,,111998,603537
1360,5711,신림난곡점,빽다방,서울특별시,서울 관악구 난곡로 178,02-868-6863,https://theborndb.theborn.co.kr/wp-content/uploads/20191001_055659.jpg,08:00 ~ 22:30,연중무휴,2테이블 8석,불가,,109129,603551
1361,5707,목포역점,빽다방,전라남도,전라남도 목포시 수문로 9,061-242-8825,https://theborndb.theborn.co.kr/wp-content/uploads/20191001_055441.jpg,08:00 ~ 22:00,연중무휴,4테이블 11석,불가,,109127,603552
1362,5696,전주예수병원점,빽다방,전라북도,전라북도 전주시 완산구 서원로 345,063-287-1009,https://theborndb.theborn.co.kr/wp-content/uploads/20191001_055027.jpg,"평일 08:30 ~ 21:00
주말 09:30 ~ 21:00",연중무휴,16테이블 45석,불가,,109119,603531
1363,5695,김해장유점,빽다방,경상남도,경상남도 김해시 삼문로 22,055 326 0410,https://theborndb.theborn.co.kr/wp-content/uploads/20191001_054731.jpg,10:00 ~ 21:00,연중무휴,5테이블 10석,불가,,109126,603523
1364,5685,인천원당점,빽다방,인천광역시,인천광역시 서구 고산후로95번안길 21,032-566-6950,https://theborndb.theborn.co.kr/wp-content/uploads/20241008_073140.png,"월~토 09:00 ~ 21:00
일요일 09:00 ~ 20:00",연중무휴,테이블 10개 / 좌석 20석,불가,,114264,603553
1365,5680,구미형곡점,빽다방,경상북도,경북 구미시 신시로 59,054-451-3063,https://theborndb.theborn.co.kr/wp-content/uploads/20190917_012552.png,09:00 ~ 23:00,연중무휴,10테이블 15석,불가,,109019,603519
1366,5675,성남수진푸르지오점,빽다방,경기도,"경기도 성남시 중원구 광명로 89, 푸르지오센트럴오피스텔 상가 1층",031 722 3592,https://theborndb.theborn.co.kr/wp-content/uploads/20190917_012324.png,07:00 ~ 23:00,연중무휴,8테이블 19석,상가 주차장 이용 가능,,109022,603534
1367,5664,천안청당점,빽다방,충청남도,"충청남도 천안시 동남구 청수4로 10, 106호",041-562-0369,https://theborndb.theborn.co.kr/wp-content/uploads/20190830_080327.png,10:00 ~ 22:00,연중무휴,테이블 9 /  좌석 15,불가,,109889,603494
1368,5656,천안백석점,빽다방,충청남도,충청남도 천안시 서북구 백석4길 44,041-558-5654,https://theborndb.theborn.co.kr/wp-content/uploads/20190828_095719.jpg,"월-토요일 08:00 ~ 21:00
일요일,공휴일 09:00 ~ 21:00",연중무휴,테이블 8개 / 좌석 16석,불가,,109004,603511
1369,5629,양재시민의숲역점,빽다방,서울특별시,서울시 서초구 마방로2길 94,02-573-0421,https://theborndb.theborn.co.kr/wp-content/uploads/20190820_085545.png,"평일 07:00 ~ 21:00
주말 08:00 ~ 21:00",연중무휴,테이블 3개 / 좌석 6석,불가,,109003,603532
1370,5617,대전봉명우산점,빽다방,대전광역시,대전광역시 유성구 문화원로 86,042-825-2900,https://theborndb.theborn.co.kr/wp-content/uploads/20190816_094751.png,10:30 ~ 22:00,연중무휴,테이블 9개 / 좌석 13석 (대기좌석 4석),불가,,111276,603504
1371,5605,아주대점,빽다방,경기도,경기도 수원시 영통구 아주로 18(원천동),070-7543-3601,https://theborndb.theborn.co.kr/wp-content/uploads/20190809_033917.png,"평일 09:00 ~ 22:00
주말/공휴일 10:00 ~ 22:00",연중무휴,10테이블 16석,불가,,108927,603497
1372,5602,경산옥곡점,빽다방,경상북도,경상북도 경산시 경산로16길 2-6 (옥곡동),053-814-7676,https://theborndb.theborn.co.kr/wp-content/uploads/20250502_080303.png,06:00 ~ 20:30,연중무휴,테이블 19개 / 좌석 38석,가능,,115045,
1373,5601,시흥장곡공원점,빽다방,경기도,경기도 시흥시 진말로9번길 15,070-4009-3311,https://theborndb.theborn.co.kr/wp-content/uploads/20241125_072832.png,07:30 ~ 22:30,연중무휴,테이블 16개 / 좌석 32석,불가,,114326,603498
1374,5597,화곡역점,빽다방,서울특별시,서울시 강서구 화곡로25길2,02-2606-1117,https://theborndb.theborn.co.kr/wp-content/uploads/20190730_095749.jpg,"월-화요일 06:50 ~ 22:00
수-일요일 07:50 ~ 22:00",연중무휴,테이블 10개 / 좌석 20석,불가,,108910,603499
1375,5593,보라매타운점,빽다방,서울특별시,서울특별시 동작구 보라매로 5가길 7,02-832-9706,https://theborndb.theborn.co.kr/wp-content/uploads/20190802_072315.jpg,"평일 07:30 ~ 21:30
주말 08:00 ~ 21:30",연중무휴,테이블 11개 / 좌석 22석,불가,,108912,603493
1376,5575,전주송천오송점,빽다방,전라북도,전라북도 전주시 덕진구 천마산로 52(송천동1가 107-200),063-251-3255,https://theborndb.theborn.co.kr/wp-content/uploads/20190719_025235.jpg,"평일 08:30 ~ 21:00
토 09:00 ~ 21:00
일 10:00 ~ 21:00",연중무휴,테이블 11개 / 좌석 32석,가능,,112070,603481
1377,5570,태안터미널점,빽다방,충청남도,충청남도 태안군 태안읍 동백로 307,041-674-9877,https://theborndb.theborn.co.kr/wp-content/uploads/20190715_055313.jpg,"평일 08:30 ~ 21:00
주말 10:00 ~ 21:00",연중무휴,9테이블 18석,불가,,108897,603495
1378,5550,대전탑립테크노점,빽다방,대전광역시,대전시 유성구 탑립동 880번지 102호,042-671-1100,https://theborndb.theborn.co.kr/wp-content/uploads/20250626_054956.jpg,평일 07:30 ~ 18:00,주말 및 공휴일,테이블 17개 / 좌석 34석,불가,,110860,603484
1379,5535,행신역점,빽다방,경기도,경기도 고양시 덕양구 충경로 52,031-970-6456,https://theborndb.theborn.co.kr/wp-content/uploads/20190625_070834.png,"월-토요일 08:30 ~ 22:00
일요일 09:00 ~ 22:00",연중무휴,테이블 18개 / 좌석 45석,불가,,108774,603468
1380,5524,화천사내면점,빽다방,강원도,강원도 화천군 사내면 사내로 40-3,033-441-4321,https://theborndb.theborn.co.kr/wp-content/uploads/20190701_101119.png,09:30 ~ 20:30,연중무휴,10테이블 20석,불가,,108783,603483
1381,5493,순천호수공원점,빽다방,전라남도,전남 순천시 왕지2길 15,061-722-3883,https://theborndb.theborn.co.kr/wp-content/uploads/20190605_010759.png,"월-토요일 08:00 ~ 22:00
일요일 09:00 ~ 22:00",연중무휴,27테이블 47석,가능,,108712,603447
1382,5486,부천원미사거리점,빽다방,경기도,경기 부천시 원미로 119 1층,032-612-4377,https://theborndb.theborn.co.kr/wp-content/uploads/20220124_050308.jpg,07:30 ~ 21:00,연중무휴,없음,불가,,108707,603444
1383,5476,인천효성명현점,빽다방,인천광역시,인천 계양구 효성동 63-8,032-553-3294,https://theborndb.theborn.co.kr/wp-content/uploads/20190603_013557.png,"평일 08:00 ~ 21:00
주말 09:00 ~ 22:00",연중무휴,테이블 5개 / 좌석 10석,가능,,108711,603439
1384,5468,노원문화의거리점,빽다방,서울특별시,서울특별시 노원구 노해로79길 6-19,02-939-1350,https://theborndb.theborn.co.kr/wp-content/uploads/20250114_071410.png,07:40 ~ 22:30,연중무휴,7테이블 17석,불가,,108704,603436
1385,5426,대화역점,빽다방,경기도,"경기도 고양시 일산서구 중앙로 1568(대화동, 하성프라자)",031-911-4999,https://theborndb.theborn.co.kr/wp-content/uploads/20190426_075002.png,"월~토 08:00 ~ 22:00
일요일 08:00 ~ 21:00",연중무휴,1테이블 2석,불가,,108633,603422
1386,5419,성남신흥역점,빽다방,경기도,"경기도 성남시 수정구 산성대로 267, 1층 119-1호(신흥동)",031-733-8889,https://theborndb.theborn.co.kr/wp-content/uploads/20250711_012023.jpg,"평일 08:30 ~ 20:00
주말 및 공휴일 10:00 ~ 20:00",연중무휴,1테이블 3석,불가,,114781,603782
1387,5418,봉천역점,빽다방,서울특별시,서울시 관악구 남부순환로 1729(봉천동 926-36),02-882-5585,https://theborndb.theborn.co.kr/wp-content/uploads/20190419_074058.png,"평일 07:00 ~ 23:00(라스트오더 22:30)
주말 08:00 ~ 23:00(라스트오더 22:30)",명절 당일,4테이블 9석,불가,,108631,603410
1388,5406,인천마전역점,빽다방,인천광역시,"인천광역시 서구 완정로 60 (마전동, 정안빌딩)",032-568-5726,https://theborndb.theborn.co.kr/wp-content/uploads/20190401_102620.png,09:00 ~ 21:00,연중무휴,테이블 5개 / 좌석 11석,가능,,114108,603400
1389,5397,김포풍무역점,빽다방,경기도,김포시 유현로 238번길 31 웅신타워 114호,031 998 7540,https://theborndb.theborn.co.kr/wp-content/uploads/20190408_050216.png,"평일 08:30 ~ 21:30
주말 09:00 ~ 21:30",연중무휴,테이블 11개 / 좌석 22석,가능,,108625,603398
1390,5386,용인역북남부점,빽다방,경기도,경기도 용인시 처인구 명지로60번길 8-13,031 335 9146,https://theborndb.theborn.co.kr/wp-content/uploads/20190322_011028.png,"평일 08:00 ~ 23:00
주말 09:00 ~ 23:00",연중무휴,9테이블 23석,지하주차장 이용 가능,,108558,603394
1391,5356,장안동사거리점,빽다방,서울특별시,서울특별시 동대문구 장한로 140,02-3394-6122,https://theborndb.theborn.co.kr/wp-content/uploads/20190319_071937.png,"평일 08:00 ~ 22:00
주말 08:30 ~ 22:00",연중무휴,테이블 4개 / 좌석 8석,가능,,114300,603381
1392,5349,전주서신중앙점,빽다방,전라북도,전북 전주시 완산구 당산로 39 제일비사벌아파트 상가 108동 111호,063-274-2233,https://theborndb.theborn.co.kr/wp-content/uploads/20190311_024819.png,08:00 ~ 21:00,연중무휴,테이블 4개 / 좌석 8석,불가,,108502,603376
1393,5330,세종새롬중앙점,빽다방,세종특별자치시,"세종특별자치시 새롬중앙로 47, 세움빌딩 112호",070-7797-4732,https://theborndb.theborn.co.kr/wp-content/uploads/20190311_024448.png,"월-토요일 08:30 ~ 22:00
일요일 08:30 ~ 21:30",연중무휴,테이블 5개 / 좌석 12석,지하주차장 이용 가능,,108499,103373
1394,5293,청주율량중앙점,빽다방,충청북도,충청북도 청주시 청원구 율량로 104,043-211-4001,https://theborndb.theborn.co.kr/wp-content/uploads/20190218_015315.png,08:00 ~ 22:00,연중무휴,테이블 10개 / 좌석 20석,불가,,114807,103365
1395,5250,익산시민공원점,빽다방,전라북도,전북 익산시 무왕로 13길 17,063-918-3737,https://theborndb.theborn.co.kr/wp-content/uploads/20220829_004006.jpg,08:00 ~ 22:00,연중무휴,테이블 15개 / 좌석 32석,주차장 공간 협소,,112391,603359
1396,5219,인천법원삼거리점,빽다방,인천광역시,인천 미추홀구 소성로 159,032-874-1255,https://theborndb.theborn.co.kr/wp-content/uploads/20250703_083710.jpg,08:00 ~ 22:00,연중무휴,테이블 10개 / 좌석 20석,불가,,114771,603352
1397,5216,탄현역제니스점,빽다방,경기도,경기도 고양시 일산서구 탄현동 1640,031-911-0615,https://theborndb.theborn.co.kr/wp-content/uploads/20190118_010402.png,08:30 ~ 21:10,연중무휴,테이블 4개 / 좌석 8석,불가,,108445,603349
1398,5215,부천역남부점,빽다방,경기도,경기 부천시 경인로 210,032-614-1007,https://theborndb.theborn.co.kr/wp-content/uploads/20190118_005707.png,"월~토 08:00 ~ 20:50
일요일 09:30 ~ 20:50",연중무휴,테이블 10개 / 좌석 20석,불가,,114047,603347
1399,5214,진주호탄점,빽다방,경상남도,경남 진주시 강변길9번길 6,055-741-3350,https://theborndb.theborn.co.kr/wp-content/uploads/20190122_100218.png,08:00 ~ 22:00,연중무휴,16테이블 36석,불가,,108448,603345
1400,5154,동두천지행역점,빽다방,경기도,경기도 동두천시 지행동 지행로 56,031-868-2825,https://theborndb.theborn.co.kr/wp-content/uploads/20190108_062658.png,08:00 ~ 23:00,연중무휴,테이블 12개 / 좌석 24석,가능,,108358,603318
1401,5148,응암역점,빽다방,서울특별시,"서울특별시 은평구 은평로 56, 1층(신사동, 안건빌딩)",02-303-3319,https://theborndb.theborn.co.kr/wp-content/uploads/20190108_062429.png,08:00 ~ 22:00,연중무휴,9테이블 22석,불가,,108364,603326
1402,5144,전주동산점,빽다방,전라북도,전라북도 전주시 덕진구 쪽구름로 58,063-214-3789,https://theborndb.theborn.co.kr/wp-content/uploads/20190108_060637.png,"평일 08:30 ~ 20:30
주말 09:30 ~ 20:30",구정 당일,테이블 19개 / 좌석 38석,불가,,110968,603321
1403,5143,인천도화청운대점,빽다방,인천광역시,인천광역시 미추홀구 숙골로87번길 24. 101호 (도화동 가야프라자),032-873-3833,https://theborndb.theborn.co.kr/wp-content/uploads/20190108_055751.png,"평일 07:30 ~ 20:00
토요일 09:00 ~ 20:00
일요일 09:00 ~ 18:00",연중무휴,테이블 10개 / 좌석 20석,불가,,108357,603316
1404,5142,동탄중앙어울림점,빽다방,경기도,경기 화성시 동탄대로시범길 142 센텀프라자 1층 108-1호,031-373-7020,https://theborndb.theborn.co.kr/wp-content/uploads/20181217_050231.png,08:00 ~ 20:00,연중무휴,테이블 5개 / 좌석 10석,가능,,112273,103314
1405,5133,대구달성테크노점,빽다방,대구광역시,"대구광역시 달성군 유가읍 테크노상업로 98, 1층",053-611-4﻿701,https://theborndb.theborn.co.kr/wp-content/uploads/20181214_054713.png,09:00 ~ 22:00,명절 당일,10테이블 20석,지하주차장 이용 가능,,108316,603305
1406,5119,인천검단사거리점,빽다방,인천광역시,인천광역시 서구 검단로 474 뷰비스타운 1층,032-565-9700,https://theborndb.theborn.co.kr/wp-content/uploads/20190108_061504.png,"월~토 08:00 ~ 23:00
일요일 08:30 ~ 23:30",명절 당일,7테이블 16석,지하주차장 이용 가능,,108351,603308
1407,5118,인천서구청점,빽다방,인천광역시,인천시 서구 탁옥로 45,032-567-3798,https://theborndb.theborn.co.kr/wp-content/uploads/20181204_005639.png,"월-토요일 08:00 ~ 22:00
일요일 08:00 ~ 21:00",연중무휴,테이블 10개 / 좌석 16석,가능,,108314,603302
1408,5108,광교법조타운점,빽다방,경기도,경기도 수원시 영통구 광교중앙로266번길 22,031-211-2017,https://theborndb.theborn.co.kr/wp-content/uploads/20181123_011430.png,"평일 07:30 ~ 21:00
주말 08:00 ~ 21:00",연중무휴,테이블 20개 / 좌석 44석,가능,,114606,603299
1409,5102,문산당동점,빽다방,경기도,"경기도 파주시 문산읍 방촌로 1725, 107호(좋은빌딩3)",031-954-1160,https://theborndb.theborn.co.kr/wp-content/uploads/20181123_010959.png,08:30 ~ 21:30,연중무휴,테이블 10개 / 좌석 20석,불가,,108300,603286
1410,5087,화성향남로데오점,빽다방,경기도,"경기도 화성시 향남읍 상신하길로328번길 26, 1층 101호(키움프라자)",031-352-0188,https://theborndb.theborn.co.kr/wp-content/uploads/20181123_005810.png,09:30 ~ 22:00,명절 연휴,15테이블 30석,건물 주차장 이용 가능,,108304,603284
1411,5086,수원탑동점,빽다방,경기도,"경기도 수원시 권선구 탑동로3번길 13, 1층(탑동)",070-4135-9999,https://theborndb.theborn.co.kr/wp-content/uploads/20181123_010410.png,07:00 ~ 22:00,명절 당일,5테이블 10석,불가,,108303,603289
1412,5080,인천검암서해점,빽다방,인천광역시,"인천광역시 서구 승학로 497(검암동, 검암프라자)",032-561-8550,https://theborndb.theborn.co.kr/wp-content/uploads/20181029_101146.jpg,"평일 08:00 ~ 22:00
주말 09:00 ~ 22:00",명절 당일,8테이블 18석,가능,,108227,103285
1413,5079,예천신도시점,빽다방,경상북도,"경상북도 예천군 호명면 새움3로 26, 103호(에비뉴타워)",054-654-0575,https://theborndb.theborn.co.kr/wp-content/uploads/20181123_021327.png,09:00 ~ 21:00,연중무휴,테이블 8개 / 좌석 16석,지하주차장 이용 가능,,111326,603278
1414,5072,용인구성역점,빽다방,경기도,"경기 용인시 기흥구 용구대로 2398, 주상가동 1층 101-3호(마북동, 연원마을벽산아파트)",031-283-0999,https://theborndb.theborn.co.kr/wp-content/uploads/20241113_083247.png,"월,화,금,토 07:40 ~ 21:30
수,목 07:40 ~ 21:20
일요일 08:00 ~ 21:30",연중무휴,테이블 5개 / 좌석 11석,건물 주차장 이용 가능,구성역 도보 5분,110629,603259
1415,5064,양평로데오점,빽다방,경기도,경기도 양평군 양평읍 양근리 358-5,031-774-8886,https://theborndb.theborn.co.kr/wp-content/uploads/20181029_095951.jpg,09:30 ~ 22:30,연중무휴,8테이블 16석,불가,,108231,603272
1416,5054,빽다방 빵연구소 신사사거리점,빽다방,서울특별시,서울시 서초구 강남대로 605,02-517-0410,https://theborndb.theborn.co.kr/wp-content/uploads/20181123_005410.png,"07:30 ~ 21:30
(21시 이후 Take-Out 주문만 가능)",연중무휴,19테이블 45석,건물 주차장 이용 가능 (30분 무료),,112264,603253
1417,5005,경남거창중앙점,빽다방,경상남도,​경상남도 거창군 거창읍 중앙로 123,055-945-3622,https://theborndb.theborn.co.kr/wp-content/uploads/20180827_101021.jpg,09:30 ~ 21:00,연중무휴,4테이블 8석,불가,,108079,603224
1418,4996,청주분평중앙점,빽다방,충청북도,"충청북도 청주시 서원구 1순환로 1107번길 20, 1층",043-295-7971,https://theborndb.theborn.co.kr/wp-content/uploads/20181011_084342.jpg,"평일 08:00 ~ 23:00
주말 09:00 ~ 23:00",연중무휴,테이블 5개 / 좌석 10석,불가,,113812,603220
1419,4989,인천더블유병원점,빽다방,인천광역시,"인천 미추홀구 인주대로 410, 탑클래시아 1층",032-421-3302,https://theborndb.theborn.co.kr/wp-content/uploads/20231101_045645.jpg,"월-토요일 08:00 ~ 21:00
일요일 09:00 ~ 21:00",연중무휴,테이블 10개 / 좌석 25석,가능,,113660,603214
1420,4964,인천월미도점,빽다방,인천광역시,"인천 중구 월미로 237 (북성동1가), 1층",032-761-7778,https://theborndb.theborn.co.kr/wp-content/uploads/20220809_052029.jpg,"평일 10:00 ~ 20:00
주말 10:00 ~ 22:00",연중무휴,테이블 6개 / 좌석 16석,불가,,112390,603188
1421,4958,김포장기역점,빽다방,경기도,"경기도 김포시 김포한강1로51번길 28, 105호(장기동 , 레드클로버)",031-997-4777,https://theborndb.theborn.co.kr/wp-content/uploads/20191230_083956.jpg,08:30 ~ 21:30,연중무휴,7테이블 14석,가능,,109346,603653
1422,4948,파주금촌1호점,빽다방,경기도,"경기도 파주시 문화로 102 , 제1호(금촌동)",031-948-3358,https://theborndb.theborn.co.kr/wp-content/uploads/20180629_012940.png,09:00 ~ 22:00,구정 당일,10테이블 20석,불가,,107953,603175
1423,4909,KBS본관점,빽다방,서울특별시,서울특별시 영등포구 의사당대로 38,02-783-0783,https://theborndb.theborn.co.kr/wp-content/uploads/20180604_084721.png,"평일 07:00 ~ 21:00
주말 07:00 ~ 20:30",연중무휴,7테이블 14석,지하주차장 이용 가능,,110972,603165
1424,4902,천안불당지웰점,빽다방,충청남도,"충청남도 천안시 서북구 불당26로 50, 근린생활시설4동 E103호",041-551-8867,https://theborndb.theborn.co.kr/wp-content/uploads/20220714_045504.jpg,08:30 ~ 21:00(아이스크림 마감 20:00),연중무휴,테이블 9개 / 좌석 18석,상가 주차장 이용 가능,,112269,103159
1425,4901,천안불당정석점,빽다방,충청남도,충남 천안시 서북구 불당21로 71 정석프라자 117호,041-567-2737,https://theborndb.theborn.co.kr/wp-content/uploads/20180601_070320.png,08:00 ~ 21:00,연중무휴,11테이블 22석,건물 주차장 이용 가능 (유료),,107910,103158
1426,4881,보령중앙점,빽다방,충청남도,충청남도 보령시 중앙로81,041-935-5555,https://theborndb.theborn.co.kr/wp-content/uploads/20180503_032612.png,07:30 ~ 21:00(라스트오더 20:50),명절 당일,테이블 8개 / 좌석 16석,불가,,107799,603136
1427,4830,안산중앙역롯데점,빽다방,경기도,"경기 안산시 단원구 고잔로 108, 1층",031-403-4333,https://theborndb.theborn.co.kr/wp-content/uploads/20241010_032801.png,09:00 ~ 22:00,연중무휴,테이블 개 / 좌석 16석,건물 주차장 이용 가능,,107791,603121
1428,4819,인천청라쓰리엠점,빽다방,인천광역시,"인천광역시 서구 중봉대로586번길 9-4, 106호(연희동, 쓰리엠타워)",032-566-8833,https://theborndb.theborn.co.kr/wp-content/uploads/20241128_073115.png,07:00 ~ 23:00(아이스크림 마감 21:00),연중무휴,테이블 11개 / 좌석 22석,가능(지하주차장),,112296,603114
1429,4815,수원권선웰빙점,빽다방,경기도,경기도 수원시 권선구 세지로 73,070-8830-9194,https://theborndb.theborn.co.kr/wp-content/uploads/20180322_074138.jpg,"일-목요일 09:00 ~ 22:00
금-토요일 09:00 ~ 23:00",연중무휴,테이블 14개 / 좌석 28석,건물주차장 사용 가능,,114335,603111
1430,4814,인천구월로데오점,빽다방,인천광역시,인천 남동구 성말로 9,032-815-0410,https://theborndb.theborn.co.kr/wp-content/uploads/20190812_071711.png,"월~목 08:00 ~ 22:30
금요일 08:00 ~ 23:30
토요일 08:30 ~ 23:30
일요일 09:00 ~ 22:30",명절 당일,테이블10개 / 좌석 24석,불가,,100640,601817
1431,4812,평택팽성점,빽다방,경기도,경기도 평택시 팽성읍 팽성송화로 219 1층,031-692-8855,https://theborndb.theborn.co.kr/wp-content/uploads/20180320_013704.jpg,"월~목 08:00 ~ 22:00
금요일 08:00 ~ 24:00
주말 10:00 ~ 24:00",연중무휴,테이블 8개 / 좌석 19석,불가,,111270,603109
1432,4792,진주과기대점,빽다방,경상남도,"경상남도 진주시 동진로 21, 1층 (칠암동)",055-753-1435,https://theborndb.theborn.co.kr/wp-content/uploads/20180209_060547.jpg,"평일 07:30 ~ 20:00
주말 09:00 ~ 15:00",구정/추석 당일,테이블 6개 / 좌석 12석,불가,,107652,603082
1433,4783,홍성내포중앙점,빽다방,충청남도,충청남도 홍성군 홍북읍 청사로 174번길 2 113호,041-635-0222,https://theborndb.theborn.co.kr/wp-content/uploads/20180126_084432.jpg,09:00 ~ 26:00,연중무휴,25테이블 / 50석,가능,,107644,603080
1434,4779,목포북항골든점,빽다방,전라남도,"전라남도 목포시 원산중앙로 10, 1층 105호(산정동, 한성골든빌)",061-278-1120,https://theborndb.theborn.co.kr/wp-content/uploads/20180209_051342.jpg,"평일 09:00 ~ 22:00
주말 10:00 ~ 22:00",연중무휴,테이블 5개 / 좌석 10석,불가,,107643,603079
1435,4773,용인흥덕이시티점,빽다방,경기도,"경기도 용인시 기흥구 흥덕2로87번길 18 C동 115호(영덕동, 이씨티)",031-212-1369,https://theborndb.theborn.co.kr/wp-content/uploads/20180118_031758.gif,08:00 ~ 22:00,연중무휴,12테이블 / 24석,가능,,107642,603077
1436,4724,대구진천역점,빽다방,대구광역시,대구광역시 달서구 월배로 96 (진천동),053-633-8780,https://theborndb.theborn.co.kr/wp-content/uploads/KakaoTalk_20170904_100204992.jpg,08:00 ~ 21:30,연중무휴,테이블 11 / 좌석 22,불가,,110074,602984
1437,4678,논산중앙점,빽다방,충청남도,충남 논산시 중앙로 480번길 12 글로벌 알디빌딩 1층 108호,041-732-1030,https://theborndb.theborn.co.kr/wp-content/uploads/11111-1.jpg,10:00 ~ 20:00,연중무휴,테이블 6개 / 좌석 12석,가능,,108456,603370
1438,4666,발산역플레이스점,빽다방,서울특별시,서울특별시 강서구 강서로 395. 플레이스 H 108호,02-2659-2119,https://theborndb.theborn.co.kr/wp-content/uploads/1111-2.jpg,"평일 08:00 ~ 22:00
주말 09:00 ~ 22:00
아이스크림 마감 21:00
마지막 주문 21:50",연중무휴,8테이블/ 12석,불가,,107328,603021
1439,4652,시흥배곧메가점,빽다방,경기도,경기도 시흥시 서울대학로 278번길 43-13 112호,031-497-5384,https://theborndb.theborn.co.kr/wp-content/uploads/1111.jpg,"평일 08:00 ~ 22:00
주말 08:30 ~ 22:00",연중무휴,6테이블/ 7석,지하주차장 이용 가능,,107322,603015
1440,4651,오산세교삼미점,빽다방,경기도,경기 오산시 오산대역로 210 1층,031-375-8452,https://theborndb.theborn.co.kr/wp-content/uploads/20200630_020057.png,"평일 08:00 ~ 21:00
주말 및 공휴일 08:30 ~ 21:00",연중무휴,11테이블/ 22석,불가,,112615,603014
1441,3819,대전유천버드내점,빽다방,대전광역시,대전광역시 중구 태평로 22-1,042-527-1401,https://theborndb.theborn.co.kr/wp-content/uploads/20241122_011335.png,08:00 ~ 22:30,연중무휴,테이블 12개 / 좌석 30석,불가,,107169,602987
1442,3797,고양삼송신원점,빽다방,경기도,경기도 고양시 덕양구 신원로 40-46,02-381-8929,https://theborndb.theborn.co.kr/wp-content/uploads/20170821_064331.jpg,08:00 ~ 22:30,연중무휴,7테이블 14석,가능,,107160,602972
1443,3789,대구다사세천점,빽다방,대구광역시,"대구광역시 달성군 다사읍 세천로 160, 엠코타운 더솔레뉴 상가 303동 105호",053-592-2233,https://theborndb.theborn.co.kr/wp-content/uploads/20170814_012049.jpg,09:00 ~ 22:00,연중무휴,9테이블 18석,불가,,107152,602963
1444,3681,대전가수원중앙점,빽다방,대전광역시,대전광역시 서구 계백로 1135,042-542-0773,https://theborndb.theborn.co.kr/wp-content/uploads/20241122_011251.png,10:00 ~ 22:00,연중무휴,테이블 10개 / 좌석 15석,불가,,107108,602952
1445,3680,천안역점,빽다방,충청남도,충청남도 천안시 동남구 대흥로 228,041-566-2737,https://theborndb.theborn.co.kr/wp-content/uploads/20170829_071522.jpg,"평일 08:00 ~ 20:00
주말 09:00 ~ 20:00
공휴일 08:00 ~ 20:00",연중무휴,9테이블 18석,건물 유료 주차장,,107106,602942
1446,3669,인천석바위시장점,빽다방,인천광역시,"인천광역시 남구 경원대로 848(주안동, 주안태흥프라자)",032-432-0411,https://theborndb.theborn.co.kr/wp-content/uploads/20170726_093603.jpg,08:30 ~ 20:00,연중무휴,TAKE-OUT 매장,건물 주차장 이용 가능 (유료),,109116,603583
1447,3590,마곡나루역북부점,빽다방,서울특별시,"서울특별시 강서구 마곡중앙5로 1길 20, 1층",02-3662-0504,https://theborndb.theborn.co.kr/wp-content/uploads/20230510_072527.jpg,"평일 07:30 ~ 21:00
주말,공휴일 08:30 ~ 21:00",연중무휴,테이블 5개 / 좌석 10석,불가,,110858,602929
1448,3546,당진읍내점,빽다방,충청남도,충남 당진시 당진중앙2로 103-11 (읍내동) 1층,041-354-0177,https://theborndb.theborn.co.kr/wp-content/uploads/20240828_052746.png,"평일 08:00 ~ 21:00
주말 09:00 ~ 21:00",연중무휴,테이블 6개 / 좌석 12석,불가,,112341,602931
1449,3545,부산장림점,빽다방,부산광역시,부산광역시 사하구 장림번영로103번길 5,051-265-0410,https://theborndb.theborn.co.kr/wp-content/uploads/20170829_090337.jpg,"평일 08:30 ~ 20:50(배달 08:50 ~ 20:50)
주말 09:30 ~ 20:50(배달 09:50 ~ 20:50)",명절 당일,테이블 8개 / 좌석 16석,불가,,106952,602921
1450,3542,인천길병원점,빽다방,인천광역시,"인천광역시 남동구 구월남로 174 , 1층 107호(구월동,그랜드프라자)",032-464-1891,https://theborndb.theborn.co.kr/wp-content/uploads/20190808_070619.png,08:00 ~ 22:00,연중무휴,테이블 10개 / 좌석 20석,불가,,107139,602947
1451,3523,인천용현토지점,빽다방,인천광역시,인천광역시 남구 낙섬중로 40(용현동),032-884-9910,https://theborndb.theborn.co.kr/wp-content/uploads/20170829_072732.jpg,08:00 ~ 23:00,연중무휴,6테이블 12석,불가,,106923,602907
1452,3522,사가정역점,빽다방,서울특별시,서울특별시 중랑구 면목로 330-1 1층,02-432-2337,https://theborndb.theborn.co.kr/wp-content/uploads/20250102_032122.png,08:30 ~ 22:30,연중무휴,테이블 4개 / 좌석 8석,불가,,106924,602913
1453,3517,정읍터미널점,빽다방,전라북도,전라북도 정읍시 중앙로 41,063-532-7733,https://theborndb.theborn.co.kr/wp-content/uploads/20190508_004353.png,"평일 09:00 ~ 21:30
주말 및 공휴일 09:00 ~ 18:00",연중무휴,테이블 17개 / 좌석 34석,가능,,106925,602911
1454,3514,김포통진마송점,빽다방,경기도,경기도 김포시 통진읍 조강로 39,031-996-1786,https://theborndb.theborn.co.kr/wp-content/uploads/20190808_070858.png,08:00 ~ 21:00,연중무휴,4테이블 8석,불가,,109002,603521
1455,3513,인천임학역점,빽다방,인천광역시,인천광역시 계양구 장제로 885-1,032-555-7877,https://theborndb.theborn.co.kr/wp-content/uploads/20250417_090120.png,"평일 08:00 ~ 21:00
주말 및 공휴일 09:00 ~ 21:00",연중무휴,테이블 10개 / 좌석 20석,불가,,114665,602908
1456,3485,약수역점,빽다방,서울특별시,서울특별시 중구 다산로 131,02-6082-0950,https://theborndb.theborn.co.kr/wp-content/uploads/20170824_033325.jpg,"평일 08:00 ~ 22:00
주말 09:00 ~ 22:00",연중무휴,없음,불가,※ TAKE-OUT 매장,106852,602888
1457,3484,무안전남도청점,빽다방,전라남도,전라남도 무안군 삼향읍 남악3로 82번길 14  107호,061-283-1025,https://theborndb.theborn.co.kr/wp-content/uploads/20170829_092245.jpg,09:30 ~ 22:00,연중무휴,테이블 8개 / 좌석 16석,"건물 내 지하주차장, 인근 공영주차장",,113694,602886
1458,3475,서대전샘물타운점,빽다방,대전광역시,대전광역시 유성구 원내로38 원내코아 108호,042-546-1014,https://theborndb.theborn.co.kr/wp-content/uploads/20170824_065356.jpg,08:00 ~ 21:30,연중무휴,테이블 13개 / 좌석 26석,지하주차장 이용 가능,,106848,602866
1459,3459,광주상무메가점,빽다방,광주광역시,광주광역시 서구 시청로 60번길 21-6 1층 101호,062-222-8464,https://theborndb.theborn.co.kr/wp-content/uploads/20180530_005053.png,08:00 ~ 25:00,연중무휴,18테이블 44석,메가박스 주차장 이용,,106810,602863
1460,3452,서산터미널점,빽다방,충청남도,충청남도 서산시 율지8로 4 1층,041-664-0180,https://theborndb.theborn.co.kr/wp-content/uploads/20241128_072937.png,09:00 ~ 20:00,연중무휴,테이블 10개 / 좌석 20석,불가,,106808,602861
1461,3434,구파발역미켈란점,빽다방,서울특별시,"서울 은평구 진관2로 15-8 (진관동, 웅신 미켈란의아침) 1층 101호",02-386-0202,https://theborndb.theborn.co.kr/wp-content/uploads/20170829_010821.jpg,"평일 08:00 ~ 21:00
주말 08:00 ~ 22:00",연중무휴,테이블 12개 / 좌석 24석,지하주차장(유료),,106622,602832
1462,3432,광양중마사랑점,빽다방,전라남도,"전라남도 광양시 공영로 67, 1층",061-792-0066,https://theborndb.theborn.co.kr/wp-content/uploads/20230322_020641.jpg,08:00 ~ 22:50,연중무휴,테이블 13개 / 좌석 26석,불가,,106620,602827
1463,3431,천안두정역점,빽다방,충청남도,"충청남도 천안시 서북구 두정로 271, 1층",041-523-5559,https://theborndb.theborn.co.kr/wp-content/uploads/20170829_070854.jpg,08:30 ~ 21:00,연중무휴,테이블 5개 / 좌석 10석,불가,,108440,603342
1464,3430,고양원흥역점,빽다방,경기도,"경기도 고양시 덕양구 삼송로 12, 반도유스퀘어 106호",0507-1412-1947,https://theborndb.theborn.co.kr/wp-content/uploads/20250507_080439.png,08:00 ~ 22:00,연중무휴,테이블 10개 / 좌석 20석,가능,,114626,602824
1465,3426,신설동역1호점,빽다방,서울특별시,서울특별시 동대문구 왕산로 20,02-6104-7979,https://theborndb.theborn.co.kr/wp-content/uploads/20240712_075706.png,"평일 07:30 ~ 21:30
주말 08:00 ~ 21:30",연중무휴,테이블 10개 / 좌석 20석,가능(유료),,114065,602823
1466,3358,전주대점,빽다방,전라북도,전라북도 전주시 완산구  백마산길 23,063-225-2912,https://theborndb.theborn.co.kr/wp-content/uploads/20250102_045327.png,08:00 ~ 22:00,연중무휴,테이블 24개 / 좌석 48석,불가,,114432,602804
1467,3294,방이역코오롱점,빽다방,서울특별시,"서울시 송파구 마천로 25, 1층",02-425-4317,https://theborndb.theborn.co.kr/wp-content/uploads/20170828_101526.jpg,"평일 08:00 ~ 22:00
주말 09:00 ~ 22:00",연중무휴,11테이블 22석,불가,,106454,602802
1468,3288,파주운정이마트점,빽다방,경기도,"경기 파주시 와석순환로 125 (동패동, 현대프라자) 1층",032-947-8751,https://theborndb.theborn.co.kr/wp-content/uploads/20170829_011814.jpg,"월-토요 08:30 ~ 21:30
일요일 09:00 ~ 21:30",연중무휴,테이블 5개 / 좌석 10석,불가,,114870,602800
1469,3221,동탄영천한백점,빽다방,경기도,"경기도 화성시 지산2길 4-2, 1층",031-372-3070,https://theborndb.theborn.co.kr/wp-content/uploads/20230120_011826.jpg,09:10 ~ 22:00,연중무휴,4테이블 8석,불가,,106339,602783
1470,3148,대구경대병원점,빽다방,대구광역시,"대구시 중구 동덕로26길 18, 1층",053-425-8383,https://theborndb.theborn.co.kr/wp-content/uploads/20220111_082551.jpg,"평일 07:30 ~ 22:00
주말 09:00 ~ 22:00",연중무휴,테이블 17개 / 좌석 40석,불가,,106334,602778
1471,3138,호텔더본 제주점,빽다방,제주도,제주도 서귀포시 색달로 18,064-766-8933,https://theborndb.theborn.co.kr/wp-content/uploads/20170829_085939.jpg,휴업 중 (24.10.01~),,21테이블 78석,78대 가능,,111826,602712
1472,3134,송도캠퍼스타운점,빽다방,인천광역시,"인천시 연수구 송도과학로27번길 55, 캠퍼스타운 D동 103호",032-822-0203,https://theborndb.theborn.co.kr/wp-content/uploads/20170829_071943.jpg,"평일 08:00 ~ 22:30
주말 09:00 ~ 22:30",연중무휴,3테이블 6석,지하주차장 이용 가능,,106325,602764
1473,3133,대구신월성점,빽다방,대구광역시,대구광역시 달서구 조암로 29 이래타워 지상 1~2층 112호,053-644-1224,https://theborndb.theborn.co.kr/wp-content/uploads/20251110_013957.jpg,08:00 ~ 23:00(라스트오더 22:45),연중무휴,테이블 12개 / 좌석 24석,건물 내 주차장 이용 가능(유료),,114915,
1474,3118,포항영일대점,빽다방,경상북도,경상북도 포항시 북구 삼호로 237 1층,054-241-0308,https://theborndb.theborn.co.kr/wp-content/uploads/20170829_091748.jpg,10:00 ~ 22:00,연중무휴,3테이블 4석,불가,,100012,602738
1475,3105,화성향남중앙점,빽다방,경기도,"경기도 화성시 향남읍 행정중앙2로 63-34, 명신프라자 103호",031-353-2276,https://theborndb.theborn.co.kr/wp-content/uploads/20230623_081408.jpg,"평일 08:30 ~ 21:00
토요일 09:30 ~ 22:00
일요일 10:00 ~ 22:00",연중무휴,테이블 11개 / 좌석 22석,불가,,113678,603332
1476,3103,동인천역점,빽다방,인천광역시,"인천시 중구 자유공원로 5, 1~2층",032-777-2226,https://theborndb.theborn.co.kr/wp-content/uploads/20170829_071809.jpg,"월~토 08:00 ~ 22:00
일요일,공휴일 09:00 ~ 21:00",연중무휴,테이블 35개 / 좌석 80석,가능,,100008,602717
1477,3097,인천신현하늘채점,빽다방,인천광역시,인천광역시 서구 석곶로 2,032-583-2301,https://theborndb.theborn.co.kr/wp-content/uploads/20240517_034333.png,09:00 ~ 22:00,연중무휴,테이블 6개 / 좌석 12석,불가,,113950,602716
1478,3096,부천약대점,빽다방,경기도,"경기도 부천시 평천로 718, 1층",032-672-5040,https://theborndb.theborn.co.kr/wp-content/uploads/20170824_070655.jpg,"평일 07:00 ~ 23:00
주말 07:30 ~ 23:00",연중무휴,4테이블 8석,불가,,111945,602719
1479,3095,구로시장점,빽다방,서울특별시,"서울시 구로구 구로동로26길 125, 1~2층",02-856-0779,https://theborndb.theborn.co.kr/wp-content/uploads/20170829_005409.jpg,08:00 ~ 22:00,연중무휴,테이블 7개 / 좌석 14석,불가,,100888,602718
1480,3089,김포구래점,빽다방,경기도,"경기도 김포시 김포한강9로 80, 다온프라자 123호",031-989-0412,https://theborndb.theborn.co.kr/wp-content/uploads/20230918_014024.jpg,08:30 ~ 21:30,연중무휴,테이블 7개 / 좌석 14석,가능,,100098,602715
1481,3086,인하대역SK점,빽다방,인천광역시,인천광역시 미추홀구 용정공원로 33,032-278-1021,https://theborndb.theborn.co.kr/wp-content/uploads/20240806_092310.png,"월~토 08:00 ~ 22:00
일요일 09:00 ~ 22:00",연중무휴,테이블 4개 / 좌석 8석,가능,,114082,602710
1482,3085,순천조례주공점,빽다방,전라남도,"전라남도 순천시 신월큰길 32, 1층",061-724-5888,https://theborndb.theborn.co.kr/wp-content/uploads/20170829_092411.jpg,09:00 ~ 22:30,연중무휴,16테이블 27석,불가,,102627,602709
1483,3082,청주터미널점,빽다방,충청북도,"충청북도 청주시 흥덕구 풍년로 148-1, 1층",043-236-0412,https://theborndb.theborn.co.kr/wp-content/uploads/20240926_075646.png,"월~토 08:300 ~ 22:00
일요일 09:00 ~ 22:00",연중무휴,테이블 20개 / 좌석 40석,불가,,102604,602707
1484,3074,천왕역점,빽다방,서울특별시,서울특별시 구로구 오리로 1149,02-2688-7766,https://theborndb.theborn.co.kr/wp-content/uploads/20240807_044905.png,07:30 ~ 22:30,연중무휴,테이블 7개 / 좌석14석,불가,,100202,602695
1485,3051,홍천중앙점,빽다방,강원도,강원특별자치도 홍천군 홍천읍 꽃뫼로 99 (신장대리) 1층,033-432-4531,https://theborndb.theborn.co.kr/wp-content/uploads/20170829_070111.jpg,08:30 ~ 21:00,연중무휴,테이블 25개 / 좌석 47석,가능,,100175,602688
1486,3042,온양온천역점,빽다방,충청남도,충남 아산시 온천대로 1487-5(온천동 211-2번지),041-549-0524,https://theborndb.theborn.co.kr/wp-content/uploads/20170829_093419.jpg,10:00 ~ 20:00,매월 둘째 주 금요일,없음,불가,,102368,602669
1487,3040,수원권선이마트점,빽다방,경기도,경기 수원시 권선구 덕영대로1201번길 28 금강빌딩 107호,031-236-9194,https://theborndb.theborn.co.kr/wp-content/uploads/20170829_074547.jpg,"평일 08:00 ~ 22:00
주말 08:30 ~ 22:00",연중무휴,테이블 8개 / 좌석 16석,불가,,100634,602676
1488,3029,용인동백역점,빽다방,경기도,경기도 용인시 기흥구 동백중앙로 175,031-282-6674,https://theborndb.theborn.co.kr/wp-content/uploads/20221129_052159.jpg,08:00 ~ 21:30,연중무휴,테이블 10개 / 좌석 20석,가능,,114055,603440
1489,3027,파주운정산내점,빽다방,경기도,"경기도 파주시 청암로17번길 25, 운정블루 102호",031-947-4539,https://theborndb.theborn.co.kr/wp-content/uploads/20170829_011755.jpg,"평일 09:00 ~ 23:00
주말 10:00 ~ 23:00",연중무휴,14테이블 26석,불가,,100656,602666
1490,3017,대전탄방로데오점,빽다방,대전광역시,"대전광역시 서구 둔산중로14번길 36, 124호(탄방동)",042-471-9396,https://theborndb.theborn.co.kr/wp-content/uploads/20230321_002642.png,"평일 08:00 ~ 23:00
주말 09:00 ~ 23:00",연중무휴,없음,건물 내 주차장,,101120,602664
1491,3009,대전선병원점,빽다방,대전광역시,"대전시 중구 목중로 18, 1층",042-221-2111,https://theborndb.theborn.co.kr/wp-content/uploads/20170824_062118.jpg,"월~토 09:0 ~ 22:00
일요일,공휴일 10:00 ~ 22:00",연중무휴,테이블 12개 / 좌석 24석,불가,,100475,602655
1492,3008,고양원당중앙점,빽다방,경기도,"경기도 고양시 덕양구 호국로 809, 1층",031-969-8044,https://theborndb.theborn.co.kr/wp-content/uploads/20170829_010702.jpg,"평일 08:00 ~ 21:00
주말 09:00 ~ 21:00",연중무휴,8테이블 16석,불가,"※ 주말,공휴일 영업시간은 09:00 ~ 23:00 입니다. ※ 아이스크림 마감 시간은 21:30입니다.",100252,602656
1493,3004,청주산남점,빽다방,충청북도,"충청북도 청주시 서원구 산남로 64, 엔젤변호사빌딩 107호",043-284-7111,https://theborndb.theborn.co.kr/wp-content/uploads/20170829_065805.jpg,"평일 08:00 ~ 22:00
주말 09:00 ~ 22:00",명절당일,테이블 10개 / 좌석 20석,불가,,102661,602638
1494,3000,천안상명대점,빽다방,충청남도,"충청남도 천안시 동남구 각원사길 52,1층 103호",041-522-4261,https://theborndb.theborn.co.kr/wp-content/uploads/20210825_061358.jpg,08:30 ~ 22:00,연중무휴,테이블 9개 / 좌석 18석,매장 뒷편 주차장 이용 가능,,111277,603198
1495,2999,군포당정역은하점,빽다방,경기도,"경기도 군포시 고산로 248, 은하프라자 1층",031-399-0452,https://theborndb.theborn.co.kr/wp-content/uploads/20240930_051556.png,09:00 ~ 22:10(아이스크림 마감 21:00),연중무휴,테이블 7개 / 좌석 14석,불가,,102631,602642
1496,2998,목포평화광장점,빽다방,전라남도,"전라남도 목포시 원형로 4-1, 1층",061-285-1254,https://theborndb.theborn.co.kr/wp-content/uploads/20250822_061858.jpg,09:00 ~ 22:00,연중무휴,테이블 23개 / 좌석 54석,가능,,100108,602639
1497,2994,천안쌍용중앙점,빽다방,충청남도,"충청남도 천안시 서북구 미라8길 23, 1층",041-575-5879,https://theborndb.theborn.co.kr/wp-content/uploads/20240827_072937.png,08:00 ~ 21:00,연중무휴,테이블 6개 / 좌석 18석,불가,,114211,603053
1498,2989,영등포구청역점,빽다방,서울특별시,서울시 영등포구 당산로 113 (당산동3가 378),02-2068-8870,https://theborndb.theborn.co.kr/wp-content/uploads/20220412_063724.jpg,"평일 07:30 ~ 22:30
주말/공휴일 08:00 ~ 21:30",연중무휴,테이블 4개 / 좌석 9석,불가,,112043,602635
1499,2984,의왕포일프라자점,빽다방,경기도,"경기도 의왕시 봇들로 40 101호 (포일동,포일프라자)",031-422-7786,https://theborndb.theborn.co.kr/wp-content/uploads/20170829_085610.jpg,"평일 08:00 ~ 19:00
토요일 08:30 ~ 21:00
일요일 및 공휴일 08:30 ~ 21:00",연중무휴,테이블 6개 /좌석 12석,가능,,108044,603211
1500,2983,등촌역점,빽다방,서울특별시,"서울시 양천구 공항대로 564, 1층",02-6401-0000,https://theborndb.theborn.co.kr/wp-content/uploads/20200420_062722.jpg,07:00 ~ 21:30,연중무휴,테이블 5개 / 좌석 10석,불가,,110742,603801
1501,2972,당산역점,빽다방,서울특별시,서울 영등포구 양평로 28-1 (당산동6가) 1층,02-2069-1965,https://theborndb.theborn.co.kr/wp-content/uploads/20170824_070204.jpg,"평일 08:00 ~ 20:00
주말 08:00 ~ 21:30",연중무휴,테이블 4개 / 좌석 8석,불가,,100290,602609
1502,2971,군포당정삼거리점,빽다방,경기도,"경기도 군포시 고산로151번길 7, 1층",031-342-7429,https://theborndb.theborn.co.kr/wp-content/uploads/20241021_073546.png,08:30 ~ 22:00,연중무휴,테이블 9개 / 좌석 18석,지하주차장 이용 가능,일요일 영업 시간은 09:00~21:30 입니다.,107654,603086
1503,2970,경남고성송학점,빽다방,경상남도,"경상남도 고성군 고성읍 송학로 140, 1층",055-674-5678,https://theborndb.theborn.co.kr/wp-content/uploads/20170829_090849.jpg,09:00 ~ 22:00,연중무휴,21테이블 42석,불가,,102608,602620
1504,2969,여수웅천해변점,빽다방,전라남도,"전라남도 여수시 예울마루로 37-15, 1층",061-685-5110,https://theborndb.theborn.co.kr/wp-content/uploads/20170829_092516.jpg,09:00 ~ 21:30,연중무휴,18테이블 36석,가능,,100232,602591
1505,2967,성남을지대점,빽다방,경기도,"경기도 성남시 수정구 산성대로 535, 1층",031-748-0323,https://theborndb.theborn.co.kr/wp-content/uploads/20170829_073835.jpg,08:00 ~ 22:00,연중무휴,없음,불가,,100646,602587
1506,2966,문정법조현대점,빽다방,서울특별시,"서울특별시 송파구 법원로11길 11, 문정현대지식산업센터1-1 A동 125호",02-3400-0369,https://theborndb.theborn.co.kr/wp-content/uploads/20220124_021358.jpg,"평일 07:30 ~ 19:00
주말 09:00 ~ 17:00",일요일,테이블 7개 / 좌석 14석,가능,※ 위치는 문정역 4번출구 현대지식산업센터 방면 100m 입니다.,111737,603185
1507,2965,구로디지털역점,빽다방,서울특별시,"서울시 구로구 디지털로32길 79, 1층",02-861-2929,https://theborndb.theborn.co.kr/wp-content/uploads/20210312_045012.png,09:00 ~ 22:00(라스트오더 21:30),연중무휴,없음,불가,,110871,602578
1508,2962,수원남문점,빽다방,경기도,"경기도 수원시 팔달구 정조로 787-2, 1층",031-244-9960,https://theborndb.theborn.co.kr/wp-content/uploads/20170829_074626.jpg,"월요일 08:00 ~ 14:00
화-금요일 08:00 ~ 18:00
토요일 08:30 ~ 20:30
일요일 09:00 ~ 20:30","명절 전날, 당일",테이블 2개 / 좌석 4석,불가,,100071,602595
1509,2384,강북구청점,빽다방,서울특별시,서울시 강북구 도봉로87길 48,02-991-9599,https://theborndb.theborn.co.kr/wp-content/uploads/20240924_022145.png,08:00 ~ 23:00,연중무휴,테이블 8개 / 좌석 16석,불가,,109215,603584
1510,2383,강릉금학점,빽다방,강원도,강원도 강릉시 신대학길 14,033-647-1333,https://theborndb.theborn.co.kr/wp-content/uploads/20170829_064713.jpg,08:00 ~ 23:00,연중무휴,6테이블 10석,불가,,100265,102282
1511,2382,강동역헤르셔점,빽다방,서울특별시,"서울시 강동구 천호대로 1089, 신동아파밀리에 B16호",02-471-5371,https://theborndb.theborn.co.kr/wp-content/uploads/20170825_031902.jpg,"평일 08:00 ~ 20:00
토요일 10:00 ~ 19:00",매주 일요일,10테이블 12석,가능,,100170,102210
1512,2381,강남포스코센터점,빽다방,서울특별시,서울시 강남구 삼성로85길 11,02-554-9799,https://theborndb.theborn.co.kr/wp-content/uploads/20170825_031832.jpg,"평일 07:00 ~ 19:00
주말 09:00 ~ 17:00",명절 연휴,4테이블 8석,불가,,109278,603606
1513,2380,강남역태극당점,빽다방,서울특별시,서울시 강남구 테헤란로4길 46,02-501-8467,https://theborndb.theborn.co.kr/wp-content/uploads/20170825_031750.jpg,"월-토요일 07:00 ~ 22:00
일요일 07:00 ~ 21:00",연중무휴,9테이블 15석,불가,,100185,602729
1514,2379,강남역지하도점,빽다방,서울특별시,서울시 강남구 강남대로 396 강남역 지하 쇼핑센터 E-36,02-3452-3989,https://theborndb.theborn.co.kr/wp-content/uploads/20170825_031717.jpg,"평일 06:30 ~ 20:00
토요일/공휴일 08:00 ~ 20:00","일요일, 구정/추석 당일",없음,불가,,101656,101794
1515,2378,강남역월드점,빽다방,서울특별시,서울시 서초구 서초대로77길 37,02-537-1519,https://theborndb.theborn.co.kr/wp-content/uploads/20170829_012028.jpg,"월~목 07:30 ~ 23:00
금, 토 07:30 ~ 익일 01:00
일요일 08:00 ~ 22:00",연중무휴,테이블 12개 / 좌석 24석,불가,,107093,602925
1516,2376,가산대륭점,빽다방,서울특별시,서울시 금천구 벚꽃로 298 107-2호,02-2083-8578,https://theborndb.theborn.co.kr/wp-content/uploads/20170829_005153.jpg,"평일 06:50 ~ 21:00
주말 09:00 ~ 19:00",연중무휴,테이블 2개 / 좌석 4석,가능(1시간 무료),,114197,603502
1517,2375,가락시장역점,빽다방,서울특별시,서울시 송파구 송파대로28길 27,02-404-0410,https://theborndb.theborn.co.kr/wp-content/uploads/20170825_031619.jpg,"평일 08:00 ~ 22:00
주말 10:00 ~ 22:00","일요일, 명절연휴",9테이블 18석,불가,,101485,101855
1518,2374,강남소망점,빽다방,서울특별시,서울시 강남구 언주로159길 3,02-518-3570,https://theborndb.theborn.co.kr/wp-content/uploads/20170829_012010.jpg,"평일 08:00 ~ 18:00
주말 09:00 ~ 18:00",연중무휴,4테이블 8석,불가,,100229,102199
1519,2373,강릉교동중앙점,빽다방,강원도,강원도 강릉시 솔올로 51,033-652-6566,https://theborndb.theborn.co.kr/wp-content/uploads/20170829_064236.jpg,"평일 08:00 ~ 24:00
주말 09:00 ~ 24:00",명절당일,11테이블 22석,불가,,100065,102345
1520,2370,경남산청중앙점,빽다방,경상남도,"경상남도 산청군 산청읍 웅석봉로 11, 1층",055-973-0410,https://theborndb.theborn.co.kr/wp-content/uploads/20170829_090915.jpg,"월-금요일 08:00 ~ 20:00
토요일 08:00 ~ 19:00",매주 일요일,테이블 10개 / 좌석 20석,불가,,114944,
1521,2369,건대역화양점,빽다방,서울특별시,"서울특별시 광진구 아차산로 29길 29-1, 1층",02-462-4886,https://theborndb.theborn.co.kr/wp-content/uploads/20170824_022441.jpg,"평일 08:00 ~ 22:30
주말 09:00 ~ 23:30",연중무휴,테이블 10개 / 좌석 20석,불가,,109916,603268
1522,2368,건대로데오점,빽다방,서울특별시,"서울시 광진구 아차산로 220, 노유송천빌딩 1층",02-464-2147,https://theborndb.theborn.co.kr/wp-content/uploads/20250114_071257.png,"월~목 07:00 ~ 23:00
금요일 07:00 ~ 24:00
토요일 08:00 ~ 24:00
일요일 08:00 ~ 23:00",연중무휴,테이블 4개 / 좌석 8석,불가,,100263,101946
1523,2367,거제고현터미널점,빽다방,경상남도,경상남도 거제시 서문로 79,055-633-3989,https://theborndb.theborn.co.kr/wp-content/uploads/20170829_090829.jpg,"평일 09:00 ~ 20:00
주말 09:00 ~ 21:00",연중무휴,4테이블 8석,불가,,104442,102308
1524,2365,강원대점,빽다방,강원도,"강원도 춘천시 서부대성로239번길 4, 1층",033-257-7737,https://theborndb.theborn.co.kr/wp-content/uploads/20170829_064836.jpg,"평일 09:00 ~ 21:00
주말/공휴일 11:00 ~ 21:00",명절 당일,14테이블 20석,불가,,104328,101999
1525,2363,광운대점,빽다방,서울특별시,"서울특별시 노원구 광운로 43, 로얄포토빌딩 1층",070-7752-5322,https://theborndb.theborn.co.kr/wp-content/uploads/20240924_022226.png,08:30 ~ 22:00,연중무휴,테이블 12개 / 좌석 28석,불가,,110967,602946
1526,2362,광명하안뉴코아점,빽다방,경기도,경기도 광명시 범안로 1042,02-897-9764,https://theborndb.theborn.co.kr/wp-content/uploads/20241220_071027.png,"평일 08:30 ~ 22:00
주말 09:30 ~ 22:00",연중무휴,테이블 8개 / 좌석 16석,불가,,100278,102697
1527,2361,광명철산점,빽다방,경기도,"경기도 광명시 오리로856번길 25, 남원빌딩 1층",02-2684-0410,https://theborndb.theborn.co.kr/wp-content/uploads/20170829_084827.jpg,08:00 ~ 23:00,연중무휴,9테이블 20석,불가,,100697,101865
1528,2360,광명사거리역점,빽다방,경기도,"경기도 광명시 오리로 987, 1층",02-2611-0112,https://theborndb.theborn.co.kr/wp-content/uploads/20170829_084732.jpg,08:00 ~ 22:30,명절 당일,테이블3 6,불가,,100859,101966
1529,2358,광교경기대후문점,빽다방,경기도,"경기도 수원시 영통구 대학로 46, 킴엔코시티하임 103",031-309-5263,https://theborndb.theborn.co.kr/wp-content/uploads/20230911_043017.jpg,"평일 07:20 ~ 20:00
주말 08:00 ~ 20:00",명절 당일,테이블 8개 / 좌석 16석,가능(유료),,113693,603762
1530,2357,관악구청점,빽다방,서울특별시,"서울시 관악구 관악로 155, 1층",02-877-6966,https://theborndb.theborn.co.kr/wp-content/uploads/20190510_023200.png,08:00 ~ 22:00,연중무휴,19테이블 40석,불가,,108699,603424
1531,2356,과천렉스타운점,빽다방,경기도,"경기도 과천시 별양상가1로 25, 렉스타운 102호",02-3418-7787,https://theborndb.theborn.co.kr/wp-content/uploads/20241021_073642.png,"월~토요일 09:00 ~ 21:00
일요일 09:00 ~ 18:00",명절 당일,없음,지하주차장 이용 가능,,107902,603151
1532,2355,공주대점,빽다방,충청남도,"충청남도 공주시 공주대학로 87, 1층",041-881-3890,https://theborndb.theborn.co.kr/wp-content/uploads/20170824_050602.jpg,08:00 ~ 22:00(라스트오더 21:30),연중무휴,테이블 4개 / 좌석 8석,불가,,113979,102097
1533,2353,공덕역롯데캐슬점,빽다방,서울특별시,"서울 마포구 마포대로 109 (공덕동, 롯데캐슬프레지던트)",02-718-7367,https://theborndb.theborn.co.kr/wp-content/uploads/20170829_010739.jpg,07:00 ~ 17:00,연중무휴,TAKE-OUT 전용,건물 내 유료주차장 이용 가능,,110260,603281
1534,2352,고양서정마을점,빽다방,경기도,경기도 고양시 덕양구 서정마을1로 20-10,031-979-2100,https://theborndb.theborn.co.kr/wp-content/uploads/20241128_065037.png,"평일 08:00 ~ 21:00
주말 09:00 ~ 21:00",연중무휴,테이블 7개 / 좌석 14석,불가,,114344,102188
1535,2351,고속터미널역점,빽다방,서울특별시,서울특별시 서초구 신반포로 177 반포쇼핑타운 1층 16호,02-535-3608,https://theborndb.theborn.co.kr/wp-content/uploads/20211109_004105.jpg,08:00 ~ 20:00,연중무휴,테이크 아웃 매장,불가,,111525,602810
1536,2350,계양구청점,빽다방,인천광역시,"인천시 계양구 계산새로 71, 하이베라스 C-111호",032-288-0101,https://theborndb.theborn.co.kr/wp-content/uploads/20241031_014058.png,08:30 ~ 22:00,연중무휴,테이블3개 / 좌석 6석,가능,,114297,602957
1537,2349,경주분황사점,빽다방,경상북도,"경상북도 경주시 알천남로 314, 1층",054-777-6070,https://theborndb.theborn.co.kr/wp-content/uploads/20170829_090933.jpg,08:00 ~ 21:30,연중무휴,테이블 21개 / 좌석 38석,가능,,100227,102406
1538,2345,경북대정문점,빽다방,대구광역시,"대구시 동구 경대로 36, 1층",053 -959-6151,https://theborndb.theborn.co.kr/wp-content/uploads/20231222_030457.jpg,09:00 ~ 21:00,연중무휴,없음,불가,,113676,102566
1539,2344,군포당동우체국점,빽다방,경기도,"경기도 군포시 군포로499번길 3, 1층",031-427-3669,https://theborndb.theborn.co.kr/wp-content/uploads/20170829_084936.jpg,08:30 ~ 22:00,연중무휴,8테이블 16석,불가,,100181,102698
1540,2343,구파발역점,빽다방,서울특별시,서울특별시 은평구  진관2로 15-46 메트로 프라자 1층 110호,02-389-0101,https://theborndb.theborn.co.kr/wp-content/uploads/20170829_010842.jpg,"월-토 08:00 ~ 21:30
일요일 08:30 ~ 21:00",연중무휴,테이블 13개 / 좌석 26석,불가,,112543,603445
1541,2340,구미역점,빽다방,경상북도,"경상북도 구미시 구미중앙로 80-1, 1층",054-456-1599,https://theborndb.theborn.co.kr/wp-content/uploads/20170829_012929.jpg,"월~토 09:00 ~ 21:00
일요일 09:30 ~ 21:00",연중무휴,테이블 12개 / 좌석 24석,불가,,101587,102568
1542,2339,구미구평롯데점,빽다방,경상북도,"경상북도 구미시 인동36길 21, 1층",054-474-2313,https://theborndb.theborn.co.kr/wp-content/uploads/20170829_012742.jpg,09:00 ~ 22:00,연중무휴,테이블 2개 / 좌석 4석,불가,,107146,602956
1543,2338,구리인창늘푸른점,빽다방,경기도,"경기도 구리시 건원대로34번길 51, 삼환신일아파트상가 106호",031-555-8860,https://theborndb.theborn.co.kr/wp-content/uploads/20170829_093121.jpg,08:00 ~ 21:00,연중무휴,테이블 4개 / 좌석 8석,불가,,102649,101875
1544,2337,구리돌다리점,빽다방,경기도,"경기도 구리시 검배로6번길 27, 1층",031-555-5557,https://theborndb.theborn.co.kr/wp-content/uploads/20170829_064956.jpg,08:30 ~ 23:00,명절 당일,8테이블 14석,불가,,100052,101996
1545,2336,구로코오롱점,빽다방,서울특별시,"서울특별시 구로구 디지털로30길 31, 코오롱빌란트2차 109호",02-2081-1675,https://theborndb.theborn.co.kr/wp-content/uploads/20200827_023929.jpg,07:30 ~ 20:00,주말,테이블 16 / 좌석 32,불가,,109993,602796
1546,2334,구로로제리움점,빽다방,서울특별시,"서울시 구로구 가마산로26길 5, 로제리움2차 104호",02-856-0375,https://theborndb.theborn.co.kr/wp-content/uploads/20170829_005345.jpg,07:30 ~ 23:00,연중무휴,7테이블 8석,불가,※ 주말 영업시간은 09:00 ~ 23:00 입니다.,106868,602898
1547,2331,광주충장로2호점,빽다방,광주광역시,광주광역시 동구 금남로1가 19-4,062-222-7454,https://theborndb.theborn.co.kr/wp-content/uploads/20170829_092051.jpg,"월-토요일 08:30 ~ 22:00
일요일 10:00 ~ 21:30",연중무휴,20테이블 40석,불가,,101114,102270
1548,2330,광주충장로1호점,빽다방,광주광역시,"광주시 동구 중앙로160번길 15-6, 1~2층",062-225-5481,https://theborndb.theborn.co.kr/wp-content/uploads/20170829_095322.jpg,"평일 10:30 ~ 22:00
주말 11:00 ~ 22:30",명절 당일,테이블 35개 / 좌석 70석,불가,,114805,102068
1549,2328,광주첨단로데오점,빽다방,광주광역시,"광주시 광산구 첨단중앙로106번길 11, 104호",062-973-8054,https://theborndb.theborn.co.kr/wp-content/uploads/20170829_092012.jpg,"월~토 08:00 ~ 22:30
일요일 09:00 ~ 22:30
라스트오더 22:15",연중무휴,테이블 9개 / 좌석 10석,불가,,100087,102141
1550,2327,광주이마트점,빽다방,경기도,"경기도 광주시 광주대로 30, 광주터미널 이프라자 ,1층",031-799-7710,https://theborndb.theborn.co.kr/wp-content/uploads/20170829_073059.jpg,08:00 ~ 22:00,명절 당일,6테이블 12석,불가,,102606,101834
1551,2326,광주수완대로점,빽다방,광주광역시,"광주 광산구 장신로 135 ,1층 빽다방",062-956-2965,https://theborndb.theborn.co.kr/wp-content/uploads/20230623_074436.jpg,08:00~22:00,연중무휴,테이블 7개 / 좌석 14석,불가,,107247,603001
1552,2325,광주상무1호점,빽다방,광주광역시,광주광역시 서구 상무중앙로 103,070-8671-1447,https://theborndb.theborn.co.kr/wp-content/uploads/20230830_090804.jpg,"평일 07:00 ~ 21:00
주말 08:00 ~ 21:00",연중무휴,테이블 11개 / 좌석 22석,불가,,114748,103715
1553,2324,대구도원골든점,빽다방,대구광역시,"대구시 달서구 도원로 24, 1층",053-635-0853,https://theborndb.theborn.co.kr/wp-content/uploads/20170829_012815.jpg,"평일 09:00 ~ 22:00
주말 08:00 ~ 22:00",연중무휴,테이블 6개 / 좌석 10석,불가,,109450,603137
1554,2322,대구교동시장점,빽다방,대구광역시,대구광역시 중구 북성로1가 1-11길 (동성로 82),053-426-7877,https://theborndb.theborn.co.kr/wp-content/uploads/20240806_061042.png,"평일 08:30 ~ 20:30
주말 09:00 ~ 20:30
(라스트오더 20:15)",연중무휴,테이블 8개 / 좌석 28석,불가,,107641,603076
1555,2320,대구감삼역점,빽다방,대구광역시,"대구시 달서구 달구벌대로 1662, 1층",053-566-3911,https://theborndb.theborn.co.kr/wp-content/uploads/20170829_013012.jpg,07:30 ~ 21:00,연중무휴,테이블 5개 / 좌석 10석,불가,,100119,102552
1556,2319,단대오거리역점,빽다방,경기도,"경기도 성남시 중원구 산성대로 354, 태성빌딩 1층",031-731-0503,https://theborndb.theborn.co.kr/wp-content/uploads/20170829_073118.jpg,08:00 ~ 22:30,연중무휴,테이블 10개 / 좌석 20석,불가,,100134,102173
1557,2317,논산시청점,빽다방,충청남도,"충청남도 논산시 시민로194번길 10, 1층",041-733-7121,https://theborndb.theborn.co.kr/wp-content/uploads/20170829_092125.jpg,"평일 08:00 ~ 18:00
주말 09:00 ~ 19:00",연중무휴,테이블 7개 / 좌석 14석,불가,,114381,603503
1558,2316,노원역우리은행점,빽다방,서울특별시,"서울시 노원구 노해로 482, 덕영빌딩 102",02-930-1350,https://theborndb.theborn.co.kr/wp-content/uploads/20250102_032243.png,"월-토요일 08:00 ~ 20:00
일요일 08:00 ~ 19:00",연중무휴,테이블 8개 / 좌석 10석,불가,,100125,101991
1559,2314,노량진학원점,빽다방,서울특별시,"서울시 동작구 만양로 94-2, 1층",02-811-7737,https://theborndb.theborn.co.kr/wp-content/uploads/20170829_005551.jpg,06:30 ~ 23:00,연중무휴,9테이블 18석,불가,,104013,102135
1560,2312,남양주장현점,빽다방,경기도,"경기도 남양주시 진접읍 장현로 77, 장현프라자 130",031-574-0480,https://theborndb.theborn.co.kr/wp-content/uploads/20250321_085035.png,08:00 ~ 21:30,연중무휴,테이블 16개 / 좌석 32석,가능,,114600,102171
1561,2310,김포한강CGV점,빽다방,경기도,"경기도 김포시 김포한강11로 288-32, 골든스퀘어 117호",031-997-4556,https://theborndb.theborn.co.kr/wp-content/uploads/20170829_011017.jpg,"평일 08:30 ~ 21:00
주말 09:00 ~ 21:00",연중무휴,8테이블 16석,불가,,109283,603620
1562,2309,김포장기쌍용점,빽다방,경기도,"경기도 김포시 김포한강2로23번길 50, 더베니스 111호",031-988-4563,https://theborndb.theborn.co.kr/wp-content/uploads/20170829_010955.jpg,"평일 09:00 ~ 20:00
주말 09:00 ~ 21:00",연중무휴,테이블 4개 / 좌석 8석,불가,,114989,
1563,2307,길음역점,빽다방,서울특별시,"서울특별시 성북구 동소문로 248, 삼부상가 110호",02-909-3002,https://theborndb.theborn.co.kr/wp-content/uploads/20250930_010607.png,08:00 ~ 22:00,연중무휴,없음,불가,,114875,
1564,2305,금정역점,빽다방,경기도,"경기도 군포시 산본천로 226번길 1, 1층",031-393-3694,https://theborndb.theborn.co.kr/wp-content/uploads/20241220_071227.png,07:30 ~ 22:00,연중무휴,테이블 8개 / 좌석 16석,불가,,110977,602927
1565,2304,대전관평중점,빽다방,대전광역시,"대전시 유성구 테크노4로 115, 1층",042-931-0606,https://theborndb.theborn.co.kr/wp-content/uploads/20170824_061356.jpg,"평일 08:00 ~ 22:00
주말 09:00 ~ 22:00",명절 당일,8테이블 16석,불가,,100214,102128
1566,2303,대전가오CGV점,빽다방,대전광역시,대전광역시 동구 가오동607번지 105호,042-273-0915,https://theborndb.theborn.co.kr/wp-content/uploads/20170824_050852.jpg,09:00 ~ 22:00,연중무휴,2테이블 2석,지하주차장 이용 가능 (매장 후면),,100833,102309
1567,2301,대구혁신1호점,빽다방,대구광역시,"대구시 동구 첨단로8길 10, 이노타워 1층",053-965-9399,https://theborndb.theborn.co.kr/wp-content/uploads/20230710_013024.jpg,"평일 08:00 ~ 20:00
주말 10:00 ~ 18:00",연중무휴,테이블 20개 / 좌석 40석,불가,,100283,102592
1568,2299,대구칠곡점,빽다방,대구광역시,대구광역시 북구 칠곡중앙대로 638,053-325-3737,https://theborndb.theborn.co.kr/wp-content/uploads/20170829_014337.jpg,"평일 08:30 ~ 21:30
주말 08:30 ~ 21:00",명절 당일,테이블 9개 / 좌석 12석,50대 가능,,101465,101790
1569,2298,대구죽전삼정점,빽다방,대구광역시,대구광역시 달서구 달구벌대로 1533,053-567-3911,https://theborndb.theborn.co.kr/wp-content/uploads/20190710_031109.jpg,08:30 ~ 22:00,연중무휴,10테이블 14석,불가,,106452,602799
1570,2296,대구월성원더풀점,빽다방,대구광역시,"대구시 달서구 조암로 48, 1층",053-202-1223,https://theborndb.theborn.co.kr/wp-content/uploads/20220111_082709.jpg,08:30 ~ 23:00,연중무휴,12테이블 24석,지하주차장 이용 가능,,100829,102120
1571,2294,대구성서롯데점,빽다방,대구광역시,"대구시 달서구 성서로 414, 메가스타 112호",053-582-1607,https://theborndb.theborn.co.kr/wp-content/uploads/20220113_001552.jpg,09:00 ~ 21:00,연중무휴,테이블 9개 / 좌석 18석,지하주차장 이용 가능,,100253,102002
1572,2293,대구상인역롯데점,빽다방,대구광역시,대구 달서구 상인서로 103-6,053-638-3991,https://theborndb.theborn.co.kr/wp-content/uploads/20231108_021823.jpg,08:00 ~ 22:00,연중무휴,테이블 11개 / 좌석 22석,불가,,108362,603322
1573,2291,대구보건대점,빽다방,대구광역시,"대구시 북구 칠곡중앙대로69길 26, 1층",053-311-3911,https://theborndb.theborn.co.kr/wp-content/uploads/20170829_013501.jpg,"평일 08:00 ~ 19:00
주말 09:00 ~ 19:00",명절당일,14테이블 28석,불가,학교 앞 특성상 상황에 따라 영업시간이 단축/연장 될 수도 있습니다.,100862,102326
1574,2290,대구범어역점,빽다방,대구광역시,"대구시 수성구 달구벌대로 2396, 1층",053-741-1308,https://theborndb.theborn.co.kr/wp-content/uploads/20250425_082614.png,"평일 07:00 ~ 20:30
토요일 07:00 ~ 21:30",매주 일요일,테이블 14개 / 좌석 30석,불가,,114704,602871
1575,2289,대구반월당현대점,빽다방,대구광역시,"대구시 중구 달구벌대로 2081-22, 1층",053-255-5814,https://theborndb.theborn.co.kr/wp-content/uploads/20170829_013418.jpg,"평일 08:00 ~ 20:00
주말 07:30 ~ 21:00",연중무휴,테이블 7개 / 좌석 15석,불가,,100826,102364
1576,2288,대구반월당지하점,빽다방,대구광역시,"대구시 중구 달구벌대로 지하 2100, 메트로센터 지하 C-112호",053-253-0169,https://theborndb.theborn.co.kr/wp-content/uploads/20170829_013357.jpg,"월 ~ 토 08:00 ~ 22:00
일요일 09:00 ~ 21:00","설,추석 당일 / 4월,10월 첫째주 월요일",10테이블 20석,불가,,100152,102385
1577,2287,대구두류점,빽다방,대구광역시,"대구시 달서구 달구벌대로344길 34, 1층",053-626-7898,https://theborndb.theborn.co.kr/wp-content/uploads/20170829_013327.jpg,"월~목 09:30 ~ 23:00
금요일 09:30 ~ 24:00
토요일 10:00 ~ 24:00
일요일 10:00 ~ 23:00",연중무휴,테이블 3개 / 좌석 6석,불가,,100763,101965
1578,2285,대구동성로2호점,빽다방,대구광역시,"대구광역시 중구 동성로 5길 11, 1층 (동성로 2가)",053-428-6001,https://theborndb.theborn.co.kr/wp-content/uploads/20170829_013238.jpg,"평일 09:00 ~ 17:00
주말 09:30 ~ 17:00",연중무휴,없음(TAKE-OUT 매장),불가,,110083,101909
1579,2283,대전한남대점,빽다방,대전광역시,대전광역시 대덕구 한남로 27,042-628-2104,https://theborndb.theborn.co.kr/wp-content/uploads/20170824_065248.jpg,09:00 ~ 23:00,연중무휴,18테이블 35석,불가,,101557,102016
1580,2282,대전터미널서관점,빽다방,대전광역시,"대전시 동구 동서대로 1689, 대번복합터미널 서관 136호",042-621-2848,https://theborndb.theborn.co.kr/wp-content/uploads/20170824_064220.jpg,08:30 ~ 24:00,연중무휴,없음,가능(유료),,102753,102239
1581,2281,대전탄방세이점,빽다방,대전광역시,"대전시 서구 문정로 86, 1층",042-471-1009,https://theborndb.theborn.co.kr/wp-content/uploads/20170824_063613.jpg,09:00 ~ 21:00,연중무휴,테이블 6개 / 좌석 12석,불가,,100661,102118
1582,2280,대전타임월드점,빽다방,대전광역시,"대전시 서구 둔산로31번길 35, 1층",042-487-8334,https://theborndb.theborn.co.kr/wp-content/uploads/20170824_063340.jpg,09:00 ~ 21:00,연중무휴,테이블 4개 / 좌석 8석,불가,,100034,102673
1583,2279,대전을지병원점,빽다방,대전광역시,대전광역시 서구 대덕대로 238,042-489-5566,https://theborndb.theborn.co.kr/wp-content/uploads/20200304_004933.jpg,"평일 07:30 ~ 21:30
주말 08:00 ~ 21:30",연중무휴,테이블 20개 / 좌석 40석,불가,,115108,
1584,2278,대전은행점,빽다방,대전광역시,대전광역시 중구 중앙로156번길 24,042-226-7070,https://theborndb.theborn.co.kr/wp-content/uploads/20170824_062653.jpg,08:20 ~ 22:30,연중무휴,6테이블 9석,불가,,100660,102208
1585,2277,대전은행2호점,빽다방,대전광역시,대전시 중구 대종로480번길 56,042-223-0628,https://theborndb.theborn.co.kr/wp-content/uploads/20231120_053949.jpg,09:00 ~ 21:00,연중무휴,48테이블 96석,불가,,106617,602836
1586,2276,유성리베라점,빽다방,대전광역시,대전 유성구 봉명동 468-3,042-826-2171,https://theborndb.theborn.co.kr/wp-content/uploads/20211103_070432.jpg,"평일 07:00 ~ 23:00
주말 08:00 ~ 22:00",연중무휴,테이블 8개 / 좌석 16석,상가 주차장 이용 가능,,114822,102211
1587,2275,대전우송대점,빽다방,대전광역시,"대전시 동구 동대전로 169, 1층",042-627-0305,https://theborndb.theborn.co.kr/wp-content/uploads/20240820_070348.png,24시간 영업,"구정, 추석 당일",테이블 4개 / 좌석 8석,불가(정차 가능),,100103,102303
1588,2274,대전시청역점,빽다방,대전광역시,"대전시 서구 둔산중로 40, 리치빌 1층",042-488-2914,https://theborndb.theborn.co.kr/wp-content/uploads/20230119_011329.jpg,"월-화 07:30 ~ 23:30
수-토 07:30 ~ 24:00
일요일 08:00 ~ 23:00",연중무휴,4테이블 8석,건물 내 이용고객 1시간 무료,,100854,102078
1589,2273,대전스타게이트점,빽다방,대전광역시,"대전시 서구 대덕대로 325, 스타게이트 1층 65호",042-484-3971,https://theborndb.theborn.co.kr/wp-content/uploads/20250519_092627.png,08:00 ~ 22:00,연중무휴,테이블 6개 / 좌석 12석,불가,,114757,
1590,2272,대전송촌공원점,빽다방,대전광역시,"대전시 대덕구 송촌북로16번길 58, 1층",0507-1332-7806,https://theborndb.theborn.co.kr/wp-content/uploads/20170824_062204.jpg,08:00 ~ 21:00,연중무휴,테이블 10개 / 좌석 20석,불가,,112591,102203
1591,2271,대전법원점,빽다방,대전광역시,"대전 서구 둔산로137번길 27, 둔산빌딩 1층",042-472-1274,https://theborndb.theborn.co.kr/wp-content/uploads/20220330_090027.jpg,"평일 08:00 ~ 22:00
주말 09:00 ~ 22:00",연중무휴,테이블 12개 / 좌석 24석,불가,,112035,101744
1592,2270,대전배재대점,빽다방,대전광역시,대전광역시 서구 배재로 160 (도마동),,https://theborndb.theborn.co.kr/wp-content/uploads/20170824_062003.jpg,"평일 08:30 ~ 21:00
주말,공휴일 09:00 ~ 18:00",명절 당일,테이블 14개 / 좌석 28석,불가,,102009,101850
1593,2269,대전반석역점,빽다방,대전광역시,대전광역시 유성구 북유성대로 303,042-825-0373,https://theborndb.theborn.co.kr/wp-content/uploads/20241213_075157.png,07:30 ~ 22:30,연중무휴,테이블 6개 / 좌석 11석,불가,,106805,602858
1594,2268,대전롯데점,빽다방,대전광역시,"대전시 서구 도솔로 382, 1층",042-534-9396,https://theborndb.theborn.co.kr/wp-content/uploads/20241122_011410.png,"일~목 08:30 ~ 21:30
금~토 08:30 ~ 22:00",연중무휴,테이블 8개 / 좌석 16석,불가,,107632,603059
1595,2267,대전둔산향촌점,빽다방,대전광역시,"대전시 서구 둔산로 14, 1층",042-487-6100,https://theborndb.theborn.co.kr/wp-content/uploads/20170824_061607.jpg,"월-토요일 08:00 ~ 20:30
일요일 08:00 ~ 20:00",연중무휴,8테이블 16석,불가,,100738,101998
1596,2266,대전둔산중앙점,빽다방,대전광역시,"대전시 서구 대덕대로185번길 22, 1층",042-483-7667,https://theborndb.theborn.co.kr/wp-content/uploads/20170824_061520.jpg,"일~목 10:00~24:00
금, 토 10:00 ~ 익일 02:00",연중무휴,없음,불가,,101524,102161
1597,2265,대전노은CGV점,빽다방,대전광역시,"대전시 유성구 은구비남로33번길 5, 경남아너스빌 111호",042-822-3283,https://theborndb.theborn.co.kr/wp-content/uploads/20170824_061432.jpg,"월~토 08:00 ~ 22:00
일요일 09:00 ~ 22:00",연중무휴,7테이블 14석,지하주차장 이용 가능,,107957,603176
1598,2262,마포복사꽃공원점,빽다방,서울특별시,서울 마포구 마포대로4길 16,02-6403-7100,https://theborndb.theborn.co.kr/wp-content/uploads/20170829_011045.jpg,"평일 06:30 ~ 22:00
주말 07:00 ~ 22:00
설날,추석 08:00 ~ 22:00",명절 당일,17테이블 25석,불가,,101699,101840
1599,2260,동해천곡점,빽다방,강원도,"강원도 동해시 한섬로 111-7, 현진빌딩 106호",033-535-2323,https://theborndb.theborn.co.kr/wp-content/uploads/20210716_015158.jpg,08:00 ~ 22:00,명절당일,테이블 11개 / 좌석 19석,지하주차장 이용 가능,,111113,101775
1600,2259,동탄은행사거리점,빽다방,경기도,"경기 화성시 동탄지성로 121 (반송동43-2),센터럴파크 오피스텔 105호",031-613-8293,https://theborndb.theborn.co.kr/wp-content/uploads/20170829_070739.jpg,"평일 08:10 ~ 14:00
주말 09:00 ~ 15:00",연중무휴,테이블 4개 / 좌석 13석,가능,,100629,102288
1601,2258,동탄석우점,빽다방,경기도,"경기도 화성시 삼성1로 160, 디지털스테이션 1층",031-8003-3134,https://theborndb.theborn.co.kr/wp-content/uploads/20170829_070622.jpg,"평일 06:00 ~ 22:00
토요일 06:00 ~ 19:00
일요일 11:00 ~ 18:00",연중무휴,10테이블 20석,가능,,106451,602798
1602,2256,동탄남광장점,빽다방,경기도,"경기도 화성시 메타폴리스로 54, 117호",031-613-1148,https://theborndb.theborn.co.kr/wp-content/uploads/20231124_031408.jpg,"평일 08:00 ~ 21:30
토요일 09:00 ~ 21:30
일요일 09:30 ~ 21:30",연중무휴,테이블 14개 / 좌석 28석,불가,,113903,603466
1603,2254,동여의도점,빽다방,서울특별시,"서울 영등포구 국제금융로 86 (여의도동, 롯데캐슬 아이비) 상가 1층 124호",02-786-0020,https://theborndb.theborn.co.kr/wp-content/uploads/20200402_070426.jpg,08:30 ~ 21:30,연중무휴,테이블 6개 / 좌석 12석,가능,,109583,603760
1604,2253,부산동아대승학점,빽다방,부산광역시,부산광역시 사하구 하단2동 816-3,051-914-8285,https://theborndb.theborn.co.kr/wp-content/uploads/20180531_064431.png,"평일 09:00 ~ 21:00
주말 10:00 ~ 20:00","1/1, 구정, 추석 당일",16테이블 32석,불가,,106921,602918
1605,2252,대구동성로1호점,빽다방,대구광역시,대구광역시 중구 동성로 34-3,0507-0289-9407,https://theborndb.theborn.co.kr/wp-content/uploads/20250526_065342.jpg,"평일 08:00 ~ 22:00
주말 08:00 ~ 21:30",연중무휴,테이블 5개 / 좌석 14석,불가,,114749,
1606,2251,동서울대점,빽다방,경기도,경기도 성남시 수정구 복정로 72번길 4,031-759-2929,https://theborndb.theborn.co.kr/wp-content/uploads/20220118_005720.jpg,"평일 07:30 ~ 21:00
주말 08:30 ~ 21:00",연중무휴,테이블 2개 / 좌석 2석,불가,,111114,101843
1607,2248,독산롯데점,빽다방,서울특별시,"서울특별시 금천구 시흥대로 399, 시티렉스 102",02-805-8885,https://theborndb.theborn.co.kr/wp-content/uploads/20230918_013645.jpg,08:00 ~ 22:00,연중무휴,테이블 12개 / 좌석 24석,불가,,101073,102217
1608,2241,부산광복로점,빽다방,부산광역시,"부산시 중구 남포길 25-6, 1~2층",051-254-0410,https://theborndb.theborn.co.kr/wp-content/uploads/20170829_090058.jpg,"평일 10:00 ~ 18:00
주말 10:00 ~ 20:00",연중무휴,12석,불가,,100095,102335
1609,2239,범계역점,빽다방,경기도,경기도 안양시 동안구 평촌대로 223번길 42,031-387-7713,https://theborndb.theborn.co.kr/wp-content/uploads/20170829_012138.jpg,08:00 ~ 23:00,명절 당일,6테이블 6석,불가,,101571,101801
1610,2238,범계역사거리점,빽다방,경기도,경기도 안양시 시민대로 171 금강벤처텔 1층,031-382-2322,https://theborndb.theborn.co.kr/wp-content/uploads/20240103_070319.jpg,"평일 08:00 ~ 21:00
토요일 08:30 ~ 21:00
일요일 09:00 ~ 21:00",연중무휴,테이블 10개 / 좌석 20석,가능,,113643,603598
1611,2237,방화사거리점,빽다방,서울특별시,"서울시 강서구 금낭화로 91-2, 대승프라자 1층",02-2663-9560,https://theborndb.theborn.co.kr/wp-content/uploads/20170829_010151.jpg,"평일 08:00 ~ 21:30
주말 08:30 ~ 21:30","명절연휴, 당일",테이블 14개 / 좌석 28석,불가,,101156,101807
1612,2236,반포고투몰점,빽다방,서울특별시,"서울시 서초구 신반포로 지하 200, 강남터미널 지하쇼핑몰 G-018호",02-537-5526,https://theborndb.theborn.co.kr/wp-content/uploads/20170828_101500.jpg,"월~토 08:00 ~ 20:30
일요일 09:00 ~ 20:30",연중무휴,테이블 4개 / 좌석 9석,불가,,103808,101787
1613,2235,반포고투몰2호점,빽다방,서울특별시,"서울특별시 서초구 신반포로 지하200, 강남터미널 지하쇼핑몰 T-012호",02-3477-6663,https://theborndb.theborn.co.kr/wp-content/uploads/20170828_101426.jpg,"평일 07:10 ~ 19:30
주말 07:30 ~ 20:00",연중무휴,없음,불가,,103807,102169
1614,2234,미금역농협점,빽다방,경기도,"경기도 성남시 분당구 돌마로90번길 4, 엘레강스프라자 1동 104호",031-713-1021,https://theborndb.theborn.co.kr/wp-content/uploads/20170829_073519.jpg,"평일 08:00 ~ 22:30
주말/공휴일 09:00 ~ 21:30",연중무휴,테이블 2개 / 좌석 4석,불가,,111408,102112
1615,2233,문산시장점,빽다방,경기도,"경기도 파주시 문산읍 문산로 35-3, 1~2층",031-952-1027,https://theborndb.theborn.co.kr/wp-content/uploads/20240108_014836.png,09:00 ~ 21:00,연중무휴,테이블 23개 / 좌석 46석,불가,,113650,102159
1616,2231,목포장미의거리점,빽다방,전라남도,"전라남도 목포시 비파로51번길 31, 1층(상동)",061-283-0170,https://theborndb.theborn.co.kr/wp-content/uploads/20210310_023555.jpg,08:00 ~ 22:00,연중무휴,테이블 22개 / 좌석 44석,불가,목포 장미의거리 롯데슈퍼 인근,100635,102415
1617,2230,목동파리공원점,빽다방,서울특별시,서울 양천구 목동서로 65 (목동가든스위트),02-2648-8202,https://theborndb.theborn.co.kr/wp-content/uploads/20240913_065921.png,08:00 ~ 22:00,연중무휴,테이블 8개 / 좌석 16석,불가,,114196,603490
1618,2229,목동역점,빽다방,서울특별시,서울 양천구 오목로 231 (신정동),02-2606-1883,https://theborndb.theborn.co.kr/wp-content/uploads/20230623_094217.jpg,08:00 ~ 22:00,연중무휴,테이블 10개 / 좌석 20석,불가,,109919,101952
1619,2227,명학역점,빽다방,경기도,"경기도 안양시 만안구 안양로 110, 1층",031-340-7758,https://theborndb.theborn.co.kr/wp-content/uploads/20170829_012101.jpg,"월~토 08:00 ~ 21:00
일요일 09:00 ~ 21:00",연중무휴,4테이블 8석,불가,,101526,102227
1620,2226,명일역점,빽다방,서울특별시,"서울시 강동구 구천면로 418, 1층",,https://theborndb.theborn.co.kr/wp-content/uploads/20170828_101326.jpg,08:00 ~ 22:00,연중무휴,테이블 6개 / 좌석 12석,불가,,113875,102302
1621,2224,부평청천중점,빽다방,인천광역시,인천시 부평구 부평구 세월천로 35,032-511-7978,https://theborndb.theborn.co.kr/wp-content/uploads/20170824_071424.jpg,09:00 ~ 22ㅣ00,연중무휴,테이블 12개 / 좌석 24석,불가,,109352,602872
1622,2223,부평테마의거리점,빽다방,인천광역시,"인천광역시 부평구 경원대로 1395, 부평일번가빌딩 110호",032-525-1123,https://theborndb.theborn.co.kr/wp-content/uploads/20170824_071121.jpg,"월~토 08:00 ~ 23:30
일, 공휴일 09:00 ~ 23:30",연중무휴,테이블 4개 / 좌석 8석,불가,,110976,602948
1623,2222,부평로데오점,빽다방,인천광역시,인천광역시 부평구 부평대로20번길 18-1,032-514-7775,https://theborndb.theborn.co.kr/wp-content/uploads/20210730_053958.jpg,09:00 ~ 22:00,연중무휴,테이블 2개 / 좌석 8석,불가,,111144,101788
1624,2221,부천중동현대점,빽다방,경기도,"경기도 부천시 석천로169번길 34, 파크리움 103호",032-327-3777,https://theborndb.theborn.co.kr/wp-content/uploads/20220628_065629.jpg,"월~토 07:00 ~ 23:00
일 08:00 ~ 23:00
(아이스크림 마감 21:00)",연중무휴,테이블 11개 / 좌석 22석,불가,,112259,101899
1625,2220,부천원종중앙점,빽다방,경기도,"경기도 부천시 오정구 소사로 747, 1층",032-672-0798,https://theborndb.theborn.co.kr/wp-content/uploads/20170824_070805.jpg,09:00 ~ 23:00,명절 당일,,매장 뒤쪽 주차장,,100840,102131
1626,2219,부천역CGV점,빽다방,경기도,경기도 부천시 원미구 부일로460번길 5,032-667-9548,https://theborndb.theborn.co.kr/wp-content/uploads/20170824_070723.jpg,09:00 ~ 23:00,연중무휴,테이블 5 / 좌석 10,불가,,109876,102186
1627,2217,부천신중동점,빽다방,경기도,"경기도 부천시 중동로 254번길 64, 신일아르디세 104호",032-221-0844,https://theborndb.theborn.co.kr/wp-content/uploads/20221226_012726.jpg,"월~토 08:00 ~ 22:00
일요일,공휴일 09:00 ~ 22:00",연중무휴,테이블 18개 / 좌석 40석,가능,롯데백화점 뒷편 먹자골목,110554,603261
1628,2216,부천상지초교점,빽다방,경기도,"경기도 부천시 원미구 장말로199번길 6-4, 1층",032-656-2400,https://theborndb.theborn.co.kr/wp-content/uploads/20170824_070241.jpg,08:30 ~ 20:00,매주 월요일,테이블 8개 / 좌석 16석,불가,,100685,102297
1629,2215,부산화명코오롱점,빽다방,부산광역시,"부산시 북구 금곡대로285번길 19, 1층",051-363-3197,https://theborndb.theborn.co.kr/wp-content/uploads/20170829_090516.jpg,"평일, 주말 09:00 ~ 23:00
라스트오더 22:30 (평일, 주말)
아이스크림 마감시간 21:30",연중무휴,9테이블 18석,건물 주차장 이용 가능 (유료),,110485,102407
1630,2213,부산정관동오점,빽다방,부산광역시,"부산광역시 기장군 정관면 정관읍 정관7로 17-3, 동오A타워 105호",051-727-8033,https://theborndb.theborn.co.kr/wp-content/uploads/20170829_090433.jpg,"08:30 ~ 22:00
(스마트오더 8:30~21:50)",연중무휴,테이블 8 / 좌석 16,불가,,109994,603267
1631,2212,부산장산역점,빽다방,부산광역시,"부산시 해운대구 해운대로 814, 1층",051-703-8434,https://theborndb.theborn.co.kr/wp-content/uploads/20170829_090411.jpg,08:00 ~ 02:00(아이스크림 마감 24:00),연중무휴,6테이블 12석,불가,,102754,102398
1632,2203,서산호수공원점,빽다방,충청남도,"충청남도 서산시 호수공원10로 7, 101호 (예천동, 배터라이프)",041-666-0180,https://theborndb.theborn.co.kr/wp-content/uploads/20170829_092307.jpg,08:00 ~ 20:00,연중무휴,테이블 8개 / 좌석 36석,불가,,111641,102197
1633,2201,서대전홈플러스점,빽다방,대전광역시,대전시 중구 계백로 1686번길 16,042-587-0410,https://theborndb.theborn.co.kr/wp-content/uploads/20170824_065435.jpg,08:00 ~ 22:15,명절 당일,13테이블 14석,불가,,100190,102157
1634,2199,상현역점,빽다방,경기도,"경기도 용인시 수지구 광교중앙로 310, 신명프라자 105호",031-261-9749,https://theborndb.theborn.co.kr/wp-content/uploads/20250102_031548.png,"평일 07:00 ~ 22:00
주말 08:00 ~ 22:00",연중무휴,테이블 6개 / 좌석 12석,가능(유료),,114842,603153
1635,2198,상암KGIT점,빽다방,서울특별시,"서울특별시 마포구 월드컵북로 402, KGIT센터 105",02-6393-5582,https://theborndb.theborn.co.kr/wp-content/uploads/20230629_032614.jpg,"평일 07:00 ~ 19:00
토요일 09:00 ~ 17:00",매주 일요일,테이블 13개 / 좌석 31석,건물 내 유료주차장 이용 가능,,114823,603209
1636,2197,상동역푸른마을점,빽다방,경기도,"경기도 부천시 원미구 상동로 84,1층",032-328-9960,https://theborndb.theborn.co.kr/wp-content/uploads/20170824_071539.jpg,"화~금 08:00 ~ 22:00
토요일 09:00 ~ 22:00
일요일 09:00 ~ 21:00",매주 월요일,테이블 6개 / 좌석 12석,불가,,100850,101916
1637,2196,상동역북부점,빽다방,경기도,경기 부천시 길주로 105,032-328-3400,https://theborndb.theborn.co.kr/wp-content/uploads/20170824_071510.jpg,"평일 08:00 ~ 21:50
주말 09:00 ~ 21:50",연중무휴,테이블 12개 / 좌석20석,세이브존 주차장 이용 가능,,108306,603293
1638,2195,삼척대학로점,빽다방,강원도,강원특별자치도 삼척시 진주로 29,033-940-1220,https://theborndb.theborn.co.kr/wp-content/uploads/20240123_015212.png,"평일 08:00 ~ 22:00
주말 09:00 ~ 22:00",연중무휴,테이블 5개 / 좌석 10석,불가,,113663,101955
1639,2194,삼성전자정문점,빽다방,경기도,경기도 수원시 영통구 삼성로 172-4,031-8081-0079,https://theborndb.theborn.co.kr/wp-content/uploads/20170829_094550.jpg,"평일 07:30 ~ 20:00
토요일, 공휴일 10:00 ~ 18:00",일요일,4테이블 8석,불가,,100092,101817
1640,2192,산본중앙점,빽다방,경기도,"경기도 군포시 산본로343번길 23, 1층",031-393-8550,https://theborndb.theborn.co.kr/wp-content/uploads/20170829_085217.jpg,"월-토요일 08:30 ~ 21:00
일요일 09:00 ~ 21:00",연중무휴,4테이블 9석,불가,※아이스크림 마감 21:00 입니다.,101453,101926
1641,2191,산본역점,빽다방,경기도,"경기도 군포시 산본로323번길 16-5, 1층",031-390-6210,https://theborndb.theborn.co.kr/wp-content/uploads/20170829_085144.jpg,"평일 08:00 ~ 22:00(아이스크림 마감 20:30)
주말/공휴일 09:00 ~ 22:00(아이스크림 마감 20:30)",명절 연휴,없음,불가,,100126,102095
1642,2190,불광역점,빽다방,서울특별시,서울 은평구 통일로 738-1,02-352-3530,https://theborndb.theborn.co.kr/wp-content/uploads/20170829_011255.jpg,08:00 ~ 22:00,연중무휴,테이블 8개 / 좌석 16석,불가,,114228,101933
1643,2187,야탑역NC점,빽다방,경기도,"경기도 성남시 분당구 야탑로75번길 15, 세화2001빌딩 104-1호",031-703-3965,https://theborndb.theborn.co.kr/wp-content/uploads/20170829_073633.jpg,"평일 07:30 ~ 22:00
주말 08:00 ~ 22:00",연중무휴,7테이블 9석,불가,,100297,102057
1644,2186,분당서현대명점,빽다방,경기도,"경기도 성남시 분당구 황새울로360번길 12, 1층",031-706-4014,https://theborndb.theborn.co.kr/wp-content/uploads/20170829_073613.jpg,08:00 ~ 23:00,연중무휴,2테이블 4석,불가,,103686,101882
1645,2185,분당서현교보점,빽다방,경기도,"경기도 성남시 분당구 분당로 53번길9,106호",031-705-9323,https://theborndb.theborn.co.kr/wp-content/uploads/20170829_073555.jpg,"평일 07:30 ~ 21:30
주말 08:00 ~ 22:30",연중무휴,2테이블 4석,주차장 이용 가능 (1시간 무료),,100200,102291
1646,2184,송내역로데오점,빽다방,경기도,"경기도 부천시 상일로 92, 삼회월드프라자 102",032-323-7600,https://theborndb.theborn.co.kr/wp-content/uploads/20220928_020708.jpg,08:00 ~ 21:00,연중무휴,테이블 10개 / 좌석 20석,불가,,112519,603197
1647,2183,송내역남부점,빽다방,경기도,경기도 부천시 소사구 송내대로 33 105호,032-462-3259,https://theborndb.theborn.co.kr/wp-content/uploads/20170824_071837.jpg,"평일 07:30 ~ 23:00
토요일 08:30 ~ 23:00
일요일/공휴일 08:30 ~ 22:30",명절 당일,7테이블 14석,불가,,101131,102263
1648,2182,속초중앙로점,빽다방,강원도,"강원도 속초시 중앙로 123-1번지, 1층",070-8819-5504,https://theborndb.theborn.co.kr/wp-content/uploads/20170829_065329.jpg,08:30 ~ 21:00,연중무휴,4테이블 8석,불가,,100709,102699
1649,2180,센텀SH밸리점,빽다방,부산광역시,"부산시 해운대구 센텀동로 35, 1층",051-746-5011,https://theborndb.theborn.co.kr/wp-content/uploads/20170829_090624.jpg,"평일 06:30 ~ 18:00
토요일 09:00 ~ 18:00",매주 일요일,테이블 10개 / 좌석 20석,건물 주차장 이용 가능,,108786,603488
1650,2178,세종도담센트럴점,빽다방,세종특별자치시,"세종시 한누리대로 583, 도담센트럴프라자 105호",044-862-2290,https://theborndb.theborn.co.kr/wp-content/uploads/20230918_015550.jpg,"평일 08:30 ~ 22:00
주말 09:00 ~ 22:00",연중무휴,테이블 10개 / 좌석 20석,가능(무료),,114806,603485
1651,2177,성신여대역점,빽다방,서울특별시,"서울특별시 성북구 동소문로20나길 3, 1층",02-928-4618,https://theborndb.theborn.co.kr/wp-content/uploads/20170824_040039.jpg,"월~토 08:00 ~ 22:00
일요일, 공휴일 09:00 ~ 22:00",명절 당일,5테이블 10석,불가,,100042,101951
1652,2176,성수역롯데캐슬점,빽다방,서울특별시,"서울시 성동구 성수이로 113, 1층",02-464-2876,https://theborndb.theborn.co.kr/wp-content/uploads/20200417_060708.jpg,"월-토요일 08:00 ~ 22:00 (라스트오더 21:00)
일요일 및 공휴일 10:00 ~ 20:00 (라스트오더 19:00)",연중무휴,8테이블/14좌석,불가,,109657,603802
1653,2174,성남수진점,빽다방,경기도,"경기도 성남시 수정구 수정로 106, 113호",031-757-6288,https://theborndb.theborn.co.kr/wp-content/uploads/20170829_073816.jpg,"평일 08:00 ~ 23:00(아이스크림 마감 21:00)
주말 09:00 ~ 23:00(아이스크림 마감 21:00)",연중무휴,13테이블 26석,불가,,107912,603160
1654,2173,성남가천대역점,빽다방,경기도,"경기도 성남시 수정구 성남대로 1330, 일성오피스텔 105호",031-604-4414,https://theborndb.theborn.co.kr/wp-content/uploads/20170829_073758.jpg,08:00 ~ 21:00,연중무휴,5테이블 10석,지하주차장 이용 가능 (무료/10대),,101448,102428
1655,2172,선릉중앙점,빽다방,서울특별시,"서울시 강남구 선릉로86길 8, 1층",02-566-0708,https://theborndb.theborn.co.kr/wp-content/uploads/20230623_080750.jpg,"평일 06:30 ~ 22:30
주말 07:30 ~ 22:00",연중무휴,테이블 7개/ 좌석 14석,불가,,106807,602860
1656,2171,선릉역1호점,빽다방,서울특별시,서울특별시 강남구 테헤란로51길 10 정다운빌딩 102호,02-557-0410,https://theborndb.theborn.co.kr/wp-content/uploads/20211109_235459.jpg,"평일 07:30 ~ 19:00
주말 10:00 ~ 18:00",연중무휴,테이블 5개 / 좌석 10석,불가,,111622,603405
1657,2169,서초역점,빽다방,서울특별시,"서울시 서초구 서초대로 240, 동일하이빌 110호",02-522-0100,https://theborndb.theborn.co.kr/wp-content/uploads/20170828_101647.jpg,"평일 07:30 ~ 19:00
주말 09:00 ~ 18:00",명절 당일,테이블 4개 / 좌석 8석,불가,,107159,602971
1658,2167,서울대메트로빌점,빽다방,서울특별시,"서울특별시 관악구 남부순환로 1811 (봉천동, 신원메트로빌) 1층",02-875-0577,https://theborndb.theborn.co.kr/wp-content/uploads/20210630_080030.jpg,08:00 ~ 22:00,연중무휴,테이블 7개 / 좌석 14석,가능,,114239,603065
1659,2166,서울교대점,빽다방,서울특별시,"서울특별시 서초구 서초중앙로22길 25, 서초리시온 109호",02-586-0511,https://theborndb.theborn.co.kr/wp-content/uploads/20170828_101619.jpg,"월~토 07:30 ~ 21:00
일요일 08:00 ~ 21:00",연중무휴,테이블 8석 / 좌석 16석,불가,,111497,603555
1660,2165,서울과기대점,빽다방,서울특별시,"서울시 노원구 공릉로 217, 1층",02-949-0112,https://theborndb.theborn.co.kr/wp-content/uploads/20170824_032625.jpg,08:00 ~ 22:00(라스트오더 21:30),"명절(설, 추석)",3테이블 6석,불가,,108554,603385
1661,2164,순천연향점,빽다방,전라남도,"전라남도 순천시 연향상가8길 23, 1층",061-725-1223,https://theborndb.theborn.co.kr/wp-content/uploads/20170829_092351.jpg,08:30 ~ 23:00,연중무휴,13테이블 26석,불가,,106625,602846
1662,2163,순천신대1호점,빽다방,전라남도,전라남도 순천시 해룡면 신대2길 3,061-900-9800,https://theborndb.theborn.co.kr/wp-content/uploads/20230222_010656.png,08:30 ~ 22:00,연중무휴,테이블 18개 / 좌석 36석,불가,,109121,603570
1663,2161,수원천천롯데점,빽다방,경기도,"경기도 수원시 장안구 만석로19번길 25-3, 강민크리닉 106",031-268-8789,https://theborndb.theborn.co.kr/wp-content/uploads/20170829_075139.jpg,"월-목요일 08:30 ~ 19:00
금-토요일 08:30 ~ 20:00
일요일 09:30 ~ 19:00",명절 당일,5테이블 10석,불가,,100070,102139
1664,2160,수원정자백설점,빽다방,경기도,"경기도 수원시 장안구 정자천로173번길 17, 투대일타운 102",031-268-8777,https://theborndb.theborn.co.kr/wp-content/uploads/20170829_075119.jpg,"월~목 09:30 ~ 10:30
금~일 09:30 ~ 11:00
아이스크림 마감: 영업 종료 30분 전",명절 연휴,9테이블 18석,건물 주차장 이용 가능,,101108,102004
1665,2159,수원장안cgv점,빽다방,경기도,"경기도 수원시 장안구 경수대로940, 일호골든타워 108",031-239-3005,https://theborndb.theborn.co.kr/wp-content/uploads/20170829_094606.jpg,08:30 ~ 21:30,명절 당일,11테이블 22석,지하주차장 이용 가능,,100303,102076
1666,2158,수원인계중앙점,빽다방,경기도,경기도 수원시 인계로166번길 48-21,070-4147-3147,https://theborndb.theborn.co.kr/wp-content/uploads/20241129_090147.png,"평일 07:30 ~ 23:00
주말 08:00 ~ 23:00",연중무휴,테이블 11개 / 좌석 22석,가능(유료),,114400,603520
1667,2157,수원영통중앙점,빽다방,경기도,"경기도 수원시 청명남로 31, 키라레스토아 1층 105-1호",031-273-3885,https://theborndb.theborn.co.kr/wp-content/uploads/20170829_074913.jpg,"월~목 08:30 ~ 22:30
금~토 08:30 ~ 23:30
일요일 09:00 ~ 22:30",연중무휴,테이블 9개 / 좌석 19석,가능,,100006,602724
1668,2156,수원역점,빽다방,경기도,"경기도 수원시 팔달구 향교로 9-1, 1층",070-4131-2628,https://theborndb.theborn.co.kr/wp-content/uploads/20170829_074851.jpg,09:30 ~ 22:30,연중무휴,4테이블 8석,불가,,100767,101857
1669,2154,수원망포역점,빽다방,경기도,"경기도 수원시 영통구 덕영대로 1535, 현대프라자 112호",031-205-8959,https://theborndb.theborn.co.kr/wp-content/uploads/20170829_074723.jpg,07:00 ~ 22:00,연중무휴,테이블 11개 / 좌석 22석,가능,,114123,602813
1670,2153,수원금곡칠보점,빽다방,경기도,경기도 수원시 권선구 금곡로 100(금곡동 1082),031-292-4648,https://theborndb.theborn.co.kr/wp-content/uploads/20241227_052505.png,"월-토요일 08:30 ~ 20:30
일요일 09:00 ~ 18:00",연중무휴,테이블 1개 / 좌석 5석,가능,,114383,603548
1671,2152,수서역점,빽다방,서울특별시,"서울시 강남구 밤고개로1길 10, 수서현대벤처빌 109호",02-3412-4243,https://theborndb.theborn.co.kr/wp-content/uploads/20210528_070908.jpg,"평일 07:00 ~ 20:00
주말 09:00 ~ 20:00",명절 연휴,테이블 5개 / 좌석 13석,불가,,110865,102090
1672,2151,수내역초림점,빽다방,경기도,"경기도 성남시 분당구 백현로101번길 17, 초림프라자 1층",031-717-0811,https://theborndb.theborn.co.kr/wp-content/uploads/20170829_073856.jpg,08:00 ~ 22:00,연중무휴,7테이블 14석,지하주차장 이용 가능,,101086,102165
1673,2148,송도학원가점,빽다방,인천광역시,"인천광역시 연수구 신송로 161(송도 더 하이츠, 106호)",032-831-4496,https://theborndb.theborn.co.kr/wp-content/uploads/20210119_011302.jpg,09:00 ~ 22:00,연중무휴,9테이블 18석,가능,,100234,
1674,2147,송도월드마크점,빽다방,인천광역시,"인천광역시 연수구 컨벤시아대로 116, 103호",032-834-4801,https://theborndb.theborn.co.kr/wp-content/uploads/20170829_071921.jpg,"월-토요일 08:30 ~ 20:00
일요일 09:30 ~ 20:00",연중무휴,테이블 3개 / 좌석 5석,가능(지하주차장),,114035,102042
1675,2146,송도글로벌1호점,빽다방,인천광역시,"인천광역시 연수구 송도문화로28번길 28, 204동 1층 4-130호(송도동, 송도글로벌캠퍼스푸르지오)",032-811-1107,https://theborndb.theborn.co.kr/wp-content/uploads/20230327_065818.png,"평일 07:30 ~ 20:30
주말 08:00 ~ 20:30
라스트오더 20:00",연중무휴,테이블 7개 / 좌석 11석,건물 내 주차장,,108621,603397
1676,2145,송내역법조타운점,빽다방,경기도,"경기도 부천시 원미구 부일로221번길 46, 1층",032-323-3050,https://theborndb.theborn.co.kr/wp-content/uploads/20170824_072005.jpg,"평일 07:00 ~ 19:00
토요일/공휴일 09:00 ~ 17:00",일요일,3테이블 8석,불가,,108648,603432
1677,2144,안산선부산호점,빽다방,경기도,"경기도 안산시 단원구 선부광장1로 66, 용현빌딩 104",031-405-5995,https://theborndb.theborn.co.kr/wp-content/uploads/20230623_081002.jpg,"평일 07:00 ~ 22:30
주말 08:00 ~ 22:30",연중무휴,테이블 4개 / 좌석 8석,불가,,113937,102001
1678,2142,안산본오주공점,빽다방,경기도,"경기도 안산시 상록구 샘골로 189,1층",031-418-9875,https://theborndb.theborn.co.kr/wp-content/uploads/20230130_074640.jpg,08:00 ~ 23:00,연중무휴,24테이블 41석,불가,,100667,101889
1679,2141,안산고잔월드점,빽다방,경기도,"경기도 안산시 단원구 광덕대로 174, 월드타운 1층",031-439-0410,https://theborndb.theborn.co.kr/wp-content/uploads/20230802_100823.jpg,08:00 ~ 21:30,연중무휴,테이블 6개 / 좌석 11석,가능,,106809,602862
1680,2140,안산고잔롯데점,빽다방,경기도,"경기도 안산시 단원구 광덕대로 145, 강희그랜드오피스텔 106호",031-411-3574,https://theborndb.theborn.co.kr/wp-content/uploads/20170829_085342.jpg,"평일 08:00 ~ 22:30
주말 09:00 ~ 22:30","구정, 추석 당일",10테이블 12석,가능,,100029,102274
1681,2138,안동옥동센터점,빽다방,경상북도,"경상북도 안동시 광명로 171-1, 1층",054-852-3157,https://theborndb.theborn.co.kr/wp-content/uploads/20170829_095041.jpg,"평일 08:30 ~ 21:00
주말 09:00 ~ 21:00",연중무휴,15테이블 28석,불가,,100141,101778
1682,2137,안동문화의거리점,빽다방,경상북도,"경상북도 안동시 서동문로 184-1, 1층",054-855-6566,https://theborndb.theborn.co.kr/wp-content/uploads/20170829_090952.jpg,"평일 10:00 ~ 20:30
주말 10:00 ~ 20:00",연중무휴,테이블 13개 / 좌석 26석,불가,,113695,101856
1683,2136,아차산점,빽다방,서울특별시,"서울시 광진구 천호대로129길 17, 1층",02-3437-3377,https://theborndb.theborn.co.kr/wp-content/uploads/20170824_032928.jpg,08:00 ~ 22:30,연중무휴,4테이블 8석,불가,,100198,101963
1684,2133,아산신용화점,빽다방,충청남도,충청남도 아산시 용화고길 55번길 21,041-544-0046,https://theborndb.theborn.co.kr/wp-content/uploads/20240828_052902.png,08:30 ~ 22:00,연중무휴,테이블 10개 / 좌석 22석,불가,,114798,603363
1685,2132,아산배방점,빽다방,충청남도,충남 아산시 배방읍 배방로 25 1층,041-910-0167,https://theborndb.theborn.co.kr/wp-content/uploads/20230828_080522.jpg,09:00 ~ 22:00,연중무휴,테이블 8개 / 좌석 16석,건물 주차장 이용,,100109,101942
1686,2131,신촌역점,빽다방,서울특별시,"서울시 서대문구 연세로2길 6, 1층",02-363-3284,https://theborndb.theborn.co.kr/wp-content/uploads/20170829_011408.jpg,"평일 07:10 ~ 20:15
주말 08:10 ~ 20:15",명절 당일,16테이블 32석,불가,,100023,102205
1687,2130,신중동역점,빽다방,경기도,"경기도 부천시 길주로 307, 로얄프라자 107",032-329-0913,https://theborndb.theborn.co.kr/wp-content/uploads/20170824_072157.jpg,"월~토 08:00 ~ 21:30
일요일/공휴일 09:00~22:00",연중무휴,13테이블 26석,가능,,108363,603325
1688,2128,신림역1호점,빽다방,서울특별시,서울 관악구 신림동 1639-8 1층,02-887-8833,https://theborndb.theborn.co.kr/wp-content/uploads/20170829_010316.jpg,"일 ~ 월 09:00 ~ 21:45
토요일 09:00 ~ 22:15",명절 당일,6테이블 8석,불가,,103909,101877
1689,2127,시흥정왕옥구점,빽다방,경기도,경기도 시흥시 옥구상가2길 3,031-434-1255,https://theborndb.theborn.co.kr/wp-content/uploads/20241106_032522.png,08:00 ~ 21:30,연중무휴,테이블 8개 / 좌석 16석,가능,,114324,603142
1690,2126,시흥정왕로데오점,빽다방,경기도,경기도 시흥시 정왕동 1738-1 로즈프라자 1층,031-434-2007,https://theborndb.theborn.co.kr/wp-content/uploads/20240812_055449.png,08:00 ~ 23:00,연중무휴,테이블 10개 / 좌석 12석,불가,,107489,603060
1691,2124,여의도시범상가점,빽다방,서울특별시,"서울특별시 영등포구 63로 45, 시범상가 7동 13호",02-761-6916,https://theborndb.theborn.co.kr/wp-content/uploads/20170829_010420.jpg,07:00 ~ 22:00,연중무휴,테이블 2 / 좌석 3,아파트 단지 주차장,,110001,101839
1692,2121,양재역점,빽다방,서울특별시,"서울시 강남구 남부순환로 2615, 극동스타클래스 104호",02-575-0824,https://theborndb.theborn.co.kr/wp-content/uploads/20240405_085110.png,"평일 07:30 ~ 19:30
주말 08:00 ~ 18:00",연중무휴,테이블 5개 / 좌석 10석,"가능(매장 이용 시, 2시간 무료)",,113844,603482
1693,2120,압구정역점,빽다방,서울특별시,강남구 신사동 압구정로 156,02-3446-0410,https://theborndb.theborn.co.kr/wp-content/uploads/20250212_085225.png,"평일 08:00 ~ 19:00
토요일 08:00 ~ 18:00",일요일,테이블 4개 / 좌석 8석,불가,,114500,602901
1694,2118,안양평촌학원가점,빽다방,경기도,경기 안양시 동안구 평촌대로 130 신세기프라자 109호,031-385-5585,https://theborndb.theborn.co.kr/wp-content/uploads/20170829_012547.jpg,"평일 09:30 ~ 22:30
주말 10:00 ~ 22:30",연중무휴,15테이블 30석,불가,,109448,603700
1695,2117,안양역점,빽다방,경기도,"경기도 안양시 만안구 만안로 224, 1층",031-466-6260,https://theborndb.theborn.co.kr/wp-content/uploads/20241223_003425.png,08:00 ~ 22:00(아이스크림 마감 21:00),명절 당일,테이블 6개 / 좌석 12석,불가,,101154,102077
1696,2116,안양비산점,빽다방,경기도,안양시 동안구 비산동 관악대로 177,031-384-0513,https://theborndb.theborn.co.kr/wp-content/uploads/20170829_012444.jpg,10:00 ~ 21:30,설날 당일,3테이블 10석,15대 가능,,102772,101772
1697,2115,안양남부시장점,빽다방,경기도,"경기도 안양시 만안구 안양로 259, 1층",031-446-3494,https://theborndb.theborn.co.kr/wp-content/uploads/20170829_012216.jpg,"평일 07:00 ~ 22:00
주말 08:00 ~ 22:00",연중무휴,5테이블 10석,불가,,106806,602859
1698,2114,안양관양타워점,빽다방,경기도,"경기도 안양시 동안구 관악대로287번길 33, 1층",031-385-7890,https://theborndb.theborn.co.kr/wp-content/uploads/20170829_012157.jpg,08:00 ~ 22:00,연중무휴,테이블 4개 / 좌석 8석,불가,,114753,602819
1699,2113,안양일번가점,빽다방,경기도,"경기도 안양시 만안구 장내로139번길 35, 1층",031-443-2119,https://theborndb.theborn.co.kr/wp-content/uploads/20250424_085427.png,"일~목 09:30 ~ 23:00
금~토 09:30 ~ 23:30",연중무휴,테이블 4개 / 좌석 8석,불가,,114685,101728
1700,2112,안암역점,빽다방,서울특별시,"서울시 성북구 인촌로 99-7, 1층",02-925-3246,https://theborndb.theborn.co.kr/wp-content/uploads/20170824_033238.jpg,"평일 07:50 ~ 17:00
토요일 09:00 ~ 17:00",일요일 및 공휴일,테이블 7개 / 좌석 14석,불가,,101525,102172
1701,2110,안성공도골드점,빽다방,경기도,"경기도 안성시 공도읍 공도로 132, 골드일번가 113호",031-618-6367,https://theborndb.theborn.co.kr/wp-content/uploads/20200403_034347.jpg,09:00 ~ 19:30,연중무휴,테이블 12개 / 좌석 16석,가능,,109652,603769
1702,2109,안산한대앞역점,빽다방,경기도,경기도 안산시 상록구 광덕1로 369,031-408-0403,https://theborndb.theborn.co.kr/wp-content/uploads/20170829_094739.jpg,"월-목요일 08:00 ~ 22:00
금-일요일 08:00 ~ 23:00",연중무휴,8테이블 23석,건물 주차장 이용 가능,,107167,602983
1703,2108,안산초지풍림점,빽다방,경기도,"경기 안산시 단원구 광덕1로 64 (초지동, 현대프라자) 1층",031-482-0410,https://theborndb.theborn.co.kr/wp-content/uploads/20231127_031538.jpg,"일-목요일 08:30 ~ 21:30
금-토요일 08:30 ~ 22:00",연중무휴,테이블 11개 / 좌석 22석,불가,,114740,101994
1704,2107,안산중앙역점,빽다방,경기도,경기도 안산시 단원구 중앙대로 907 안산종합상가 1동1117호,031-439-4333,https://theborndb.theborn.co.kr/wp-content/uploads/20231124_031219.jpg,08:00 ~ 22:30,연중무휴,테이블 8개 / 좌석 16석,건물 내 주차장 이용 가능(유료),,100730,101740
1705,2106,안산중앙역남부점,빽다방,경기도,경기도 안산시 단원구 광덕4로 234 115호,031-481-9361,https://theborndb.theborn.co.kr/wp-content/uploads/20231011_020211.jpg,"월-토요일 07:00 ~ 21:30
일요일 08:00 ~ 20:00",연중무휴,테이블 8개 / 좌석 16석,불가,,114720,603225
1706,2105,안산원곡보성점,빽다방,경기도,"경기도 안산시 단원구 원초로 30, 보성프라자 108-1호",031-405-5288,https://theborndb.theborn.co.kr/wp-content/uploads/20230224_070008.png,"월~토요일 07:30 ~ 22:30
일요일 07:30 ~ 22:00",연중무휴,좌석 12석,불가,,101520,102334
1707,2104,수지구청점,빽다방,경기도,경기도 용인시 수지구 풍덕천로 144-1 102호,031-306-7000,https://theborndb.theborn.co.kr/wp-content/uploads/111.jpg,09:00 ~ 21:00,연중무휴,테이블 10개 / 좌석 20석,불가,,109123,603566
1708,2103,용인처인중앙점,빽다방,경기도,"경기도 용인시 처인구 금령로 90번길 3-4, 1층 (김량장동)",031-338-9146,https://theborndb.theborn.co.kr/wp-content/uploads/20191230_083801.jpg,"평일 08:30 ~ 23:00
주말 09:00 ~ 23:00",연중무휴,테이블 10개 / 좌석 20석,불가,,110003,603646
1709,2102,용인기흥구청점,빽다방,경기도,"경기도 용인시 관곡로64번길 18, 모닝프라자 108",031-285-1366,https://theborndb.theborn.co.kr/wp-content/uploads/20250207_074546.png,"평일 07:00 ~ 22:00
주말 07:30 ~ 22:00",연중무휴,테이블 10개 / 좌석 20석,"건물주차장 1시간 무료(4,000원 이상 구매시)",,114504,603337
1710,2101,용인강남대점,빽다방,경기도,"경기도 용인시 기흥구 강남로 3, 강남앤플러스 124호",031-274-8002,https://theborndb.theborn.co.kr/wp-content/uploads/20170829_074030.jpg,"월~금 08:30 ~ 22:30
토요일 08:00 ~ 22:30
일요일 08:00 ~ 22:00
아이스크림 마감: 21:00",명절 당일,12테이블 27석,가능,※ 토요일 영업시간은 08:30 ~ 23:00 / 일요일 영업시간은 08:30 ~ 22:00입니다.,100825,102327
1711,2100,용산문배점,빽다방,서울특별시,서울시 용산구 백범로 90길 74,02-703-0410,https://theborndb.theborn.co.kr/wp-content/uploads/20190808_072909.png,"평일 07:30 ~ 22:30
주말 09:00 ~ 23:00",명절 당일,24테이블 45석,불가,,108500,603374
1712,2099,용산국방부점,빽다방,서울특별시,서울특별시 용산구 이태원로 4길 14,02-749-4631,https://theborndb.theborn.co.kr/wp-content/uploads/20170824_033624.jpg,"평일 05:40 ~ 20:30
주말 07:00 ~ 19:00",연중무휴,4테이블 8석,불가,,106250,602763
1713,2096,오창호수공원점,빽다방,충청북도,"충청북도 청주시 청원구 오창읍 중심상업1로 50, 1층",043-215-1525,https://theborndb.theborn.co.kr/wp-content/uploads/20190430_010740.png,09:00 ~ 22:00,연중무휴,7테이블 10석,불가,,108627,603418
1714,2095,오산역점,빽다방,경기도,경기 오산시 대원로 14 명동빌딩 1층,070-8264-0927,https://theborndb.theborn.co.kr/wp-content/uploads/20220701_082701.jpg,08:00 ~ 21:00,연중무휴,테이블 11개 / 좌석 22석,"가능 (건물주차장 이용가능-유료, SUV 금지)",,112236,101770
1715,2094,오산시청점,빽다방,경기도,"경기도 오산시 오산동 운암로 35 , 1층 104호",031-378-1751,https://theborndb.theborn.co.kr/wp-content/uploads/20250314_083837.png,"월~토 08:00 ~ 21:00
일요일 09:00 ~ 21:00",연중무휴,테이블 7개 / 좌석 14석,가능,,114574,101844
1716,2093,오금역점,빽다방,서울특별시,"서울시 송파구 오금로 306, 가락스타클래스 111호",02-2043-8500,https://theborndb.theborn.co.kr/wp-content/uploads/20170828_102301.jpg,"평일 06:30 ~ 20:30
토요일 06:30 ~ 18:30
일요일 08:00 ~ 18:30",연중무휴,9테이블 18석,가능 (1시간 이용),,108232,603280
1717,2091,영주하망동점,빽다방,경상북도,경상북도 영주시 영주로 231(하망동 345-30),054-633-6788,https://theborndb.theborn.co.kr/wp-content/uploads/20170829_091010.jpg,"평일 07:30 ~21:00
일요일 08:30 ~ 21:00",연중무휴,13테이블 22석,불가,,109111,603547
1718,2090,영등포신세계점,빽다방,서울특별시,서울시 영등포구 영중로 5,02-2635-4320,https://theborndb.theborn.co.kr/wp-content/uploads/20170829_010502.jpg,"평일 07:00 ~ 21:50
주말 08:00 ~ 21:50",연중무휴,없음,불가,,102641,102126
1719,2089,연신내역점,빽다방,서울특별시,"서울시 은평구 연서로29길 6, 1층",02-389-2682,https://theborndb.theborn.co.kr/wp-content/uploads/20170829_011440.jpg,08:00 ~ 22:00,연중무휴,테이블 3개 좌석 6석,불가,,107657,603089
1720,2086,역삼역GS점,빽다방,서울특별시,"서울시 강남구 봉은사로30길 73, 1층",02-565-0410,https://theborndb.theborn.co.kr/wp-content/uploads/20170828_102158.jpg,07:30 ~ 18:00,"주말, 공휴일",없음,불가,,101664,102430
1721,2084,은평초교점,빽다방,서울특별시,"서울시 은평구 은평로 235, 1층",02-353-1082,https://theborndb.theborn.co.kr/wp-content/uploads/20170829_011504.jpg,08:00 ~ 23:00,연중무휴,없음,불가,,114982,
1722,2083,월곡역점,빽다방,서울특별시,"서울시 성북구 화랑로 91, 1층",02-6369-2666,https://theborndb.theborn.co.kr/wp-content/uploads/20170824_033757.jpg,"평일 07:00 ~ 22:00
주말 09:00 ~ 22:00",연중무휴,8테이블 16석,불가,,100762,102258
1723,2082,원효용문시장점,빽다방,서울특별시,서울특별시 용산구 새창로 132,02-6223-3994,https://theborndb.theborn.co.kr/wp-content/uploads/20170824_033706.jpg,"평일 08:00 ~ 22:00
주말 및 공휴일 08:00 ~ 21:00",연중무휴,테이블 12개/ 좌석21석,불가,,108027,603193
1724,2081,원주중앙1호점,빽다방,강원도,"강원도 원주시 무실로12번길 31, 1층",033-748-7787,https://theborndb.theborn.co.kr/wp-content/uploads/20170829_065623.jpg,09:00 ~ 21:00,연중무휴,26테이블 51석,불가 (주변 유료주차장 이용 가능),,101575,101625
1725,2080,원주장미공원점,빽다방,강원도,"강원도 원주시 장미공원길 32, G2타워 101",033-747-8900,https://theborndb.theborn.co.kr/wp-content/uploads/20170829_065446.jpg,"일~목 08:00 ~ 24:00
금,토 08:00 ~ 익일 01:00",명절 당일,6테이블 12석,불가,,107636,603069
1726,2079,원주단구GS점,빽다방,강원도,"강원도 원주시 남원로534번길 20, 1층",033-762-3123,https://theborndb.theborn.co.kr/wp-content/uploads/20170829_065419.jpg,09:00 ~ 21:00(아이스크림 마감 19:30),연중무휴,25테이블 47석,지하주차장 이용 가능,,101579,102045
1727,2078,원광대점,빽다방,전라북도,"전라북도 익산시 무왕로4길 4, 1층",063-852-5089,https://theborndb.theborn.co.kr/wp-content/uploads/20170829_092537.jpg,08:30 ~ 22:00,구정/추석 당일,7테이블 14석,불가,,107168,602986
1728,2076,울산일산점,빽다방,울산광역시,"울산시 동구 일산진11길 23, 1층",052-252-9002,https://theborndb.theborn.co.kr/wp-content/uploads/20170829_091341.jpg,10:00 ~ 22:00,명절 당일,8테이블 16석,공용주차장,,101480,102196
1729,2071,울산삼산현대점,빽다방,울산광역시,울산광역시 남구 돋질로 302번길 17,070-7743-0410,https://theborndb.theborn.co.kr/wp-content/uploads/20200630_022829.png,09:00 ~ 22:00,연중무휴,3테이블 6석,불가,마지막 주문은 마감 30분 전,100038,102029
1730,2067,우장산역점,빽다방,서울특별시,"서울시 강서구 강서로 245, 1층",02-2601-1119,https://theborndb.theborn.co.kr/wp-content/uploads/20170829_010518.jpg,08:00 ~ 22:00,명절 당일,7테이블 14석,불가,,100712,102152
1731,2066,용인죽전누리점,빽다방,경기도,"경기도 용인시 기흥구 죽전로 20, 108호(보정동, 누리애뜰상가)",031-898-0933,https://theborndb.theborn.co.kr/wp-content/uploads/20241031_013832.png,09:00 ~ 22:00,연중무휴,테이블 11개 / 좌석 20석,불가,,111396,603596
1732,2063,인천굴포천역점,빽다방,인천광역시,"인천 부평구 길주로647번길 20, 삼성프라자 101호",032-519-6536,https://theborndb.theborn.co.kr/wp-content/uploads/20170824_072529.jpg,08:00 ~ 23:00,연중무휴,테이블 5개 / 10 좌석,불가,,112172,603597
1733,2062,인천구월아시아점,빽다방,인천광역시,"인천광역시 남동구 인하로 607, 모아프라자 106호",032-464-9289,https://theborndb.theborn.co.kr/wp-content/uploads/20210930_085705.jpg,08:00 ~ 21:00,연중무휴,테이블 7개 / 좌석 13석,가능(유료),,114160,603327
1734,2061,인천구월NC점,빽다방,인천광역시,"인천광역시 남동구 인하로 497-9, 1층 101호(구월동, 신현프라자)",032-433-3600,https://theborndb.theborn.co.kr/wp-content/uploads/20220509_001248.jpg,07:00 ~ 23:00,연중무휴,테이블 4개 / 좌석 8석,불가,,112084,102130
1735,2060,인천구월CGV점,빽다방,인천광역시,"인천광역시 남동구 예술로 198, CGV 홈플러스 1층",032-446-0410,https://theborndb.theborn.co.kr/wp-content/uploads/20220509_001035.jpg,"평일 08:40 ~ 22:00
주말 09:50 ~ 22:00",연중무휴,없음,불가,,112083,102019
1736,2057,인천간석벽산점,빽다방,인천광역시,"인천시 남동구 호구포로 921, 청산빌딩 101호",032-432-0410,https://theborndb.theborn.co.kr/wp-content/uploads/20240806_061934.png,"평일 08:30 ~ 21:00(라스트오더 20:40)
주말 09:00 ~ 21:00(라스트오더 20:40)",연중무휴,테이블 10개 / 좌석 16석,가능,,112578,603396
1737,2056,인천가좌한신점,빽다방,인천광역시,"인천시 서구 장고개로337번길 16, 한신휴플러스상가 401-117",032-577-9185,https://theborndb.theborn.co.kr/wp-content/uploads/20170829_072025.jpg,08:00 ~ 19:00,연중무휴,없음,불가,,100079,102423
1738,2055,인제대점,빽다방,경상남도,"경상남도 김해시 인제로 187, 1층",055-324-4748,https://theborndb.theborn.co.kr/wp-content/uploads/20170829_090718.jpg,"평일 10:00 ~ 22:00
주말 10:00 ~ 22:00",연중무휴,9테이블 18석,불가,,108315,603303
1739,2054,인덕원역우정점,빽다방,경기도,"경기도 안양시 동안구 관악대로 480, 우정빌딩 104",031-422-1102,https://theborndb.theborn.co.kr/wp-content/uploads/20241213_075022.png,"월~금 07:30 ~ 21:30
일요일 08:00 ~ 21:30",연중무휴,테이블 4개 / 좌석 8석,가능,※ 일요일 영업시간은 07:00 ~ 22:00 입니다.,108157,603242
1740,2053,익산영등제일점,빽다방,전라북도,"전라북도 익산시 고봉로30길 4, 1층",063-831-0030,https://theborndb.theborn.co.kr/wp-content/uploads/20220809_044511.jpg,"평일 08:00 ~ 22:00
주말 08:00 ~ 21:00",연중무휴,테이블 10개 / 좌석 23석,4대 가능,,112369,102098
1741,2050,의정부센트럴점,빽다방,경기도,"경기도 의정부시 시민로 80, 센트럴타워 A-110호",031-870-2230,https://theborndb.theborn.co.kr/wp-content/uploads/20190808_072400.png,"월~토 08:00 ~ 22:00
일요일 09:00 ~ 21:30",연중무휴,테이블 3개 / 좌석 6석,가능,,100601,
1742,2049,의정부로데오점,빽다방,경기도,"경기도 의정부시 호국로1298번길 77, 1층",031-848-6869,https://theborndb.theborn.co.kr/wp-content/uploads/20170824_034007.jpg,"일~수 09:00 ~ 20:00
목~토 09:00 ~ 21:00",연중무휴,테이블 2개 / 좌석 4석,불가,,109341,603643
1743,2048,의정민락위드점,빽다방,경기도,경기도 의정부시 오목로205번길 22,031-851-5929,https://theborndb.theborn.co.kr/wp-content/uploads/20170824_033911.jpg,10:00 ~ 22:00,연중무휴,9테이블 13석,가능,,100204,102318
1744,2047,의왕계원예대점,빽다방,경기도,"경기도 의왕시 계원대학로 40, 1층",031-421-0447,https://theborndb.theborn.co.kr/wp-content/uploads/20190809_011428.png,"평일 08:30 ~ 18:00
주말 09:00 ~ 18:00",공휴일,테이블 14개 / 좌석 21석,불가,,101127,102275
1745,2046,응암역이마트점,빽다방,서울특별시,"서울시 은평구 은평로 101, 1층",02-6408-6603,https://theborndb.theborn.co.kr/wp-content/uploads/20240130_022835.jpg,"평일 08:00 ~ 22:30
주말/공휴일 09:00 ~ 22:30",연중무휴,테이블 2개 / 좌석 4석,불가,※ 주말 영업시간은 09:00 ~ 22:30 입니다.,110095,102117
1746,2044,잠실새내점,빽다방,서울특별시,"서울시 송파구 백제고분로7길 45, 1층",02-420-8838,https://theborndb.theborn.co.kr/wp-content/uploads/20240416_023842.png,"평일 07:30 ~ 22:00
주말 07:30 ~ 23:00",명절 당일,테이블 6개 / 좌석 7석,불가,,100827,101866
1747,2043,일산후곡9단지점,빽다방,경기도,"경기도 고양시 일산서구 일산로 559, 성일빌딩1층",031-922-5999,https://theborndb.theborn.co.kr/wp-content/uploads/20170829_011708.jpg,09:00 ~ 22:30,명절 당일,2테이블 6석,불가,,108156,603241
1748,2042,일산주엽역점,빽다방,경기도,"경기도 고양시 일산서구 강성로 121, 일산삼회프라자 113",031-924-5894,https://theborndb.theborn.co.kr/wp-content/uploads/20170829_011652.jpg,"평일 07:30 ~ 22:00
아이스크림 마감 21:30",연중무휴,테이블 2개 / 좌석 4석,불가,,101556,102070
1749,2041,일산라페스타점,빽다방,경기도,"경기도 고양시 일산동구 무궁화로 31-2, 풍성프라자 108",031-926-3471,https://theborndb.theborn.co.kr/wp-content/uploads/20240828_023545.png,"평일 07:30 ~ 22:30
토요일 08:00 ~ 22:30
일요일 08:30 ~ 22:00",연중무휴,테이블 8개 / 좌석 19석,가능,,114193,102041
1750,2040,일산동구청점,빽다방,경기도,경기도 고양시 일산동구 정발산로 38 이스턴시티 122호,031-932-1994,https://theborndb.theborn.co.kr/wp-content/uploads/20170829_011610.jpg,07:00 ~ 18:30,"2,4주차 일요일 및 명절 당일",테이블 10개 / 좌석 20석,상가 주차장 이용 가능 (1시간 무료),,101079,101692
1751,2039,인하대점,빽다방,인천광역시,인천광역시 인하로77번길 29,032-872-6555,https://theborndb.theborn.co.kr/wp-content/uploads/20170829_094007.jpg,"평일 10:00 ~ 21:00
(아이스크림 마감 20:00)
주말,공휴일 09:00 ~ 22:30
(아이스크림 마감 20:00)",연중무휴,없음,불가,,107631,603058
1752,2038,인천청라진영점,빽다방,인천광역시,"인천시 서구 청라라임로 71, 진영메디피아 1층",070-8211-0074,https://theborndb.theborn.co.kr/wp-content/uploads/20240604_022155.png,07:30 ~ 21:50,연중무휴,테이블 9개 / 좌석 18석,불가,,114125,602753
1753,2037,인천차이나타운점,빽다방,인천광역시,"인천시 중구 차이나타운로 24-2, 1층",032-777-2891,https://theborndb.theborn.co.kr/wp-content/uploads/20170829_072934.jpg,"평일 10:30 ~ 17:00
주말,공휴일 10:30 ~ 18:30",연중무휴,없음,불가,,100240,102313
1754,2036,인천연수점,빽다방,인천광역시,인천광역시 연수구 먼우금로188번길 12,032-812-1219,https://theborndb.theborn.co.kr/wp-content/uploads/20170829_093944.jpg,"평일 08:30 ~ 20:30
토요일 08:30 ~ 21:00
일요일 09:00 ~ 21:00",연중무휴,테이블 13개 / 좌석 22석,불가,,102987,101622
1755,2035,인천신포시장점,빽다방,인천광역시,인천광역시 중구 신포동 64-3,032-762-1788,https://theborndb.theborn.co.kr/wp-content/uploads/20211125_084206.jpg,07:30 ~ 21:00,연중무휴,테이블 31개 / 좌석 75석,불가 (인근 공영주차장 이용 가능),,100138,101986
1756,2034,인천신기시장점,빽다방,인천광역시,"인천시 남구 인하로 259, 1층",032-876-9910,https://theborndb.theborn.co.kr/wp-content/uploads/20170829_072436.jpg,08:00 ~ 23:00,명절 당일,7테이블 14석,불가,,100219,102296
1757,2033,인천송도점,빽다방,인천광역시,"인천광역시 연수구 컨벤시아대로 81, 드림시티 1층",032-858-0410,https://theborndb.theborn.co.kr/wp-content/uploads/20170829_072414.jpg,"평일 07:30 ~ 21:00
토요일 08:00 ~ 21:00
일요일 08:00 ~ 19:00
(아이스크림 마감 월~토 19시, 일요일 18시)","구정, 추석 당일",테이블 9개 / 좌석 18석,지하주차장 이용 가능 (지하 2~3층),,100932,101750
1758,2032,인천서창e편한점,빽다방,인천광역시,"인천시 남동구 서창남로 50, 1층",032-466-5384,https://theborndb.theborn.co.kr/wp-content/uploads/20170829_072305.jpg,"평일 07:30 ~ 21:00
주말 08:00 ~ 21:00",연중무휴,테이블 8개 / 좌석 16석,불가,,114896,
1759,2031,인천모래내시장점,빽다방,인천광역시,"인천광역시 남동구 구월로 268, 1층 103호",032-464-5219,https://theborndb.theborn.co.kr/wp-content/uploads/20170829_071828.jpg,"월~토 08:30 ~ 21:30
일요일 09:30 ~ 21:30",명절 당일,테이블 8개 / 좌석 16석,불가,,103987,102269
1760,2030,인천만수1호점,빽다방,인천광역시,인천광역시 남동구 만수로 59,032-246-2207,https://theborndb.theborn.co.kr/wp-content/uploads/20240613_064651.png,08:00 ~ 22:00,연중무휴,테이블 7개 /  좌석 18석,불가,,114019,603701
1761,2029,인천라피에스타점,빽다방,인천광역시,"인천시 남동구 논고개로 61, 라피에스타 168호",032-435-7955,https://theborndb.theborn.co.kr/wp-content/uploads/20190812_072209.png,10:00 ~ 21:00,연중무휴,테이블 4개 / 좌석 10석,가능,,114479,603029
1762,2028,인천동암역북부점,빽다방,인천광역시,"인천광역시 부평구 열우물로 39, 1층",032-424-7837,https://theborndb.theborn.co.kr/wp-content/uploads/20240417_062647.png,"월~토 08:00 ~ 22:00
일요일 09:00 ~ 22:00",연중무휴,테이블 19개 / 좌석 38석,불가,,114003,102384
1763,2027,인천논현역점,빽다방,인천광역시,"인천광역시 남동구 논고개로 93, 1층 109호(논현동, 보미리즌텔)",0507-1307-3147,https://theborndb.theborn.co.kr/wp-content/uploads/20220902_003007.jpg,08:00 ~ 21:00,연중무휴,테이블 8개 / 좌석 16석,불가,,115083,
1764,2026,인천논현역2호점,빽다방,인천광역시,"인천시 남동구 논고개로123번길 17, 아이플렉스 134-1호",032-426-0207,https://theborndb.theborn.co.kr/wp-content/uploads/20241125_072905.png,"평일 08:00 ~ 21:00
주말 09:00 ~ 21:00",명절당일,테이블 10개 / 좌석 20석,인천논현역 주차장,,110350,101961
1765,2025,인천남동초교점,빽다방,인천광역시,"인천시 남동구 장승남로 41, 101호",032-463-1343,https://theborndb.theborn.co.kr/wp-content/uploads/20170829_072210.jpg,09:00 ~ 21:30,명절당일,10테이블 20석,불가,,100165,101911
1766,2023,제천중앙로점,빽다방,충청북도,"충청북도 제천시 의림대로14길 2, 1층",043-651-7111,https://theborndb.theborn.co.kr/wp-content/uploads/20170829_065704.jpg,"평일 09:00 ~ 19:00
공휴일 09:00 ~ 19:00",명절 당일,14석,불가,,108077,603227
1767,2022,제주중앙여고점,빽다방,제주도,제주특별자치도 제주시 남광로2길 43-13,070-8814-6545,https://theborndb.theborn.co.kr/wp-content/uploads/20170829_085847.jpg,"평일 08:00 ~ 20:00
주말 및 공휴일 10:00 ~ 20:00",매월 마지막주 월요일,테이블 11개 / 좌석 24석,"도로변 주,정차 가능",,104057,101758
1768,2020,서귀포시청점,빽다방,제주도,제주특별자치도 서귀포시 중앙로 109. 1층,064-762-6451,https://theborndb.theborn.co.kr/wp-content/uploads/20220713_004248.jpg,"평일 08:00 ~ 21:00
주말/공휴일 09:00 ~ 19:00",연중무휴,테이블 14개 / 좌석 23석,매장 옆 주차 가능,,112305,101972
1769,2019,제주삼화부영점,빽다방,제주도,"제주도 제주시 화삼북로 135, 1층",064-723-5479,https://theborndb.theborn.co.kr/wp-content/uploads/20251208_021317.jpg,"주중 08:30 ~ 22:00
주말 10:00 ~ 22:00",연중무휴,스터디좌석 10개 / 테이블 14개 / 좌석 28석,불가,,109285,
1770,2018,제주대학로점,빽다방,제주도,"제주도 제주시 광양8길 12-1, 1층",070-4010-2808,https://theborndb.theborn.co.kr/wp-content/uploads/20250306_085547.png,09:30 ~ 22:00,연중무휴,테이블 9개 / 좌석 18석,불가,,114543,101890
1771,2016,제주노형뜨란채점,빽다방,제주도,제주특별자치도 제주시 수덕로 41 (1층),064-711-5538,https://theborndb.theborn.co.kr/wp-content/uploads/20251222_043005.jpg,09:00 ~ 21:00,연중무휴,테이블 9개 / 좌석 18석,불가,,114956,
1772,2015,정왕역점,빽다방,경기도,"경기도 시흥시 마유로 418번길 10, 104호",031-433-7714,https://theborndb.theborn.co.kr/wp-content/uploads/20231004_020246.jpg,07:30 ~ 23:00,연중무휴,테이블 9개 / 좌석 20석,건물 주차장 이용 가능(유료),,112364,603501
1773,2014,정릉시장점,빽다방,서울특별시,"서울특별시 성북구 보국문로 50, 1층",070-4151-0229,https://theborndb.theborn.co.kr/wp-content/uploads/20190808_071412.png,08:00 ~ 22:00,연중무휴,테이블 11개 / 좌석 22석,가능,,108776,603475
1774,2012,전주서신롯데점,빽다방,전라북도,"전라북도 전주시 완산구 새터로 122-23, 1층",063-251-8989,https://theborndb.theborn.co.kr/wp-content/uploads/20170829_095428.jpg,08:30 ~ 19:00,연중무휴,테이블 16개 / 좌석 32석,불가,,115107,
1775,2011,전주객사1호점,빽다방,전라북도,"전라북도 전주시 완산구 전주객사5길 44-6, 1층",063-283-2911,https://theborndb.theborn.co.kr/wp-content/uploads/20170829_092653.jpg,08:30 ~ 21:00,연중무휴,8테이블 16석,불가,,109490,103714
1776,2010,전북도청타운점,빽다방,전라북도,"전라북도 전주시 완산구 홍산중앙로 33, O&J빌딩 102",063-223-1021,https://theborndb.theborn.co.kr/wp-content/uploads/20200630_020934.jpg,"일~목요일 10:00 ~ 23:20
금~토 10:00 ~ 00:20",연중무휴,테이블 21개 / 좌석 48석,불가,,109796,102216
1777,2009,전북대1호점,빽다방,전라북도,"전라북도 전주시 덕진구 권삼득로 301, 1층",063-272-3235,https://theborndb.theborn.co.kr/wp-content/uploads/20170829_092612.jpg,08:00 ~ 24:00,연중무휴,16테이블 27석,불가,,102765,101950
1778,2008,전남대후문점,빽다방,광주광역시,"광주시 북구 우치로90번길 16, 1층",062-261-9228,https://theborndb.theborn.co.kr/wp-content/uploads/20241205_091913.png,09:30 ~ 21:00,연중무휴,테이블 8개 / 좌석 16석,불가,,114384,101894
1779,2007,장한평역점,빽다방,서울특별시,"서울시 동대문구 천호대로85길 7, 1층",02-2216-0410,https://theborndb.theborn.co.kr/wp-content/uploads/20170824_034146.jpg,"평일 07:30 ~ 22:00
토요일 08:30 ~ 20:00
일요일,공휴일 08:30 ~ 19:00",일요일,테이블 8개 / 좌석 16석,불가,,107101,602938
1780,2006,잠실장미상가점,빽다방,서울특별시,"서울시 송파구 올림픽로35길 104, 잠미종합상가 A상가 110호",02-419-4999,https://theborndb.theborn.co.kr/wp-content/uploads/20170828_102445.jpg,"평일 07:30 ~ 18:30
주말 08:00 ~ 21:00",연중무휴,5테이블 10석,가능 (1시간 무료),,100728,101759
1781,2005,잠실역지하도점,빽다방,서울특별시,서울시 송파구 올림픽로 265 잠실역지하쇼핑센터 B-12호,02-413-2016,https://theborndb.theborn.co.kr/wp-content/uploads/20221021_074702.jpg,"평일 07:00 ~ 20:30
토요일 08:00 ~ 20:00","매주 일요일 / 매월 첫째, 셋째주 월요일",1테이블 2석,불가,,100740,102185
1782,2003,천안쌍용월봉점,빽다방,충청남도,"충청남도 천안시 서북구 월봉로 84, 월봉메디컬빌딩 105호",041-576-5858,https://theborndb.theborn.co.kr/wp-content/uploads/20240311_051138.png,08:00 ~ 22:00,연중무휴,테이블 5개 / 좌석 10석,불가,,113731,102110
1783,2002,천안신부점,빽다방,충청남도,충남 천안시 동남구 먹거리 11길 40,041-522-9052,https://theborndb.theborn.co.kr/wp-content/uploads/20230623_080234.jpg,08:00 ~ 22:00,연중무휴,테이블 10개 / 좌석 20석,불가,,100435,101900
1784,2001,천안두정중앙점,빽다방,충청남도,"충청남도 천안시 서북구 두정로 166, 1층",041-562-5552,https://theborndb.theborn.co.kr/wp-content/uploads/20170829_070924.jpg,08:00 ~ 22:00,연중무휴,테이블 5개 / 좌석 10석,5대 가능,,110005,102160
1785,2000,천안구성점,빽다방,충청남도,"충청남도 천안시 동남구 충절로 292, 1층",041-567-5858,https://theborndb.theborn.co.kr/wp-content/uploads/20170829_093436.jpg,09:00 ~ 22:00,명절 당일,23테이블 46석,70대 가능,,101171,101923
1786,1999,창원합성1호점,빽다방,경상남도,경남 창원시 마산회원구 합성남7길 6 (합성동),055-297-2237,https://theborndb.theborn.co.kr/wp-content/uploads/20250321_084722.png,08:00 ~ 24:00,연중무휴,테이블 3개 / 좌석 6석,불가,,114582,603255
1787,1997,창원상남시장점,빽다방,경상남도,"경상남도 창원시 성산구 마디미로 39, 1층",055-281-3715,https://theborndb.theborn.co.kr/wp-content/uploads/20170829_091540.jpg,10:00 ~ 23:00,연중무휴,5테이블 10석,불가,,100525,101920
1788,1995,창원메트로시티점,빽다방,경상남도,"경상남도 창원시 마산회원구 삼호로 80, 메트로시티상가 B동 1층",055-251-0266,https://theborndb.theborn.co.kr/wp-content/uploads/20170829_091446.jpg,"월 ~ 토 09:30 ~ 21:00
일요일 10:00 ~ 21:00",연중무휴,8테이블 10석,상가 주차장 이용 가능,,107651,603081
1789,1993,진주로데오점,빽다방,경상남도,"경상남도 진주시 촉석로186번길 6, 1층",055-790-9388,https://theborndb.theborn.co.kr/wp-content/uploads/20170829_095056.jpg,09:00 ~ 22:00,연중무휴,13테이블 36석,불가,,101464,102194
1790,1992,진주경상대1호점,빽다방,경상남도,"경상남도 진주시 진주대로 516번길 6-1, 1층/2층(103호/ 201호)",055-757-1236,https://theborndb.theborn.co.kr/wp-content/uploads/20170829_091421.jpg,"월~토 08:30 ~ 22:30
일요일 정기휴무",일요일,테이블 40 / 좌석 89,지하주차장 이용 가능,진주경상대학교 정문 건너편 가좌1공원 앞,100083,102099
1791,1990,중랑역동부시장점,빽다방,서울특별시,"서울시 중랑구 망우로32길 14, 1층",02-432-1077,https://theborndb.theborn.co.kr/wp-content/uploads/20170824_035152.jpg,08:00 ~ 21:00,연중무휴,5 테이블 10석,불가,,100215,102373
1792,1989,중계은행사거리점,빽다방,서울특별시,"서울시 노원구 한글비석로 235, 1층",02-932-0410,https://theborndb.theborn.co.kr/wp-content/uploads/20170824_035049.jpg,09:00 ~ 22:00(아이스크림 마감 21:00),연중무휴,테이블 6개 / 좌석 8석,불가,,100619,102648
1793,1988,주안역점,빽다방,인천광역시,"인천 미추홀구 주안로 100, 1층",032-423-4262,https://theborndb.theborn.co.kr/wp-content/uploads/20170829_094030.jpg,"월~토 07:00 ~ 21:00
일요일 08:00 ~ 21:00",연중무휴,Take-out 매장 (테이블 및 좌석 없음),불가,,112222,101921
1794,1987,종암사거리점,빽다방,서울특별시,"서울시 성북구 종암로 132, 우림카이저팰리스 상가 111호",02-998-8934,https://theborndb.theborn.co.kr/wp-content/uploads/20170824_034307.jpg,"평일 08:00 ~ 22:00
토요일 08:00 ~ 21:00
일요일 09:00 ~ 21:00",연중무휴,테이블 11개 / 좌석 22석,가능,,102345,102289
1795,1985,종로관철점,빽다방,서울특별시,"서울시 종로구 종로10길 21,1층",02-720-0102,https://theborndb.theborn.co.kr/wp-content/uploads/20170828_102506.jpg,"평일 07:30 ~ 22:30
토요일 08:30 ~ 22:30
일요일 11:00 ~ 21:00",연중무휴,테이블 5개 / 좌석 10석,불가,,102625,101824
1796,1984,평택이충점,빽다방,경기도,"경기도 평택시 이충로35번길 22, 뜨란프라자 102호",031-668-9007,https://theborndb.theborn.co.kr/wp-content/uploads/20230210_012455.jpg,08:00 ~ 21:30,연중무휴,"테이블 12개, 좌석 24석",불가,,106319,602754
1797,1983,평택소사벌1호점,빽다방,경기도,"경기도 평택시 평남로 929, 1층 107호(비전동,우리타워)",031-618-1518,https://theborndb.theborn.co.kr/wp-content/uploads/20211207_083921.jpg,08:30 ~ 21:00,연중무휴,테이블 10개 / 좌석 20석,가능,,114450,101870
1798,1982,평택로데오점,빽다방,경기도,경기도 평택시 평택2로 10번길 34 (평택동),031-651-7877,https://theborndb.theborn.co.kr/wp-content/uploads/20220211_060137.jpg,09:30 ~ 22:00,연중무휴,테이블 12개 / 좌석 24석,불가,,112399,102647
1799,1981,평촌역금강점,빽다방,경기도,"경기도 안양시 동안구 시민대로 311, 금강스마트빌딩 1층",031-346-0272,https://theborndb.theborn.co.kr/wp-content/uploads/20220712_043702.jpg,"평일 07:30 ~ 21:00
토요일 08:00 ~ 21:00
일요일 08:30 ~ 21:00
공휴일 08:00 ~ 21:00",연중무휴,22테이블 22석,가능,,108622,603399
1800,1980,평촌CGV점,빽다방,경기도,"경기도 안양시 동안구 관평로170번길 33, 1층",031-388-5020,https://theborndb.theborn.co.kr/wp-content/uploads/20170829_012620.jpg,"일-목요일 08:00 ~ 22:00
금-토요일 08:00 ~ 23:00",연중무휴,,불가,"※ 금, 토요일 영업시간은 08:00 ~ 24:00 입니다.",107802,603145
1801,1979,평내호평역점,빽다방,경기도,"경기도 남양주시 늘을2로 32, 호평프라자 113호",031-559-5455,https://theborndb.theborn.co.kr/wp-content/uploads/20170829_093232.jpg,09:30 ~ 22:00,연중무휴,14테이블 17석,불가,,100887,101888
1802,1978,판교유스페이스점,빽다방,경기도,"경기도 성남시 분당구 대왕판교로 660, 유스페이스 1층 134호",031-628-1789,https://theborndb.theborn.co.kr/wp-content/uploads/20210423_094523.jpg,"평일 07:00 ~ 22:00
토요일 10:00 ~ 18:00",일요일,테이블 11개 / 좌석 22석,지하주차장 이용 가능,,110741,602970
1803,1977,파주금릉역점,빽다방,경기도,"경기도 파주시 금빛로 24, 1층 우평프라자 105호",031-944-1917,https://theborndb.theborn.co.kr/wp-content/uploads/20220225_020721.jpg,08:00 ~ 23:00,연중무휴,없음,가능,,114637,101931
1804,1976,통영시립도서관점,빽다방,경상남도,경상남도 통영시 무전3길 14,055-643-7913,https://theborndb.theborn.co.kr/wp-content/uploads/20170829_091638.jpg,10:00 ~ 21:00,연중무휴,24테이블 50석,불가,,100834,102212
1805,1975,탐라도서관점,빽다방,제주도,"제주도 제주시  노형6길 27, 1층",064-625-3100,https://theborndb.theborn.co.kr/wp-content/uploads/20170829_085906.jpg,08:00 ~ 20:00,연중무휴,테이블 12개/ 좌석 30석,가능,,101335,102081
1806,1973,충북대중문점,빽다방,충청북도,"충청북도 청주시 서원구 내수동로 101, 1~2층",043-266-1007,https://theborndb.theborn.co.kr/wp-content/uploads/20170829_070022.jpg,"평일 08:00 ~ 24:00 /아이스크림 마감 21:00 /라스트오더 23:30
주말 09:00 ~ 24:00/ 아이스크림 마감 21:30/ 라스트오더 23:30","일요일, 명절연휴",테이블 16개 / 바테이블 4개 / 좌석 42석,불가,,112547,101881
1807,1972,충남대후문점,빽다방,대전광역시,대전시 유성구 궁동로18번길 37,042-826-1131,https://theborndb.theborn.co.kr/wp-content/uploads/20241010_032945.png,11:00 ~ 21:00,연중무휴,테이블 13개 / 좌석 26석,불가,,100642,101969
1808,1971,춘천석사CGV점,빽다방,강원도,"강원도 춘천시 지석로 85, 강남프라자 101호",033-261-8701,https://theborndb.theborn.co.kr/wp-content/uploads/20170829_093216.jpg,09:00 ~ 22:30,연중무휴,1테이블 2석,지하주차장 이용 가능,,100866,102125
1809,1970,춘천명동점,빽다방,강원도,"강원특별자치도 춘천시 중앙로67번길 18 (죽림동, 브라운가) 1층 제1105호",033-242-0410,https://theborndb.theborn.co.kr/wp-content/uploads/20170829_065954.jpg,09:30 ~ 20:30,연중무휴,테이블 10개 / 좌석 16석,매장 이용시 1시간 무료 주차 가능,,108636,603416
1810,1969,청주중앙공원점,빽다방,충청북도,"충청북도 청주시 상당구 상당로59번길 13, 1층",043-225-1122,https://theborndb.theborn.co.kr/wp-content/uploads/20170829_065855.jpg,월-토요일 08:30 ~ 19:00,매주 일요일,테이블 3개 / 좌석 6석,불가,,108091,603235
1811,1966,천호역롯데점,빽다방,서울특별시,"서울시 강동구 천호옛길 94, 1층",02-474-0410,https://theborndb.theborn.co.kr/wp-content/uploads/20220818_022407.jpg,08:00 ~ 22:00,연중무휴,테이블 2개 / 좌석 4석,불가,,112444,101943
1812,1965,천호역로데오점,빽다방,서울특별시,"서울시 강동구 올림픽로70길 57, 1층",02-477-0066,https://theborndb.theborn.co.kr/wp-content/uploads/20170828_102539.jpg,09:00 ~ 23:00,연중무휴,5테이블 12석,불가,,100231,102075
1813,1963,화정역점,빽다방,경기도,"경기도 고양시 덕양구 화신로272번길 58, 1층 107호",031-973-6310,https://theborndb.theborn.co.kr/wp-content/uploads/20200821_074147.jpg,"평일 08:00 ~ 22:00
주말 09:00 ~ 22:00",연중무휴,테이블 10 / 좌석 20,영플라자 건물 내 주차장 1시간 무료,,106612,602815
1814,1962,화성삼성점,빽다방,경기도,"경기도 화성시 효행로 1289, 일동 1층 일부호(반월동)",031-225-7773,https://theborndb.theborn.co.kr/wp-content/uploads/20170829_093558.jpg,"평일 11:00 ~ 19:00
주말 11:00 ~ 17:00",연중무휴,테이블 6개 / 좌석 12석,30대 가능,,111267,101721
1815,1961,화성병점점,빽다방,경기도,"경기도 화성시 효행로 1028, 섬성프라자 1층",031-225-0990,https://theborndb.theborn.co.kr/wp-content/uploads/20251002_014339.png,09:00 ~ 22:00(아이스크림 마감 21:00),명절 당일,10테이블 20석,불가,,108031,603210
1816,1960,홍제삼거리점,빽다방,서울특별시,"서울시 서대문구 통일로 426, 1층",02-732-0410,https://theborndb.theborn.co.kr/wp-content/uploads/20170829_011916.jpg,"평일 08:00 ~ 20:00
주말 09:00 ~ 20:00",명절 당일,테이블 6개 / 좌석 12석,불가,,106320,602755
1817,1959,홍성로데오점,빽다방,충청남도,충청남도 홍성군 홍성읍 아문길29번길 56 (오관리) 1층,041-631-1627,https://theborndb.theborn.co.kr/wp-content/uploads/20170829_092909.jpg,08:30 ~ 21:00,매월 둘째주 월요일,테이블 27개 / 좌석 54석,매장 앞 잠시 정차 또는 오관사거리 공영주차장 이용,,111535,102419
1818,1958,홍대입구점,빽다방,서울특별시,서울 마포구 와우산로23길 44 (서교동) 1층,0507-2093-3429,https://theborndb.theborn.co.kr/wp-content/uploads/20231130_030938.jpg,08:00 ~ 21:00,연중무휴,없음,불가,,114990,
1819,1955,해운대역리베라점,빽다방,부산광역시,부산광역시 해운대구 구남로29번길 32,051-743-5004,https://theborndb.theborn.co.kr/wp-content/uploads/20211117_044822.png,"평일 08:30 ~ 18:00
주말 09:00 ~ 20:30",연중무휴,테이블 15개 / 좌석 30석,불가,,114374,603044
1820,1954,한티역점,빽다방,서울특별시,"서울시 강남구 도곡로 405, 1층",02-501-7750,https://theborndb.theborn.co.kr/wp-content/uploads/20170828_102741.jpg,08:00 ~ 22:00,연중무휴,7테이블 18석,지하주차장 이용 가능,,108301,603287
1821,1953,한양대점,빽다방,서울특별시,"서울시 성동구 마조로 21, 1층",02-2297-3234,https://theborndb.theborn.co.kr/wp-content/uploads/20170824_050343.jpg,08:30 ~ 23:00,연중무휴,테이블 7개 / 좌석 14석,불가,,100248,101919
1822,1951,포항죽도시장점,빽다방,경상북도,경상북도 포항시 중앙로 256-3,054-246-1508,https://theborndb.theborn.co.kr/wp-content/uploads/20170829_091804.jpg,09:00 ~ 21:00,명절 당일,4테이블 8석,불가,,100001,102014
1823,1950,포천송우중앙점,빽다방,경기도,"경기 포천시 소흘읍 송우로 80, 황금프라자 , 1층",031-543-3255,https://theborndb.theborn.co.kr/wp-content/uploads/20170824_050311.jpg,10:00 ~ 22:00,연중무휴,테이블 5개/ 좌석 10석,불가,,112583,102254
1824,1949,시흥거모점,빽다방,경기도,경기도 시흥시 군자로 517-1,031-508-0159,https://theborndb.theborn.co.kr/wp-content/uploads/20170829_085238.jpg,08:00 ~ 22:00,연중무휴,없음,불가,,101391,102413
1825,1947,남대문시장점,빽다방,서울특별시,서울시 중구 퇴계로 37,02-772-9750,https://theborndb.theborn.co.kr/wp-content/uploads/20170824_031152.jpg,"평일 06:30 ~ 18:00
토요일 08:00 ~ 15:00",일요일,없음,불가,,100128,102426
1826,1946,시흥대야롯데점,빽다방,경기도,경기도 시흥시 비둘기공원7길 51,031-312-7093,https://theborndb.theborn.co.kr/wp-content/uploads/20170829_094723.jpg,07:00 ~ 22:00,구정 당일,11테이블 22석,불가,,100838,102414
1827,1945,대구침산점,빽다방,대구광역시,대구광역시 북구 침산로 168,053-242-1252,https://theborndb.theborn.co.kr/wp-content/uploads/20190314_064537.png,09:00 ~ 21:30,연중무휴,12테이블 24석,불가,,111707,603650
1828,1944,청주성안롯데점,빽다방,충청북도,"충청북도 청주시 상당구 성안로 13, 씨유멀티플렉스 1004호",043-221-5991,https://theborndb.theborn.co.kr/wp-content/uploads/20210730_075955.jpg,"평일 08:30 ~ 22:00
주말 10:00 ~ 22:00",연중무휴,없음,불가,,111141,102064
1829,1943,제주제원점,빽다방,제주도,제주도 제주시 신광로 56,064-747-2451,https://theborndb.theborn.co.kr/wp-content/uploads/20170829_094827.jpg,"일~금 09:30 ~ 23:00
토요일 09:30 ~ 20:00
아이스크림 마감 19:00",연중무휴,5테이블 10석,불가,,107949,603167
1830,1941,천안성정롯데점,빽다방,충청남도,충청남도 천안시 서부3길 77,041-565-5800,https://theborndb.theborn.co.kr/wp-content/uploads/20170829_093516.jpg,08:00 ~ 21:00,연중무휴,테이블 9개 / 좌석 18석,불가,,100861,102442
1831,1940,세종시정부청사점,빽다방,세종특별자치시,세종특별자치시 도움8로 11-11,044-866-7563,https://theborndb.theborn.co.kr/wp-content/uploads/20170824_065630.jpg,"평일 08:00 ~ 21:00
주말 09:00 ~ 20:00",연중무휴,테이블 11개 / 좌석 22석,가능,,108784,603486
1832,1939,파주교하중앙점,빽다방,경기도,경기도 파주시 청석로 262,031-945-3354,https://theborndb.theborn.co.kr/wp-content/uploads/20190808_071242.png,08:30 ~ 22:00,연중무휴,7테이블 16석,가능,,103512,102434
1833,1938,마곡역GMG점,빽다방,서울특별시,강서구 마곡중앙6로 16 마곡지엠지타워 1층,02-2061-4246,https://theborndb.theborn.co.kr/wp-content/uploads/20250417_090315.png,"평일 07:30 ~ 21:00(라스트오더 20:50)
주말 08:30 ~ 19:00(라스트오더 18:50)",연중무휴,테이블 13개 / 좌석 30석,가능,,114651,102431
1834,1937,서울숲역점,빽다방,서울특별시,서울 성동구 왕십리로 100,02-499-8242,https://theborndb.theborn.co.kr/wp-content/uploads/20190830_075653.png,"평일 08:00 ~ 21:00
토요일 07:30 ~ 19:30
일요일 08:30 ~ 19:30",연중무휴,테이블 2개 / 좌석 4석,불가,,113890,603536
1835,1936,청주가경골드점,빽다방,충청북도,"충청북도 청주시 흥덕구 가경로 9-22, 골드프라자 108호",043-232-1860,https://theborndb.theborn.co.kr/wp-content/uploads/20211207_070935.jpg,09:00 ~ 21:30(라스트오더 21:30),연중무휴,테이블 10개 / 좌석 20석,가능,,111717,102461
1836,1935,당진문예의전당점,빽다방,충청남도,"충청남도 당진시 시청1로 77, 1층",041-357-7947,https://theborndb.theborn.co.kr/wp-content/uploads/20250306_082805.png,"평일 08:00 ~ 22:00
일요일 및 공휴일 08:30 ~ 22:00",명절 당일,테이블 12개 / 좌석 26석,가능,,100124,102466
1837,1934,명지대점,빽다방,서울특별시,서울특별시 서대문구 거북골로 19,02-302-4495,https://theborndb.theborn.co.kr/wp-content/uploads/20170829_011217.jpg,10:00 ~ 22:00,명절 당일,8테이블 16석,불가,,100900,102472
1838,1933,면목역점,빽다방,서울특별시,"서울시 중랑구 겸재로 178, 1층",02-6014-5368,https://theborndb.theborn.co.kr/wp-content/uploads/20221202_065923.jpg,"월~토 08:00 ~ 15:50
일요일 09:00 ~ 15:50",명절 당일,테이블 2개 / 좌석 4석,불가,,102474,102471
1839,1932,광주태전점,빽다방,경기도,경기도 광주시 고불로 56,031-797-9721,https://theborndb.theborn.co.kr/wp-content/uploads/20250117_083801.png,08:00 ~ 21:30,연중무휴,테이블 7개 / 좌석 14석,가능,,114451,102480
1840,1931,고속터미널지하점,빽다방,서울특별시,서울시 서초구 신반포로 188 고속터미널 지하 5호매장,02-594-0410,https://theborndb.theborn.co.kr/wp-content/uploads/20220906_043638.jpg,"월~토 09:00 ~ 18:00
일요일 10:00 ~ 18:00",연중무휴,테이블 17개 / 좌석 46석 (바테이블 3개),불가,,112510,603518
1841,1930,대전관저중앙점,빽다방,대전광역시,대전광역시 서구 관저로 157,042-541-0773,https://theborndb.theborn.co.kr/wp-content/uploads/20170824_050930.jpg,10:00 ~ 22:00,연중무휴,8테이블 16석,1대 가능,,100049,102495
1842,1929,대전중앙로지하점,빽다방,대전광역시,"대전시 중구 중앙로 지하145, 중앙로지하상가 C구역 가열 14호",042-242-9090,https://theborndb.theborn.co.kr/wp-content/uploads/20170824_063240.jpg,09:00 ~ 22:00,연중무휴,없음,불가,,100704,102494
1843,1928,야탑역대덕점,빽다방,경기도,경기 성남시 분당구 성남대로 926번길 6 야탑대덕프라자 1층,031-701-5221,https://theborndb.theborn.co.kr/wp-content/uploads/20250528_055408.jpg,"평일 08:10 ~ 21:30
주말 09:10 ~ 21:30",연중무휴,테이블 8개 / 좌석 16석,1대 가능,,114722,102499
1844,1926,인천옥련점,빽다방,인천광역시,인천광역시 연수구 독배로 35 106호,032-833-5298,https://theborndb.theborn.co.kr/wp-content/uploads/20190710_021901.jpg,08:00 ~ 23:00,연중무휴,4테이블 8석,불가,,106450,602797
1845,1924,망원시장점,빽다방,서울특별시,서울특별시 마포구 월드컵로13길 34,02-332-2740,https://theborndb.theborn.co.kr/wp-content/uploads/20170829_011157.jpg,"월~토 08:00 ~ 22:00
일요일 08:30 ~ 22:00",연중무휴,10테이블 20석,불가,,107703,603107
1846,1923,수원역전시장점,빽다방,경기도,"경기도 수원시 팔달구 덕영대로 931-1, 1층",031-252-0330,https://theborndb.theborn.co.kr/wp-content/uploads/20170829_074827.jpg,"월-목 07:00 ~ 20:30
금요일 07:00 ~ 21:00
토요일 07:30 ~ 21:00
일요일 08:00 ~ 20:30",연중무휴,4테이블 8석,불가,,100237,102518
1847,1921,화성수원대점,빽다방,경기도,경기 화성시 봉담읍 와우로 108,031-224-2238,https://theborndb.theborn.co.kr/wp-content/uploads/20230623_081216.jpg,"평일 09:00 ~ 21:00
주말/공휴일 10:00 ~ 21:00",연중무휴,테이블 7개 / 좌석 15석,불가,※ 위치는 수원대학교에서 봉담임광그대가아파트 방향 직선거리 100m 입니다.,100121,102521
1848,1920,시흥월곶점,빽다방,경기도,경기도 시흥시 월곶동 1014-3 101호,031-404-7316,https://theborndb.theborn.co.kr/wp-content/uploads/20170829_085257.jpg,08:00 ~ 22:00(아이스크림 마감 21:00),연중무휴,26테이블 52석,불가,,101092,102528
1849,1919,남양주덕소점,빽다방,경기도,"경기도 남양주시 와부읍 덕소로 88, 1층",031-521-7674,https://theborndb.theborn.co.kr/wp-content/uploads/20170829_065148.jpg,"평일 08:30 ~ 20:30
주말 09:00 ~ 20:30",연중무휴,테이블 4개 / 좌석 8석,불가,※ 위치는 덕소삼거리에서 도보1분 입니다.,100284,102529
1850,1917,군산수송점,빽다방,전라북도,"전라북도 군산시 동수송안길 21, 1층",063-471-0401,https://theborndb.theborn.co.kr/wp-content/uploads/20200706_063212-e1594017205602.png,09:00 ~ 24:00,연중무휴,테이블 5개 / 좌석 10석,불가,※ 위치는 군산 수송동 롯데마트 후문 도보 100m 이내 입니다.,109881,603578
1851,1916,대전역점,빽다방,대전광역시,"대전시 동구 대전로815번길 3, 1층",042-226-0454,https://theborndb.theborn.co.kr/wp-content/uploads/20170824_062414.jpg,07:00 ~ 22:00,연중무휴,10테이블 20석,불가,※ 위치는 대전역 2번 출구 건너편 부근 입니다.,100905,102540
1852,1915,분당미금역천사점,빽다방,경기도,경기도 성남시 분당구 성남대로 165,031-716-3888,https://theborndb.theborn.co.kr/wp-content/uploads/20220308_085420.jpg,07:30 ~ 21:00,연중무휴,테이블 10개 / 좌석 20석,가능,※ 위치는 지하철 분당선 미금역 8번 출구 바로 앞 입니다.,114484,102536
1853,1914,울산남목초교점,빽다방,울산광역시,"울산시 동구 동해안로 28, 1층",052-235-4003,https://theborndb.theborn.co.kr/wp-content/uploads/20170829_091050.jpg,"평일 10:00 ~ 21:00
주말 10:00 ~ 21:30",명절 당일,없음,불가,,108721,603455
1854,1912,용인동백쥬네브점,빽다방,경기도,"경기도 용인시 기흥구 동백중앙로 283, 골드프라자 D121호",031-274-1366,https://theborndb.theborn.co.kr/wp-content/uploads/20170829_074116.jpg,08:00 ~ 23:00,연중무휴,테이블 7개 / 좌석 14석,가능,,100172,102572
1855,1910,청량리역점,빽다방,서울특별시,"서울시 동대문구 왕산로 209, 1층",02-3293-0032,https://theborndb.theborn.co.kr/wp-content/uploads/20170824_035248.jpg,"월~토 08:00 ~ 21:00
일요일 09:00 ~ 20:00
공휴일 08:00 ~ 20:00
(라스트오더 20시)",연중무휴,테이블 8개 / 좌석 12석,불가,,101040,102548
1856,1908,동탄솔빛나루점,빽다방,경기도,"경기도 화성시 동탄중앙로 76, 서건프라자 109호 1층",031-8003-0402,https://theborndb.theborn.co.kr/wp-content/uploads/20240926_074809.png,09:00 ~ 21:30,명절당일,테이블 7개 / 좌석 14석,가능,,101451,102573
1857,1906,신대방삼거리점,빽다방,서울특별시,서울특별시 동작구 국사봉1길 28,02-825-5077,https://theborndb.theborn.co.kr/wp-content/uploads/20251030_020409.jpg,"월~토 08:00 ~ 21:00
일요일, 공휴일 09:00 ~ 21:00",연중무휴,테이블 10개 / 좌석 20석,건물 주차장 이용 가능,,111103,102584
1858,1905,충남대병원점,빽다방,대전광역시,대전광역시 중구 계룡로920번길 36,042-220-5901,https://theborndb.theborn.co.kr/wp-content/uploads/20241213_075113.png,"월~토 06:30 ~ 24:00
일요일 07:00 ~ 24:00",연중무휴,테이블 20개 / 좌석 30석,불가,,100706,102585
1859,1904,태평로점,빽다방,서울특별시,"서울시 중구 세종대로 82, 1층",02-318-3323,https://theborndb.theborn.co.kr/wp-content/uploads/20170824_035742.jpg,"월-토요일 07:30 ~ 19:00
일요일 10:00 ~ 17:00",매주 일요일,,불가,,100084,102580
1860,1903,구미상모점,빽다방,경상북도,"경상북도 구미시 상사서로 77, 1층",054-465-5460,https://theborndb.theborn.co.kr/wp-content/uploads/20170829_012908.jpg,"월-토요일 08:00 ~ 22:00
일요일 09:00 ~ 22:00",연중무휴,없음,불가,,100022,102582
1861,1902,천안불당중앙점,빽다방,충청남도,"충청남도 천안시 서북구 검은들3길 58, 매가클래스블루 1층",041-556-0410,https://theborndb.theborn.co.kr/wp-content/uploads/20170829_070953.jpg,08:00 ~ 22:00,연중무휴,테이블 3개 / 좌석  6석,불가,,110857,602869
